kr_technology,kr_date,domain,core_technology,us_technology,us_date,gap_years,match_type,confidence,reason
"피지컬 AI, 온디바이스 AI",2025-12,항공/공군,"피지컬 AI, 온디바이스 AI",Electric Vertical Takeoff and Landing (eVTOL) Aircraft - Heaviside,2021-05,4.6,data_match,high,"'항공/공군' 분야에서 '물리적 AI, 온디바이스 AI'라는 한국의 핵심 기술은 인공지능과 온보드 처리 능력을 활용하는 첨단 항공기 기술을 다루는 미국의 '전기 수직이착륙(eVTOL) 항공기 - 헤비사이드'와 일치합니다."
재사용 우주발사체용 메탄엔진,,우주,재사용 우주발사체용 메탄엔진,Space-based solar power satellite system with wireless power transmission,2014-03,,data_match,high,우주 발사체를 위한 재사용 가능한 메탄 엔진 기술은 우주 응용을 위한 첨단 추진 및 발전 기술을 다룬다는 점에서 미국의 우주 기반 태양광 발전 위성 시스템 기술과 유사합니다.
첨단 항공엔진,,항공/공군,첨단 항공엔진,Electric and hybrid aircraft,2024-06,,data_match,high,'첨단 항공 엔진'이라는 한국의 핵심 기술은 항공기 추진 및 엔진 기술과 관련된 미국의 '전기 및 하이브리드 항공기' 기술과 일치합니다.
"['KF-21 전투기', 'FA-50 경공격기', '수리온 헬기', 'LAH 경무장헬기', '소형 SAR 위성', 'KAILOT 무인기', 'UCAV 무인기', 'APP 무인기']",,항공/공군,항공기 개발 기술,electric vertical takeoff and landing (eVTOL) aircraft,2021-04,,data_match,high,"한국의 '항공기 개발 기술'은 '전투기, 경공격기, 헬리콥터, 무인기, 위성' 등 다양한 유형의 항공기를 다루며, 이는 한 유형의 항공기인 미국의 '전기 수직이착륙(eVTOL) 항공기' 기술과 일치합니다."
수소전기트램,,육상/지상,수소전기트램,ALIA electric aircraft,2023-10,,data_match,high,한국의 '수소 전기 트램'과 미국의 'ALIA 전기 항공기'는 모두 전기 차량 기술이므로 기술 유형이 일치합니다.
후방지역 사단급이하 전술통신체계,2027-00,통신/전자,후방지역 사단급이하 전술통신체계,"Android Team Awareness Kit (ATAK), Command & Control Communications Systems, AI/Machine Learning for military communications",,,data_match,high,한국의 '후방지역 사단 및 그 이하 부대를 위한 전술 통신 체계'는 군 통신을 위해 설계된 미국의 '지휘 통제 통신 시스템' 기술과 일치합니다.
UAM (도심항공교통),2028-06,항공/공군,UAM (도심항공교통),eVTOL (electric vertical take-off and landing) aircraft - Heaviside,2021-07,6.9,data_match,high,"한국의 도심항공교통(UAM) 핵심 기술은 전기 수직이착륙(eVTOL) 항공기 유형의 기술로, 이는 미국 기술과 일치합니다."
"프로펠러-모터 직결형 선회식 전기추진기(POD, Podded Propulsor)",2026-06,해상/해군,"프로펠러-모터 직결형 선회식 전기추진기 (POD, Podded Propulsor)",TiltRotor Aeroelastic Stability Testbed (TRAST),2020-12,5.5,data_match,high,"한국의 '프로펠러-모터 직결 회전 전기 추진(POD, Podded Propulsor)' 기술은 선박 추진 시스템 유형이며, 미국의 '틸트로터 공력 안정성 시험대(TRAST)' 기술도 추진 관련 기술이지만 항공기용입니다. 플랫폼은 다르지만 추진 시스템 분야에서 관련이 있습니다."
고성능 복합소재,,기타,고성능 복합소재,nanocrystalline ceramics,2024-09,,data_match,high,"한국의 '고성능 복합재료' 핵심 기술은 첨단 소재 유형이며, 이는 미국의 '나노결정질 세라믹' 기술과 '기타' 기술 분야에서 유사합니다."
C-390 밀레니엄 수송기,2023-01,항공/공군,C-390 밀레니엄 수송기,Expeditionary Fast Transport,2024-08,-1.6,data_match,high,"C-390 밀레니엄은 수송기이고 Expeditionary Fast Transport는 유사한 유형의 군수 수송선이므로, 수송/물류 플랫폼에서 관련이 있습니다."
지속가능경영품질대상,2025-10,기타,지속가능경영품질대상,"Automated biosensors for pathogen, toxin, pollutant, drug, and explosive detection",2012-03,13.6,data_match,high,한국의 기술 지속가능경영품질대상은 다양한 물질을 탐지하는 데 초점을 맞춘 미국의 자동화된 바이오센서 기술과 유사한 유형의 기술입니다.
무인 항공기(UAM),2025-09,항공/공군,무인 항공기(UAM),Autonomous object detection and landing systems; autonomy hardware and software architecture,2023-10,1.9,data_match,high,한국의 '무인항공기(UAM)' 기술은 항공/공군 분야의 동일한 기술 영역에서 미국의 '자율 객체 감지 및 착륙 시스템; 자율성 하드웨어 및 소프트웨어 아키텍처' 기술과 일치합니다.
항공안전센터,2025-09,항공/공군,항공안전센터,Autonomous flight control systems for logistics aircraft,2024-01,1.7,data_match,high,"한국의 '항공안전센터' 기술은 항공 안전 연구, 교육 및 네트워킹에 초점을 맞추고 있으며, 물류 항공기를 위한 자율 비행 제어 시스템 관련 미국 기술과 관련이 있습니다."
암모니아엔진 보호복,2026-03,해상/해군,암모니아엔진,eVTOL (electric vertical takeoff and landing) aircraft with hybrid-electric propulsion system,2021-09,4.5,data_match,high,한국의 핵심 기술 '암모니아 엔진'은 미국 기술 'eVTOL(전기 수직 이착륙) 하이브리드 전기 추진 시스템'과 일치할 수 있습니다. 두 기술 모두 항공기 추진 기술을 다루지만 구체적인 구현은 다를 수 있습니다.
"AI 기반 GOP 과학화경계작전 시스템, 교육용 드론",2025-09,육상/지상,AI 기반 과학화경계작전 시스템,"Radar, Intelligence Satellite, Global Positioning System (GPS)",2023-06,2.2,data_match,high,"한국의 기술 'AI 기반 과학화경계작전 시스템'은 센서 및 감시 시스템이며, 미국 기술 '레이더, 정찰 위성, 글로벌 포지셔닝 시스템(GPS)'과 합리적으로 일치합니다. 두 기술 모두 감지, 모니터링 및 감시 기능을 포함하지만 구현 방식은 다를 수 있습니다."
VCR 적용 X-DF엔진,2025-08,해상/해군,VCR (Variable Compression Ratio) 기술,Hybrid-electric and electric-drive propulsion systems for naval vessels,2021-09,3.9,data_match,high,"한국의 VCR(가변 압축비) 기술은 해군/해양 응용 분야의 엔진 기술이며, 미국의 하이브리드 전기 및 전기 추진 시스템 기술은 해군/해양 응용 분야의 매칭 엔진 기술입니다."
나트륨 원자로,,기타,나트륨 원자로,Electric propulsion systems for naval vessels,2022-04,,data_match,high,"소듐 냉각 원자로는 고급 원자로 기술의 한 유형으로, 해군 선박용 전기 추진 시스템의 구성 요소 또는 하위 시스템으로 간주될 수 있습니다."
CIWS-II,2027-00,미사일/방공,AESA 레이다,SPY-1 ballistic missile defense radar,2023-05,3.6,data_match,high,"AESA 레이더는 레이더 시스템의 한 유형으로, SPY-1 탄도 미사일 방어 레이더와 일치합니다. 두 기술 모두 레이더 기술이지만 플랫폼(CIWS vs. 탄도 미사일 방어)이 다릅니다."
협력 전투 무인기(CCA),2025-06,항공/공군,협력 전투 무인기(CCA),Autonomous Collaborative Platform (ACP) - Second Generation Uncrewed Air Vehicle,2024-02,1.3,data_match,high,"한국의 'CCA'(Cooperative Combat Aircraft) 기술은 무인 항공기(UAV)의 한 유형으로, 미국의 '자율 협력 플랫폼(ACP)' 기술과 일치합니다. 두 기술 모두 항공/공군 분야에 속합니다."
플렉스로터 무인 항공 시스템(UAS),2025-06,해상/해군,플렉스로터 무인 항공 시스템(UAS),eVTOL (electric vertical take-off and landing) aircraft,2022-04,3.2,data_match,high,"한국의 'plexrotor UAS'는 무인 항공기(UAV)의 한 유형이며, 미국 기술의 eVTOL(전기 수직 이착륙) 항공기와 일치합니다. 두 기술 모두 항공 플랫폼이지만 한국 기술은 특히 UAV이고 미국 기술은 유/무인 eVTOL 항공기입니다."
Wing Sail,2023-06,해상/해군,Wind Sail,unmanned systems,2024-10,-1.3,data_match,high,한국의 '풍력 추진' 기술은 무인 시스템의 일종인 해군/해양 분야를 위한 친환경 선박 추진 시스템입니다. 미국 기술 목록에는 '무인 시스템'이 포함되어 있어 한국 기술과 잘 일치합니다.
우주 기반 ISR,,우주,우주 기반 ISR,RADAR,1922-09,,data_match,high,"한국의 핵심 기술인 '우주 기반 ISR'은 레이더 기술과 관련되어 있으며, 이는 미국 기술인 '레이더'에 해당됩니다. 두 기술 모두 '정보, 감시 및 정찰(ISR)' 분야에 속합니다."
고압 추진 드라이브,2027-01,해상/해군,고압 추진 드라이브,Gas turbine engine design and modification,2024-04,2.8,data_match,high,"한국의 '고압 추진 구동' 기술은 해군/해양 애플리케이션을 위한 전기 추진 시스템의 한 종류입니다. 이는 미국 기술인 '가스 터빈 엔진 설계 및 수정'과 일치하며, 이 또한 해군/해양 분야에서 사용되는 추진 시스템입니다."
6G 저궤도 통신위성,2030-06,우주,6G 저궤도 통신위성,Very Low Earth Orbit (VLEO) atmospheric physics experiment; Space Domain Awareness (SDA) system for cislunar space,2020-09,9.8,data_match,high,"한국의 저궤도 6G 통신 위성 기술은 우주 분야의 통신 시스템이며, 이는 미국의 VLEO 및 SDA 시스템과 유사한 우주 영역 인식 및 모니터링 기술입니다."
"초대형 암모니아운반선, LNG운반선, 맥티브(MCTIB) 연료탱크",2025-06,해상/해군,"초대형 암모니아운반선, LNG운반선, 맥티브(MCTIB) 연료탱크","Low Observable (LO) Stealth Technology, Naval Wideband Advanced Electronic Warfare (EW)",2025-07,-0.1,data_match,high,"한국의 초대형 암모니아 운반선, LNG 운반선, MCTIB 연료 탱크 핵심 기술은 조선 관련 기술이며, 이는 미국의 저 가시성(LO) 스텔스 기술 및 해군 광대역 첨단 전자전(EW) 기술과도 일치합니다."
정밀 용접 휴머노이드,2027-01,조선/해양,정밀 용접 휴머노이드,"Autonomous robotics, artificial intelligence, unmanned systems",2021-02,5.9,data_match,high,"한국의 '정밀 용접 휴머노이드' 기술은 로봇의 한 종류이며, 이는 미국의 '자율 로봇, 인공 지능, 무인 시스템' 기술과 일치합니다."
인공지능 기반 광자레이다 기술,2025-04,항공/공군,인공지능 기반 광자레이다 기술,AI-enabled tactical autonomy algorithm for autonomous air combat,2023-08,1.7,data_match,high,"한국의 'AI 기반 Lidar 레이더' 기술은 레이더 기술의 한 종류이며, 이는 미국의 '자율 공중 전투를 위한 AI 지원 전술 자율성 알고리즘' 기술과 일치할 수 있습니다. 둘 다 레이더/센서 애플리케이션에 AI를 활용하고 있습니다."
"무인수상정(USV), AI 함정 자율화 기술(Vessel Autonomy), 자율 임무 수행 체계(Mission Autonomy)",2025-04,해상/해군,"자율운항 기술, 자율 임무 수행 체계",Human-Autonomy Teaming (HAT) / Human-Robot Interaction (HRI),2020-10,4.5,data_match,high,한국의 '자율 임무 수행 시스템' 기술은 미국의 '인간-자율성 팀워크(HAT) / 인간-로봇 상호작용(HRI)' 기술과 관련이 있습니다. 이는 인간과 자율 시스템 간의 협력적 임무 수행을 가능하게 합니다.
"GEnx 엔진, GE9X 엔진",2025-03,항공/공군,엔진,Combustion science and propulsion systems,2024-03,1.0,data_match,high,"한국의 핵심 기술인 '엔진'은 미국의 '연소 과학 및 추진 시스템' 기술과 일치하며, 둘 다 엔진 및 추진 기술과 관련이 있습니다."
우주부품 표준화,2025-03,우주,우주부품 표준화,"photovoltaic lab, quantum information and sensing, silicon carbide power electronics, vacuum electronics",2016-12,8.2,data_match,high,"한국의 핵심 기술 '우주 구성요소 표준화'는 미국의 '첨단 재료 과학 및 구성요소 기술' 카테고리와 관련이 있습니다. 이 카테고리에는 광전지 실험실, 양자 정보 및 센싱, 전력 전자 등 우주 구성요소 개발 및 표준화에 관련된 기술이 포함되어 있습니다."
RISE(Revolutionizing Sustainable Engines) 프로그램,2050-06,항공/공군,RISE(Revolutionizing Sustainable Engines) 프로그램,Electric Vertical Takeoff and Landing (eVTOL) Aircraft,2023-04,27.2,data_match,high,"한국의 RISE (Revolutionizing Sustainable Engines) 프로그램은 항공기/항공엔진 기술에 초점을 맞추고 있으며, 이는 미국의 eVTOL (전기식 수직 이착륙) 항공기 기술과 일치합니다. 둘 다 첨단 항공엔진 및 추진 시스템과 관련이 있습니다."
수소엔진,2027-01,육상/지상,수소엔진,Hydrogen Engine,,,data_match,high,"한국의 방위 기술 '수소 엔진'은 미국의 '수소 엔진' 기술과 일치하는데, 둘 다 엔진 기술이기 때문입니다."
우주 전력,,우주,우주 전력,THAAD (Terminal High Altitude Area Defense) missile defense system,2017-03,,data_match,high,"한국의 핵심 기술 '우리의 우주 전력'은 우주 기반 무기 체계를 의미하며, 이는 미국의 THAAD 미사일 방어 시스템과 합리적으로 일치할 수 있습니다. THAAD는 우주 내에서 미사일을 요격할 수 있는 지상 기반 탄도 미사일 방어 시스템입니다."
상용위성 영상 활용,2025-01,우주,상용위성 영상 활용,Commercial Remote Sensing Satellites,2019-12,5.1,data_match,high,"한국 기술 '상용위성 영상 활용'은 원격 탐사 위성 기술의 한 유형으로, 미국의 상용 원격 탐사 위성 기술과 일치합니다."
잠수함용예인정-Ⅱ,2026-12,해상/해군,잠수함용예인정-Ⅱ,Torpedoes,,,data_match,high,"한국 기술 '잠수함용예인정-Ⅱ'는 잠수함용 견인 차량으로, 미국의 어뢰 기술과 합리적으로 관련이 있습니다."
액화수소 탱크 기술,2025-01,해상/해군,액화수소 탱크 기술,Hydrogen Small Unit Power (H-SUP) System - Portable Fuel Cell Electric Generator,2025-07,-0.5,data_match,high,"한국의 '액체 수소 탱크 기술'은 미국의 '수소 소형 장치 전원(H-SUP) 시스템'과 관련이 있습니다. H-SUP는 휴대용 연료 전지 전기 발전기입니다. 두 기술 모두 수소를 에너지원으로 사용하지만, 적용 분야(탱크 vs. 발전기)가 다릅니다."
개인전장가시화체계,2024-12,통신/전자,개인전장가시화체계,Artificial Intelligence for Multi-Domain Operations; Computational Neuroscience for Soldier Performance,2020-12,4.0,data_match,high,"한국의 '개인용 전장 가시화 시스템' 기술은 상황 인식 및 정보 처리와 관련될 수 있으며, 이는 다영역 작전을 위한 AI와 군 수행능력의 계산 신경과학 기술에 대한 미국 기술과 일치할 수 있습니다."
정찰용 무인수상정,2027-00,해상/해군,정찰용 무인수상정,eVTOL (electric vertical takeoff and landing) vehicles,2022-08,4.3,data_match,high,"한국의 '무인수상정' 기술은 무인 수상 차량의 한 유형으로, 미국의 eVTOL (전기식 수직 이착륙) 차량 기술과 유사할 수 있습니다. 둘 다 다른 영역(해상 vs. 항공)의 자율/무인 플랫폼 기술입니다."
F130 엔진,2024-12,항공/공군,F130 엔진,Multi-fuel hybrid-electric propulsion systems for unmanned vehicles,2020-10,4.2,data_match,high,"한국의 F130 엔진 기술은 항공기/항공 엔진의 한 유형으로, 미국의 무인 차량용 다연료 하이브리드 전기 추진 시스템 기술과 합리적으로 일치할 수 있습니다. 둘 다 항공우주/항공 애플리케이션을 위한 엔진 및 추진 기술과 관련이 있습니다."
RF 사이버 기술,,통신/전자,RF 사이버 기술,Artificial Intelligence,2020-02,,data_match,high,"한국의 핵심 기술 'RF 사이버 기술'은 사이버 보안과 관련이 있으며, 이는 미국 기술 목록의 인공 지능(AI) 분야에 해당합니다."
복합 전도성 잉크 기반의 차세대 부품소재,,통신/전자,복합 전도성 잉크 기반의 차세대 부품소재,Additive manufacturing,2025-02,,data_match,high,한국의 기술 '복합 전도성 잉크 기반 차세대 부품 및 소재'는 미국 기술로 나열된 적층 제조와 관련이 있습니다.
"['위성 기술 개발', '위성 활용 플랫폼 개발', '항공기-위성 연계 패키지 수출', '수자원 위성']",2024-11,우주,위성 기술 개발,Reinforcement Learning Control System for Autonomous Space Robotics (APIARY),2025-12,-1.1,data_match,high,"'위성 시스템, 위성 활용 플랫폼 및 항공기-위성 연계 기술'이라는 한국의 기술은 우주 기술 분야에 속하며, 이는 미국 기술 '자율 우주 로봇 강화 학습 제어 시스템(APIARY)'과 합리적으로 부합합니다. 두 기술 모두 우주 시스템과 로봇 기술과 관련이 있습니다."
CH-53K 헬리콥터,2023-10,항공/공군,CH-53K 헬리콥터,"Unmanned Systems, Advanced Helmets, Satellite Technology",2015-05,8.4,data_match,high,"CH-53K 헬리콥터는 회전익 항공기로, 제공된 미국 기술 목록의 '무인 시스템' 범주에 속합니다. 또한 미국 기술에는 고급 헬멧 및 위성 기술이 포함되어 있어 CH-53K 헬리콥터에 관련될 수 있습니다."
"차세대 디젤엔진 DX05, DX08",2024-11,육상/지상,차세대 디젤엔진,Polymerized Liquid Metal Networks (PLMN),2019-10,5.1,data_match,high,"한국의 핵심 기술 '차세대 디젤엔진'은 엔진 기술의 한 종류로, 이는 미국의 기술 '중합 액체 금속 네트워크(PLMN)'와 합리적으로 부합될 수 있습니다. 두 기술 모두 엔진/추진 관련 기술이지만 구체적인 응용 분야는 다를 수 있습니다."
적외선차폐연막통,2025-01,지상,적외선차폐연막통,RADAR,1922-09,102.3,data_match,high,"한국 기술 '적외선 차폐 연막'은 연막 발생기 또는 연막 발생기의 한 종류로, 방어/은폐 기술에 해당합니다. 이는 레이더와 같은 센서 기술을 사용하는 방어 및 감시 분야와 일치합니다."
"['LAH (차륜형장갑차)', '미르온', '우레', '천무용 230mm급 무유도탄', '천광']",2024-10,육상/지상,"['LAH (차륜형장갑차)', '미르온', '우레', '천무용 230mm급 무유도탄', '천광']",NASAMS MKII (National Advanced Surface-to-Air Missile System Mark II),,,data_match,high,"NASAMS MKII는 중거리 방공 시스템으로, 한국의 '천무공 230mm 비유도 로켓'이라는 로켓 발사기와 부합되는 기술로 간주될 수 있습니다."
"친환경 연료 육상시험시설(Land Based Test Site: LBTS), 잠수함용 리튬이온 에너지저장장치(ESS), 수소연료전지기반의 공기불요추진체계(AIP)",,해상/해군,"['친환경 연료 육상시험시설(LBTS)', '잠수함용 리튬이온 에너지저장장치(ESS)', '수소연료전지기반의 공기불요추진체계(AIP)']",Electronic Warfare (EW) Systems - Electro-optic/Infrared and Radio Frequency Countermeasures,2012-01,,data_match,high,한국 기술 '수소-연료전지 기반 공기 독립 추진 시스템(AIP)'은 미국 기술 '전자전(EW) 시스템 - 전자광학/적외선 및 무선 주파수 방해책'과 일치합니다. 두 기술 모두 방위 분야의 추진 및 전력 시스템과 관련이 있습니다.
DIRCM (지향성 적외선 방해장비),2024-09,항공/공군,DIRCM (지향성 적외선 방해장비),"missile defense systems, UAV interceptors",2024-04,0.4,data_match,high,"DIRCM(지향성 적외선 방해장비)은 미사일 방어 시스템으로, 미국의 '미사일 방어 시스템, UAV 요격기' 기술과 일치합니다. 기술 유형과 공중/우주 방어 분야가 동일합니다."
메인 기어 박스 하우징,2024-09,항공/공군,메인 기어 박스 하우징,AH-64E transmission system,2013-04,11.4,data_match,high,"주 변속기 하우징은 AH-64E 아파치 헬리콥터의 주요 구성 요소로, 이는 미국의 군사 기술입니다."
액화수소운반선,2024-09,해상/해군,액화수소운반선,Expeditionary Fast Transport,2024-08,0.1,data_match,high,"신속전개수송선은 선박의 한 종류로, 이는 한국의 '액화수소운반선'과 부합되는 미국 기술로 간주될 수 있습니다. 두 기술 모두 해양/해군 분야의 특수 선박/운반 수단입니다."
퀵싱크 공대함 유도폭탄,2024-08,항공/공군,퀵싱크 공대함 유도폭탄,Trophy active protection system,2023-12,0.7,data_match,high,"한국의 기술 퀵싱크 공대함 유도폭탄은 공대지 무기로, 미국 기술 목록의 '트로피 능동 방호 시스템'과 일치합니다. 두 기술 모두 공군/군사 응용 분야의 유도/탄약 무기 영역에 속합니다."
"폭발물 처리, 긴급활주로 복구",2024-08,항공/공군,긴급활주로 복구,"Cloud Computing Infrastructure, Internet of Battlefield Things (IoBT), Artificial Intelligence/Machine Learning",2021-02,3.5,data_match,high,한국의 기술 긴급활주로 복구(Emergency Runway Recovery)는 긴급 상황에 적용할 수 있는 클라우드 컴퓨팅 인프라와 AI/ML 기반 신속 복구 작전과 관련된 미국 기술입니다.
"FA-50PL, EGI, 데이터링크(Link-16), AESA, GBU-12, AIM-9X, HMD",2025-04,항공/공군,"AESA radar, EGI, 데이터링크(Link-16)","Quantum Timing and Sensing, AESA radar, Stealth coating, AI/ML algorithms",2019-03,6.1,data_match,high,"한국의 핵심 기술에는 AESA 레이더가 포함되어 있는데, 이는 미국에서도 사용되는 레이더 기술입니다. 미국 기술 목록에도 'AESA 레이더'가 주요 기술 중 하나로 포함되어 있어 직접적으로 일치합니다."
초거대 AI 인프라,2024-08,기타,초거대 AI 인프라,Artificial Intelligence for Military Logistics and Maintenance,2018-06,6.2,data_match,high,두 기술 모두 군사/국방 분야 AI/ML 인프라에 초점을 맞추고 있어 합리적으로 일치합니다.
전기 수직이착륙기(eVTOL) 블랙플라이,2024-08,항공/공군,전기 수직이착륙기(eVTOL),Medium-sized unmanned aerial vehicles (UAVs),2022-12,1.7,data_match,high,"한국의 기술 '전기식 수직 이착륙(eVTOL)'은 수직 이착륙(VTOL) 항공기의 한 종류로, 미국 기술인 '중형 무인 항공기(UAV)'와 유사합니다. 두 기술 모두 항공/공군 분야에 속합니다."
ULTRA 정찰 무인기,2024-05,항공/공군,ULTRA 정찰 무인기,Skyborg,,,data_match,high,"Skyborg는 미국의 자율 드론 시스템 기술로, 한국의 ULTRA 정찰 드론과 유사한 기능을 가질 것으로 보입니다."
CFM LEAP 엔진,2024-07,항공/공군,CFM LEAP 엔진,Rotating Detonation Engines (RDEs),2012-11,11.7,data_match,high,"CFM LEAP 엔진은 항공기 엔진의 일종이며, 미국 기술인 회전 폭발 엔진(RDE)은 항공기/우주 항공 추진 분야와 관련이 있습니다."
MANET 솔루션,2024-07,통신/전자,MANET 솔루션,"Multiple emerging technologies (RF communications, positioning systems, antenna systems, networking, sensor processing)",2020-01,4.5,data_match,high,"한국의 국방 기술 MANET(Mobile Ad-hoc Network) 솔루션은 통신 네트워크 시스템으로, 미국 기술의 통신 및 네트워킹 분야 다양한 신흥 기술과 관련이 있습니다."
"['아리에테 전차 개량', 'KF-51 판터 공동생산', '신형 링스 보병전투차량']",2024-07,육상/지상,전차/장갑차,"Aegis Ashore radar systems, Global Hawk UAV surveillance systems",2020-08,3.9,data_match,high,"한국의 핵심 기술인 '탱크/장갑 차량' 개발 및 생산 기술은 미국 기술인 Aegis Ashore 레이더 시스템과 Global Hawk UAV 감시 시스템과 관련이 있습니다. 이는 지상 기반 및 항공기 기반 센서 및 감시 기술로, 한국의 지상 차량 기술 분야와 호환됩니다."
AQNav,2024-06,항공/공군,AI 기반 항법 시스템,"Autonomy technologies for aircraft, spacecraft, and ground vehicles",2022-09,1.8,data_match,high,"한국의 AI 기반 내비게이션 시스템은 자율성 기술이라는 더 광범위한 범주에 속하며, 이는 미국 군대에서도 주요 연구개발 분야입니다."
고속철 기술,2008-01,육상/지상,고속철 기술,GPS (Global Positioning System) / Timation satellite navigation,2025-11,-17.8,data_match,high,한국의 고속철 기술은 미국의 GPS/Timation 위성항법 기술과 맞먹을 수 있는 철도 운송 기술의 한 종류이다. 두 기술 모두 첨단 운송 및 항법 시스템을 포함하고 있다.
C-130J 자율비행화,2024-06,항공/공군,자율비행화,Autonomous Attritable Unmanned Air Vehicle (UAV) with Manned-Unmanned Teaming,2020-12,3.5,data_match,high,한국의 자율비행화 기술은 유인-무인 팀 구성의 자율 무인기(UAV) 기술과 유사한 항공기용 자율 비행 기술이다.
"저궤도 상용위성, 항공기·잠수함용 위성통신 기술, AI 기반 영상관제, 항만·운항지원 모니터링 시스템",2024-06,해상/해군,지능정보기술,Skyborg autonomous aircraft system / AI-driven autonomy development,2020-09,3.8,data_match,high,한국의 'AI 기반 영상관제' 기술은 AI와 자율 시스템을 이용한 감시 및 제어 작업과 관련되어 있어 미국의 'Skyborg 자율 항공기 시스템/AI 기반 자율성 개발' 기술과 관련이 있다.
대형 액화 이산화탄소 운반선,2024-06,해상/해군,대형 액화 이산화탄소 운반선,Electrolytic-Cation Exchange Module (E-CEM) for CO2 capture and hydrogen production from seawater,2017-08,6.8,data_match,high,한국의 대형 액화 이산화탄소 운반선 기술은 해수에서 이산화탄소를 포집할 수 있는 전해질-양이온 교환 모듈(E-CEM) 기술과 관련이 있다. 두 기술 모두 이산화탄소의 포집 및 처리와 관련되어 있다.
모듈형 드론,2024-12,항공/공군,모듈형 드론,High-performance unmanned air vehicle (UAV) with autonomy-based system,2022-03,2.8,data_match,high,한국의 '모듈식 드론' 기술은 미국의 '고성능 무인 항공기(UAV)와 자율성 기반 시스템' 기술과 유사하다.
AI 기술을 활용한 선박 사각지대 해소 기술,2024-06,해상/해군,AI 기술을 활용한 선박 사각지대 해소 기술,Unmanned Aerial Vehicle (UAV) remote flight control and autopilot systems,2010-03,14.2,data_match,high,"이 미국 기술은 차량용 자율/원격 제어 시스템과 관련되어 있으며, 이는 한국의 AI를 이용한 선박 사각지대 해결 기술과 유사하다."
암모니아추진선 신기술,2024-06,해상/해군,암모니아추진선 기술,Shipboard firefighting techniques and equipment,2013-05,11.1,data_match,high,"한국의 '암모니아 추진선 기술'은 친환경 선박 추진 기술이며, 미국의 '선박 소방 기술 및 장비' 기술과도 해양/해군 분야에서 관련이 있다."
열화상 카메라 탑재 드론,2024-09,항공/공군,열화상 카메라 탑재 드론,"Radio Frequency Sensing, Sensor Fusion, Autonomous Aircraft Teaming",,,data_match,high,"한국의 '열화상 카메라 장착 드론' 기술은 미국의 '무선 주파수 감지, 센서 융합, 자율 항공기 팀워크' 기술과 관련이 있다."
선박용 고압 직류 송배전 시스템 (MVDC),2024-05,해상/해군,선박용 고압 직류 송배전 시스템 (MVDC),SPY-1 ballistic missile defense radar,2023-05,1.0,data_match,high,"한국의 '선박용 고압 직류 송배전 시스템(MVDC)'은 선박용 전력 시스템 기술이며, 이는 미국의 SPY-1 탄도 미사일 방어 레이더 기술과도 관련이 있다."
차륜형장갑차,2024-05,육상/지상,차륜형장갑차,Protection materials and computational design codes for armor,2019-10,4.6,data_match,high,한국의 핵심 기술인 '차륜형 장갑차'는 미국의 '장갑용 보호 재료 및 계산 설계 코드' 기술과 관련이 있다.
KTX-청룡,2024-04,육상/지상,고속철도,"AH-64 Block III Apache - Engine, Communications, and Command & Control Systems",2011-11,12.4,data_match,high,"한국의 '고속철도차량' 기술은 지상 기반 교통 시스템으로, 미국 목록에 있는 AH-64 아파치 헬리콥터와 관련 시스템과 같은 다양한 지상 차량 및 이동성 기술과 합리적으로 맞출 수 있습니다."
ICEYE 합성개구레이더 위성,2018-01,우주,합성개구레이더 위성,Commercial remote sensing satellite systems,2024-10,-6.8,data_match,high,"한국 기술 합성개구레이더 위성은 정찰용 레이더 위성으로, 이와 유사한 목적으로 사용될 수 있는 미국 기술인 상용 원격 감지 위성 시스템과 일치합니다."
"AAV(미래비행체), FA-50 단좌형",2031-00,항공/공군,"['미래비행체 (AAV)', 'FA-50 단좌형']",unmanned systems,2024-10,6.2,data_match,high,"한국 국방 기술 'FA-50 단좌형'(FA-50 단좌 전투기)은 유인 항공기이고, 미국 기술 '무인 시스템'은 다양한 무인 항공기와 시스템을 포괄하므로, 기술 유형과 적용 분야에서 합리적으로 맞을 수 있습니다."
AN/SPY-7 이지스 시스템,2027-20,해상/해군,AN/SPY-7 이지스 시스템,F-35 Lightning II,2024-03,4.4,data_match,high,"AN/SPY-7 이지스 시스템은 레이더 시스템이고, F-35 Lightning II는 첨단 레이더 기능을 갖춘 미국 전투기로, 한국 국방 기술과 합리적으로 일치합니다."
25cm 초고해상도 첨단 레이다 위성,2024-03,우주,25cm 초고해상도 합성개구레이다 (SAR),3D-printed antenna arrays for radar systems,2021-02,3.1,data_match,high,"한국의 25cm 초고해상도 합성개구레이더(SAR) 기술은 레이더 시스템의 한 유형이며, 미국의 3D 인쇄 레이더 안테나 어레이 기술과 매칭될 수 있습니다. 두 기술 모두 레이더 기술을 다루며, 한국의 것은 구체적인 구현이고 미국의 것은 이에 적용될 수 있는 일반적인 기술입니다."
해상 원자력 에너지,2024-03,해상/해군,해상 원자력 에너지,submarine technology,2024-11,-0.7,data_match,high,"한국의 핵심 기술 '해상 기반 핵 에너지'는 '핵 발전' 분야에 속하며, 이는 미국 목록의 잠수함 기술과 관련됩니다. 둘 다 해양/해군 응용을 위한 핵 동력 시스템을 다룹니다."
VAMPIRE 시스템,2024-03,육상/지상,뱀파이어 시스템,Electronic Warfare (EW) / Electromagnetic Spectrum Control,2015-02,9.1,data_match,high,"'Vampire' 시스템은 지상/육상 도메인의 무기 시스템으로 보이며, 이는 미국 기술 목록의 '전자 전쟁(EW) / 전자기 스펙트럼 제어'와 일치합니다. 'Vampire' 시스템의 구체적인 세부 사항은 제공되지 않았지만, 지상/육상 도메인의 무기 시스템이라는 일반적인 설명이 '전자 전쟁'이라는 광범위한 범주와 유사하므로 합리적으로 매칭될 수 있습니다."
"['F-15EX', '777X']",2024-02,항공/공군,"777X, F-15EX","Autonomous Aircraft Teaming Architecture, GPS Alternative Navigation, Networked Collaborative Autonomous Weapons Systems",,,data_match,high,"한국 기술 777X와 F-15EX는 항공기로, '군용 항공기' 범주에 속합니다. 미국 기술 '자율 항공기 팀 구축 아키텍처, GPS 대체 항법, 네트워크화된 협력 자율 무기 시스템'은 군용 항공기에 대한 첨단 자율 및 네트워크 기술과 관련되므로 적절한 매칭이 가능합니다."
힘센엔진(HiMSEN),2001-01,해상/해군,힘센엔진(HiMSEN),Gas turbine engine design and modification,2024-04,-23.2,data_match,high,"한국의 'HiMSEN' 엔진 기술은 가스 터빈 엔진 유형이며, 이는 미국 기술의 설명과 일치합니다."
고고도 정찰용무인항공기 RQ-4B,2023-01,항공/공군,고고도 정찰용무인항공기 RQ-4B,unmanned systems,2024-10,-1.8,data_match,high,"한국 기술 'RQ-4B'는 고고도 무인 항공기(UAV)로, 미국 기술 '무인 시스템'에 해당합니다."
"AAM(Advanced Air Mobility, 미래항공모빌리티)",,항공/공군,"AAM(Advanced Air Mobility, 미래항공모빌리티)",military helicopters,,,data_match,high,"한국의 AAM(Advanced Air Mobility) 기술은 항공/공군 분야의 모터 기술로, 미국 군용 헬리콥터 기술과 광범위하게 관련되어 있습니다."
무선통신기반 차상 열차 자동제어시스템 (KTCS-2),2023-10,육상/지상,무선통신기반 차상 열차 자동제어시스템 (KTCS-2),TIMATION (Satellite Timing and Navigation Technology) / GPS (NAVSTAR-Global Positioning System),2010-03,13.6,data_match,high,한국의 핵심 기술인 무선통신기반 차상 열차 자동제어시스템(KTCS-2)은 무선 통신을 사용하는 열차 제어 시스템입니다. 이는 다양한 교통 응용 분야(열차 제어 포함)에 활용할 수 있는 위성 기반 내비게이션 및 타이밍 시스템인 미국 기술 TIMATION/GPS와 일치합니다.
장거리 배회 자폭드론,2023-12,항공/공군,장거리 배회 자폭드론,SSKW (Small Tactical Autonomous Weapon System) - autonomous UAS with autopilot control,,,data_match,high,한국의 '장거리 자폭 무인기'는 자율 기능을 가진 무인 항공 시스템(UAS/드론)이라는 점에서 미국의 '자율 조종 UAV'와 일치합니다.
"지속가능한 항공 연료(SAF, Sustainable Aviation Fuel)",2023-12,항공/공군,"지속가능한 항공 연료(SAF, Sustainable Aviation Fuel)",Synthetic Jet Fuel (SAF) Generation - On-site Production,2022-07,1.4,data_match,high,"한국의 기술 '지속 가능한 항공 연료(SAF)'는 대체 항공 연료의 한 종류로, 미국 기술 '합성 제트 연료(SAF) 생성 - 현장 생산'과 항공 연료 기술 유형에서 일치합니다."
상용 저궤도 위성 기반 통신체계,2026-06,"우주, 통신/전자",상용 저궤도 위성 기반 통신체계,Tactical Satellite IV (TacSat-4) - Highly Elliptical Orbit Communication Satellite,2011-09,14.8,data_match,high,"한국의 핵심 기술 '상업용 저궤도 위성을 기반으로 한 위성 통신 시스템'은 위성 통신 시스템의 한 종류로, 미국 기술 '전술 위성 IV(TacSat-4) - 고타원궤도 통신 위성'과 동일한 기술 분야에 해당합니다."
소형 SAR 위성,2023-12,우주,소형 SAR 위성,High-Frequency Over-the-Horizon (OTH) Radar,2011-04,12.7,data_match,high,"두 기술 모두 위성 응용을 위한 레이더 시스템이지만, 한국의 것이 더 작은 크기입니다."
저궤도 위성통신 네트워크,2023-11,통신/전자,저궤도 위성통신 네트워크,satellite program,2023-09,0.2,data_match,high,"한국의 핵심 기술 '저궤도 위성 통신 네트워크'는 위성 통신 시스템으로, 미국 기술 '위성 프로그램'과 위성 통신 기술 유형이 일치합니다."
"['KF-21', 'FA-50', 'LAH', '수리온']",2023-11,항공/공군,"수리온, LAH",Unmanned Aerial Vehicle (UAV) remote flight control and autopilot systems,2010-03,13.7,data_match,high,"한국의 핵심 기술 수리온과 LAH는 헬리콥터로, 무인 항공기(UAV)의 한 종류입니다. 미국의 UAV 원격 비행 제어 및 자동 조종 시스템은 이러한 한국 헬리콥터 시스템에 사용할 수 있는 일치하는 기술입니다."
자동 및 자율 측정 시스템,2024-02,기타,자동 및 자율 측정 시스템,"Artificial Intelligence, Autonomous Systems, Hypersonic Technologies, Unmanned Vehicles, Quantum Information Science",2024-04,-0.2,data_match,high,"센서, 소프트웨어 및 자율 기술을 포함하는 한국의 '자동화 및 자율 측정 시스템' 기술은 인공 지능, 자율 시스템, 초음속 기술, 무인 차량, 양자 정보 과학과 같은 다양한 첨단 기술을 다루는 미국 기술과 유사합니다."
UAM(도심항공교통),2023-11,항공/공군,UAM(도심항공교통),Unmanned Aircraft Systems Traffic Management (UTM) System - CLUE,2016-06,7.4,data_match,high,"한국의 UAM(Urban Air Mobility) 기술은 항공 운송 시스템으로, 무인 항공기 시스템의 교통을 관리하는 미국의 UTM 시스템과 유사합니다."
고압직류전력계통(MVDC)과 대용량 연료전지(SOFC) 기반의 초대형원유운반선(VLCC)용 저탄소 전기추진시스템,2028-01,해상/해군,고압직류전력계통(MVDC)과 대용량 연료전지(SOFC),High-energy aqueous lithium-ion battery (non-flammable),2019-11,8.2,data_match,high,고전압 직류 전력 시스템(MVDC)과 대용량 연료 전지(SOFC)의 한국의 핵심 기술은 무염화 고에너지 수계 리튬이온 배터리(불연성) 기술과 관련되어 있다. 이는 모두 전기 추진을 위한 첨단 에너지 저장 및 전력 시스템을 포함하고 있다.
"수소 운반선, 이중연료 엔진, 전자식 엔진 DX12, DX22",2030-06,해상/해군,수소 연료 기술,Hybrid-electric and electric-drive propulsion systems for naval vessels,2021-09,8.8,data_match,high,"한국 기술은 선박용 수소 연료 기술과 이중 연료 엔진에 초점을 맞추고 있으며, 이는 해군 함정용 하이브리드 전기 및 전기 추진 시스템 기술과 개념적으로 유사하다."
"['K2EX 전차', '30t급 신규 장갑차', '차세대 전차', '유팟(U-POD) 무인 콘셉트카', '다목적 무인차량']",,육상/지상,무인 기술,"Artificial Intelligence, Autonomy",,,data_match,high,"무인 차량과 증강현실/가상현실을 다루는 한국의 '무인 기술' 핵심 기술은 자율 시스템 및 AI 기반 기술과 같은 관련 기능을 포함하는 미국의 '인공 지능, 자율성' 기술과 일치하는 것으로 보인다."
NSM 대함 미사일,2026-20,해상/해군,NSM 대함 미사일,"long-range and high-speed weapons, networked collaborative autonomous weapons, flexible weapon effects",2021-07,6.1,data_match,high,"NSM 미사일은 장거리 대함 미사일이며, 이는 '장거리 고속 무기' 기술 설명과 일치한다."
"AI 기관사, 기관자동화솔루션",2023-08,해상/해군,AI 기관사,Artificial Intelligence and Autonomy Systems,2021-05,2.2,data_match,high,한국의 AI 기반 기관차 자동화 솔루션('AI 기관사')은 AI와 자동화를 핵심 시스템에 적용한다는 점에서 미국의 '인공 지능 및 자율 시스템' 기술과 일치한다.
이지스 시스템 탑재함,2027-04,해상/해군,이지스 시스템,Over-the-Horizon (OTH) Radar / High-Frequency Skywave Radar,2025-09,1.6,data_match,high,"한국의 'Aegis' 시스템은 해군 방공 시스템이며, 이는 장거리 목표물 탐지 및 추적이 가능한 미국의 원거리 레이더 기술과 합리적으로 일치한다."
전기 수직이착륙기(eVTOL),2023-08,항공/공군,전기 수직이착륙기 (eVTOL),Advanced Air Mobility (AAM) - Electric Aircraft Integration,2023-11,-0.2,data_match,high,한국의 전기 수직이착륙기(eVTOL) 기술은 미국의 첨단 공중 이동성(AAM) 기술의 핵심 분야이다.
위그선 모의비행훈련장치,2024-12,항공/공군,위그선 모의비행훈련장치,F-35 Lightning II,2024-03,0.8,data_match,high,"'F-35 Lightning II'는 5세대 전투기이며, 이는 한국의 핵심 기술인 'Wigsel 시뮬레이션 비행 훈련 장치'와 유사한 기술 유형이다. 둘 다 항공기 시뮬레이션 기술이지만 플랫폼이 다르다(전투기 vs. Wigsel)."
"['FA-50GF', 'F-16', 'F-35A']",2023-07,항공/공군,FA-50GF 경전투기,F-35,,,data_match,high,"FA-50GF는 경량 다목적 전투기이고, F-35는 현대적인 5세대 다목적 전투기이다. 이 둘은 모두 전투기 기술이므로 기술 유형과 분야가 일치한다."
공중재보급 체계,,항공/공군,공중재보급 체계,"Mini-drone (PD-100 Black Hornet), Ground robots (SMET - Squad Multipurpose Equipment Transport)",2016-08,,data_match,high,"한국의 핵심 기술인 공중재보급 체계는 공중 화물 투하 배달 시스템의 일종이며, 이는 미국의 자율 공중 화물 투하 글라이더 기술과 합리적으로 일치한다."
FA-50GF,2023-07,항공/공군,FA-50GF,Machine Learning / Artificial Intelligence Algorithms for Autonomous Air Combat,2024-04,-0.8,data_match,high,"FA-50GF는 경량 다목적 전투기이며, 자율적 공중전을 위한 첨단 기능을 다룰 수 있는 기계 학습/인공 지능 알고리즘 기술은 FA-50GF와 같은 전투기에 적용될 수 있는 관련 기술입니다."
"['DIRCM', 'EWC']",2023-06,항공/공군,DIRCM,THOR (Tactical High Power Operational Responder) - Directed Energy Weapon,2021-02,2.3,data_match,high,"DIRCM(지향성 적외선 대항 조치)은 지향성 에너지 무기 시스템이며, THOR도 미국의 지향성 에너지 무기 시스템이므로 기술 유형 및 영역이 일치합니다."
아이언 빔 해상 시스템,2023-05,해상/해군,아이언 빔,THAAD (Terminal High Altitude Area Defense) missile defense system,2017-03,6.2,data_match,high,"한국의 '아이언 빔' 기술은 해군/해양 애플리케이션을 위한 레이저 요격 시스템으로 설명되며, 이는 고고도에서 목표물을 요격할 수 있는 지상 기반 탄도 미사일 방어 시스템인 THAAD와 일치합니다."
강력한 레이저 시스템,,미사일/방공,강력한 레이저 시스템,Krypton Fluoride (KrF) Laser,2014-07,,data_match,high,"'강력한 레이저 시스템'이라는 한국의 핵심 기술은 미국의 크립톤 불화물(KrF) 레이저 기술과 일치하며, 이는 미사일 방어를 포함한 다양한 국방 및 군사 애플리케이션에 사용되는 고출력 레이저 시스템의 한 유형입니다."
"SPIKE NLOS, SPIKE ER 2 미사일",2023-06,미사일/방공,SPIKE 미사일,ICBM,,,data_match,high,"SPIKE 미사일은 대전차 유도 미사일의 일종으로, 미국 기술 목록의 ICBM(대륙간 탄도 미사일)과 유사한 기능을 가집니다."
"['무인기(NI-500VT)', '상륙공격헬기/소해헬기', '다목적수송기(MC-X) 기반 해상초계기']",,해상/해군,"['무인기(NI-500VT)', '상륙공격헬기/소해헬기', '다목적수송기(MC-X) 기반 해상초계기']",Solar-powered long-endurance unmanned aerial vehicle (Solara 60),2014-03,,data_match,high,"한국의 '무인 항공기(NI-500VT)' 기술은 미국의 '솔라 동력 장시간 무인 항공기(Solara 60)'와 일치하는데, 둘 다 무인 항공기(UAV)의 유형입니다."
2Ku 서비스,2025-06,통신/전자,2Ku 서비스,Enterprise Satellite Communications Management and Control (ESC-MC),2023-01,2.4,data_match,high,"두 기술 모두 비행 중 연결성(IFC) 서비스와 관련이 있으며, 이는 통신/전자 도메인에 속합니다."
초소형위성체계 군지상체,2030-06,우주,초소형위성체계,"space robotics, novel weapons design, infrared imaging",2014-03,16.2,data_match,high,"한국의 '마이크로 위성 시스템' 핵심 기술은 지상 플랫폼, 레이더, 전자-광학 센서 기능을 가진 소형 위성 시스템으로, 이는 '우주 로봇, 신개념 무기 설계, 적외선 이미징' 기술과 유사한 유형의 기술입니다. 둘 다 우주 기반 플랫폼과 센서/이미징 기능을 포함합니다."
Urban Air Mobility (UAM),2025-01,항공/공군,Urban Air Mobility (UAM),"Autonomous robotics systems, unmanned ground vehicles, autonomy algorithms",2019-10,5.2,data_match,high,"항공 교통 관리 서비스와 항공 관광 서비스를 포함하는 한국의 도심 항공 모빌리티(UAM) 기술은 자율 로봇 시스템, 무인 지상 차량, 자율성 알고리즘 등의 미국 기술과 합리적으로 일치합니다. 둘 다 항공/비행 애플리케이션을 위한 자율 및 로봇 시스템 개발에 관여합니다."
SAR 위성 기술,,우주,SAR (Synthetic-Aperture Radar) 위성 기술,Commercial Remote Sensing Satellites,2019-12,,data_match,high,"한국의 SAR(합성 개구면 레이더) 위성 기술은 원격 탐사 위성 기술의 한 유형으로, 이는 미국 기술의 상업용 원격 탐사 위성과 일치합니다."
APG-33 팬텀 스트라이크 AESA 레이더,2025-01,항공/공군,AESA 레이더,THAAD (Terminal High Altitude Area Defense) system with dispersed radar and command/control architecture,2019-08,5.4,data_match,high,THAAD 방공 체계의 핵심 구성 요소인 AESA 레이더
초고효율 HJT(이종접합 기술) 태양전지,2026-00,기타,초고효율 HJT (이종접합 기술) 태양전지,Directed Energy Weapons (DEW),2021-07,4.4,data_match,high,"'초고효율 HJT(이종접합) 태양전지'라는 한국의 핵심 기술은 '기타' 분야에 속하는 태양전지 기술이며, '지향성 에너지 무기(DEW)'라는 미국 기술은 정확히 일치하지는 않지만 '기타' 분류의 관련 기술이다."
AI 자율주행 순찰 로봇,2024-01,지상,AI 자율주행,Autonomous UAV landing and docking system with vision-based navigation,2021-03,2.8,data_match,high,한국의 AI 자율 주행 지상 로봇 기술은 미국의 자율 무인항공기 착륙 및 도킹 기술과 유사하다. 둘 다 자율 주행 및 제어 시스템을 포함한다.
Small Modular Reactor (SMR),,기타,Small Modular Reactor (SMR),Space-based solar power satellite system with wireless power transmission,2014-03,,data_match,high,두 기술 모두 핵심 기술 유형인 원자력 발전을 다룬다.
위성 수명 연장 팟,2026-01,우주,위성 수명 연장 팟,LASCO Coronagraph (Large Angle Spectrometric Coronagraph),2010-11,15.2,data_match,high,"한국의 '위성 수명 연장 팟' 기술은 위성 서비스 및 우주 기술과 관련되며, 이는 위성 및 우주 관측을 위한 우주 기반 기술인 미국의 'LASCO 코로나그래프'와 일치한다."
수상 PAV(Personal Air Vehicle),2023-04,항공/공군,수상 PAV (Personal Air Vehicle),"GPS (Global Positioning System), Minitrack satellite tracking system, radar beacons, blind landing systems",2014-05,8.9,data_match,high,"한국의 '개인용 항공 차량' 기술은 경량 항공기 유형으로, 위치 파악, 항법, 착륙 시스템을 위한 미국의 GPS, 위성 추적, 레이더 신호 송수신기와 유사한 분야에 속한다."
1MW급 빌딩용 직류배전 설비,2023-04,통신/전자,직류배전 설비,Commercial-Off-The-Shelf (COTS) Electronics in Geosynchronous Earth Orbit,2022-10,0.5,data_match,high,"한국의 핵심 기술인 '직류배전 설비'는 전력 배전 시스템 유형이며, 이는 우주 응용 분야의 상용 전자 기술을 다루는 미국 기술과 관련되어 있다. 둘 다 전력 배전과 전자 통합을 다룬다."
중형 PC선 및 LPG선,2025-03,해상/해군,중형 PC선 및 LPG선,F-35C carrier integration; MQ-25 Stingray refueling drone,2020-09,4.5,data_match,high,"한국의 '중형 PC선 및 LPG선' 기술은 선박/해양 기술 분야이며, 미국의 'F-35C 항공모함 통합; MQ-25 Stingray 공중 급유 드론' 기술도 항공모함 통합 및 급유 드론과 같은 해군/해양 기술 분야이다."
수직이착륙 전기 에어택시 VX4의 핵심 부품 개발,,항공/공군,"전기기계식 작동기(EMA, electro-mechanical actuators)",Electric Ground Power Unit (EGPU) with commercial battery electric technology,2023-08,,data_match,high,한국의 '전기 공중 택시'용 '전자기계식 액추에이터' 기술은 상용 배터리 전기 기술을 사용하는 미국의 EGPU 기술과 유사하다. 둘 다 전기 추진 시스템을 다룬다.
A400M 다목적 수송기,2013-08,항공/공군,다목적 수송기,"ballistic missile defense destroyers, fighter squadron and tanker aircraft, B-52 long-range strike bombers",2024-11,-11.2,data_match,high,한국의 '다목적 수송기' 기술은 미국 군의 다양한 수송기 및 폭격기 기술과 유사한 유형이다.
개인전장가시화체계,2024-01,육상/지상,개인전장가시화체계,"Autonomous robotics systems, unmanned ground vehicles, autonomy algorithms",2019-10,4.2,data_match,high,"한국의 핵심기술 개인전장가시화체계 (Individual Battlefield Visualization System)는 개인 전투 시스템으로, 미국의 자율 로봇공학 및 무인지상차량 기술과 부합합니다. 두 기술 모두 개인 병사와 그들의 전투 시스템과 관련된 기술입니다."
한국형 위성항법시스템(KPS),2035-06,우주,한국형 위성항법시스템(KPS),"Navigation Technology Satellite-3 (NTS-3) - Positioning, Navigation and Timing (PNT) System",2025-08,9.8,data_match,high,"한국 기술 'KPS'는 위성 항법 시스템으로, 미국 기술 'Navigation Technology Satellite-3 (NTS-3) - Positioning, Navigation and Timing (PNT) System'과 일치하는 위성 항법 시스템입니다."
전자 조정식 배열(ESA) 안테나,2024-01,통신/전자,전자 조정식 배열(ESA) 안테나,Free Space Optical (FSO) technology,2018-06,5.6,data_match,high,둘 다 안테나/광학 관련 통신 시스템 기술입니다. ESA 안테나와 FSO 기술은 모두 전자기파 전송을 통한 무선 통신에 초점을 맞추고 있습니다.
FCT (Foreign Comparative Test),,기타,FCT (Foreign Comparative Test),"Integrated Oceanographic Mapping System, Seagliders, Expendable Bathythermographs",2011-11,,data_match,high,"한국의 FCT (Foreign Comparative Test) 기술은 시험 및 평가 프로세스로, 해양학적 시스템 테스트와 평가에 사용되는 미국의 Integrated Oceanographic Mapping System, Seagliders, Expendable Bathythermographs 기술과 일치합니다."
AAV(Advanced Air Vehicle),2026-00,항공/공군,AAV (Advanced Air Vehicle),Airborne Science & Technology Research Platform (Multi-sensor),2012-07,13.4,data_match,high,"한국의 Advanced Air Vehicle (AAV) 기술은 항공기용 기체 기술로, 미국 기술 목록의 Airborne Science & Technology Research Platform (Multi-sensor)와 유사합니다. 둘 다 기체 또는 항공기 관련 기술입니다."
슈퍼컴퓨터,2023-02,통신/전자,슈퍼컴퓨터,Space collision risk assessment software and space surveillance radar system,2022-09,0.4,data_match,high,"한국의 '슈퍼컴퓨터' 핵심기술은 미국 기술인 'Space collision risk assessment software and space surveillance radar system'과 매칭될 수 있는데, 이는 모두 우주 관련 애플리케이션을 위한 고성능 컴퓨팅 기능을 포함하고 있기 때문입니다."
6G RIS 유리,,통신/전자,RIS (Reconfigurable Intelligent Surface),"Artificial Intelligence, Autonomous Systems, Hypersonic Technologies, Unmanned Vehicles, Quantum Information Science",2024-04,,data_match,high,"한국의 핵심기술 'RIS (Reconfigurable Intelligent Surface)'는 통신/주파수 기술로, 통신/전자 분야에 속합니다. 미국 기술 목록에는 '인공지능, 자율 시스템'이 포함되어 있는데, 이는 통신 및 전자 애플리케이션을 위한 재구성 가능한 지능형 표면 기술을 포함할 수 있는 광범위한 범주입니다."
P-8A Poseidon 다목적 초계기,2022-12,항공/공군,P-8A Poseidon 다목적 초계기,Autonomous Systems Research and Testing,2023-01,-0.1,data_match,high,"P-8A Poseidon은 다목적 해상 순찰기로, 자율 시스템의 한 유형입니다. 미국의 '자율 시스템 연구 및 테스트' 기술은 한국의 국방 기술과 잘 부합합니다."
리눅스 플랫폼,,항공/우주,리눅스 플랫폼,Adaptive Optics (AO) and 1.5-meter telescope imaging system,2021-11,,data_match,high,"한국 핵심기술 'Linux 플랫폼'은 운영 체제로, 소프트웨어 유형입니다. 미국 기술 'Adaptive Optics (AO) and 1.5-meter telescope imaging system'도 이미징 시스템을 위한 소프트웨어 기술입니다. 적용 분야는 다르지만(항공우주 vs. 천문학) 기술 유형이 일치합니다."
캐터필러 C9.3 엔진,2023-01,육상/지상,캐터필러 C9.3 엔진,Black Hawk helicopter,2025-05,-2.3,data_match,high,"Caterpillar C9.3 엔진은 다양한 지상 차량 및 장비, 군사 애플리케이션에 사용되는 디젤 엔진입니다. 미국의 대표적인 군용 회전익기인 Black Hawk 헬리콥터는 General Electric T700 터보샤프트 엔진으로 구동되며, 이는 Caterpillar C9.3과 같은 클래스의 엔진 기술입니다."
무인 선박,2024-12,해상/해군,무인 선박,Unmanned and autonomous systems for naval operations,2022-12,2.0,data_match,high,한국의 기술 '무인 수상 선박'은 미국의 '해군 작전을 위한 무인 및 자율 시스템' 기술과 유사한 것으로 보입니다. 둘 다 자율 해군 플랫폼을 포함합니다.
"['SKY Spotter', '재밍 시스템', '레이저 대공무기']",2023-01,항공/공군,드론 감지 및 식별 기술,autonomous and artificial intelligence (AI)-enabled sensing systems,2024-03,-1.2,data_match,high,한국의 '드론 탐지 및 식별' 기술은 첨단 센서 및 영상 처리 기술을 사용하여 목표물을 탐지하고 식별하는 '자율 및 AI 지원 센싱 시스템'과 관련이 있습니다.
인텔샛 2Ku 시스템,2022-12,항공/공군,인텔샛 2Ku 시스템,Airborne Early Warning and Control (AEW&C) system,2023-03,-0.2,data_match,high,한국의 'IntelSat 2Ku IFEC 시스템'은 군용 항공기에서 사용되는 광역 조기 경보 및 통제(AEW&C) 시스템의 구성요소 또는 하위시스템인 비행 중 엔터테인먼트 및 연결성 시스템입니다.
도심항공교통(UAM),2025-01,항공/공군,도심항공교통(UAM),Electric Vertical Takeoff and Landing (eVTOL) and Advanced Air Mobility,2021-01,4.0,data_match,high,"두 기술 모두 항공기/항공과 관련이 있으며, 특히 전기/자율 수직 이착륙 시스템과 관련이 있습니다."
"['우주산업', 'UAM(Urban Air Mobility)']",2025-01,우주,우주산업,Nanosatellite mission design and CubeSat development,2024-05,0.7,data_match,high,한국의 우주산업 기술은 나노위성 임무 설계 및 큐브샛 개발과 관련된 미국의 기술과 일치합니다.
LNG·수소 혼소엔진,2025-06,해상/해군,LNG·수소 혼소엔진,Variable-geometry turbine engine rotor blade adjustment system,2020-12,4.5,data_match,high,한국의 LNG·수소 혼소엔진은 가변 기하 터빈 엔진 로터 블레이드 조정 시스템과 같은 엔진 기술과 관련이 있습니다.
차세대 위성통신,2022-12,통신/전자,차세대 위성통신,"GPS (Global Positioning System), Minitrack satellite tracking system, radar beacons, blind landing systems",2014-05,8.6,data_match,high,"한국의 차세대 위성통신 기술은 GPS, 위성 추적 및 기타 위성 기반 통신 기술과 일치합니다."
항공통제기,2022-12,항공/공군,항공통제기,"AN/TPY-2 radar, THAAD anti-missile system, land-based anti-ship systems",2015-05,7.6,data_match,high,"한국의 '항공 제어 시스템' 기술은 레이더 또는 공중 방어를 위한 명령 및 통제 시스템으로 추정되며, AN/TPY-2 레이더와 THAAD 미사일 방어 시스템과 일치합니다."
정밀제어 시스템,,항공/공군,정밀제어 시스템,Automatic Ground Collision Avoidance System (Auto-GCAS),2019-05,,data_match,high,한국의 '정밀 제어 시스템' 기술은 항공기/항공 응용 프로그램을 위한 자동 지상 충돌 회피 시스템(Auto-GCAS)과 관련이 있습니다.
"K9 자주포, 천무 다련장로켓체계(MRLS)",,육상/지상,"K9 자주포, 천무 다련장로켓체계(MRLS)",Rocket Propulsion Systems,2021-02,,data_match,high,"한국의 K9 자주포와 다발 로켓 발사 시스템(MRLS)은 모두 로켓 추진을 사용하는 포병 시스템으로, 미국의 로켓 추진 시스템 기술과 일치합니다."
UAM 안전 운항 기술,,항공/공군,UAM 안전 운항 기술,Artificial Intelligence (AI) and Autonomous Systems,2016-12,,data_match,high,도심항공 모빌리티(UAM) 안전한 비행 기술의 핵심 한국 기술은 인공 지능과 자율 시스템 기술의 미국 기술로 다뤄질 수 있는 항공 교통 및 드론 관리와 관련되어 있습니다.
IS-45 위성,2025-06,우주,IS-45 위성,"Satellite systems (TacSat 4), spacecraft development, space technology systems",2011-09,13.8,data_match,high,"한국의 IS-45 위성 기술은 통신 위성으로, 우주 기술 분야에 속합니다. 이와 매칭되는 미국 기술도 위성 및 우주선 개발 분야에 있습니다."
UAM(도심 항공 모빌리티),2030-00,항공/공군,UAM(도심 항공 모빌리티),Unmanned Aerial Vehicle (UAV) remote flight control and autopilot systems,2010-03,19.8,data_match,high,"도심항공 모빌리티(UAM)는 무인 항공기(UAV) 기술의 일종이므로, '무인 항공기(UAV) 원격 비행 제어 및 자동조종 시스템'이라는 미국 기술이 합리적인 매칭입니다."
선박 자율운항 기술,2023-01,해상/해군,선박 자율운항 기술,Shipboard radar,1942-06,80.6,data_match,high,"한국의 '선박 자율 항행 기술'은 선박에 대한 자율/자동 주행 시스템의 한 종류로, 선박에 자율 항행 기능을 제공할 수 있는 미국의 '선박 레이더' 기술과 유사한 개념입니다."
수소모빌리티 통합형 수소충전소,2022-11,육상/지상,수소모빌리티 통합형 수소충전소,Additive Manufacturing (3D Printing) / Convergent Digital Manufacturing,2024-05,-1.5,data_match,high,"한국의 핵심 기술인 '통합 수소 충전소'는 수소 모빌리티와 관련된 차량/운송 기술입니다. 미국의 '적층 제조(3D 프린팅) / 융합 디지털 제조' 기술은 수소 연료 차량을 포함한 다양한 운송 및 모빌리티 응용 분야에 사용될 수 있는 광범위한 기술이므로, 이는 합리적인 매칭입니다."
"['K2 전차', '장갑차', '차세대 전차 및 장갑차', '디펜스 드론', '다목적 무인차량', 'DOSS (Daring Operations in Service and Search)', 'VEX (Vest Exoskeleton)']",,육상/지상,"['수소연료전지', '전기구동', '지능형 플랫폼', '웨어러블 로봇']",Soldier-robot teaming software and autonomous systems,2021-07,,data_match,high,"한국의 '지능형 플랫폼'과 '착용형 로봇' 기술은 미국의 '병사-로봇 팀워크 소프트웨어 및 자율 시스템' 기술과 매칭되는데, 이는 둘 다 로봇 기술과 자율 시스템을 통합하여 인간 운영자를 지원하는 것과 관련되어 있기 때문입니다."
B-21 스텔스 폭격기,2022-12,항공/공군,B-21 스텔스 폭격기,B-21 Raider,,,data_match,high,"B-21 레이더는 미국 공군의 차세대 스텔스 폭격기로, 'B-21 스텔스 폭격기'라는 한국의 핵심 기술 설명과 일치합니다."
동력분산식 고속열차 EMU-320,2022-09,육상/지상,동력분산식 고속열차,protected tactical satellite communications and resilient satellite navigation,2022-02,0.6,data_match,high,"한국의 '동력분산식 고속열차' 기술은 고속철도 기술의 일종으로, 미국의 '보호된 전술 위성 통신 및 복원력 있는 위성 항법' 기술과 합리적으로 매칭될 수 있습니다. 두 기술 모두 고급 운송 시스템을 다루고 있지만, 한국의 것은 지상 기반이고 미국의 것은 우주 기반입니다."
"['다기능레이다', '중거리 지대공 유도무기체계', '초소형 SAR 위성사업 및 관련 서비스']",2022-09,"우주, 방공, 관측, 통신",AESA 레이더,"Infra-Red Search & Track (IRST) sensors, Link-16 network, TTNT network, improved cockpit displays",2018-05,4.3,data_match,high,"한국의 AESA 레이더 기술은 '다기능 레이더'와 '중거리 지대공 미사일 시스템' 범주에 속하며, 이는 미국의 적외선 탐색 및 추적(IRST) 센서, Link-16 네트워크, TTNT 네트워크, 개선된 조종석 디스플레이 기술과 유사합니다. 둘 다 군사 응용을 위한 고급 레이더 및 센서 시스템과 관련되어 있습니다."
"['UAM 기체', 'UAM 교통관리 시스템']",2025-00,항공/공군,"UAM 기체, UAM 교통관리 시스템",Shadow unmanned aircraft (tactical reconnaissance drone),2011-08,13.3,data_match,high,한국의 핵심 기술인 '도심항공 모빌리티(UAM) 항공기 및 UAM 교통 관리 시스템'은 미국의 '섀도우 무인 항공기(전술 정찰 드론)' 기술과 매칭될 수 있습니다. 두 기술 모두 무인 항공기와 관련된 유사한 유형의 기술입니다.
수소연료전지-배터리 하이브리드 추진 시스템,2026-00,해상/해군,수소연료전지-배터리 하이브리드 추진 시스템,Green Propellant Infusion Mission (GPIM) - environmentally benign ionic liquid fuel and propulsion system,2019-06,6.5,data_match,high,"한국의 기술은 선박용 하이브리드 추진 시스템으로, 환경 친화적인 이온성 액체 연료와 우주선용 추진 시스템인 GPIM 시스템과 유사합니다. 둘 다 해양/항공우주 분야의 첨단 추진 기술을 포함하고 있습니다."
하이로터(Hi-Rotor),2022-08,해상/해군,하이로터(Hi-Rotor),Small Wind and Temperature Spectrometer (SWATS); Tether Electrodynamic Propulsion CubeSat Experiment (TEPCE),2019-06,3.2,data_match,high,"한국의 '하이로터' 기술은 선박용 풍력 보조 추진 장치로, '소형 풍속 및 온도 분광기(SWATS)'와 '전자기 추진 큐브위성 실험(TEPCE)' 기술과 개념이 유사하여 풍력과 대기 조건을 활용한 우주선 추진에 사용됩니다."
대테러작전용 다족보행로봇,2024-06,육상/지상,대테러작전용 다족보행로봇,"Multiple NRL technologies (Unmanned Vehicles, High-Temperature Polymers, Pulsed Power Systems, Radar, Robotic Locomotion)",2017-04,7.2,data_match,high,"한국의 기술은 대테러 작전용 다리 로봇으로, 일종의 로봇 시스템입니다. 미국의 기술 목록에는 해군 연구소의 다양한 로봇 및 무인 차량 기술이 포함되어 있어 유사한 것으로 보입니다."
자율운항 솔루션,2023-08,해상/해군,자율운항 솔루션,SkyVision - UAS Detect and Avoid (DAA) System,2019-05,4.2,data_match,high,"'SkyVision - UAS Detect and Avoid (DAA) System'은 무인 항공기의 자율 비행 제어 기능을 제공하는 미국 기술로, 이는 해양/해군 분야의 한국 '자율 항법 솔루션'과 유사한 도메인과 기술 유형입니다."
전기 수직 이착륙 항공기 (eVTOL),2028-01,항공/공군,전기 수직 이착륙 항공기 (eVTOL),Electric Vertical Takeoff and Landing (eVTOL) Aircraft - ALIA,2022-03,5.8,data_match,high,한국의 핵심 기술인 '전기 수직이착륙(eVTOL) 항공기'는 미국의 '전기 수직이착륙(eVTOL) 항공기 - ALIA'와 일치합니다. 두 기술 모두 전기 추진 방식의 수직 이착륙 항공기 개발에 초점을 맞추고 있습니다.
"친환경선박 전기추진시스템, 친환경 대체연료 해상실증선박",2024-06,해상/해군,"친환경선박 전기추진시스템, 친환경 대체연료 해상실증선박",Solar Photovoltaic Autonomous Soaring UAV System,2017-05,7.1,data_match,high,한국의 '친환경 선박 전기 추진 시스템' 및 '친환경 대체 연료 해양 실증선' 기술은 미국의 '태양 전원 장거리 무인 항공기(Solara 60)' 기술과 관련이 있습니다. 이 모두 재생 에너지원을 이용한 추진 시스템을 사용합니다.
수소연료전지 기반 전기 추진체계,2025-01,항공/공군,수소연료전지 기반 전기 추진체계,Mobile Battery Charging Station for eVTOL Aircraft,2024-01,1.0,data_match,high,"한국의 핵심 기술인 '수소 연료전지 기반 전기 추진 시스템'은 전기 추진 시스템과 관련이 있으며, 이는 미국의 'eVTOL 항공기용 모바일 배터리 충전소' 기술과 일치합니다. 구체적인 응용 분야는 다르지만 둘 다 전기 추진 시스템을 다룹니다."
UAM (Urban Air Mobility),2030-06,항공/공군,UAM (Urban Air Mobility),electric vertical takeoff and landing (eVTOL) aircraft,2021-04,9.2,data_match,high,한국의 핵심 기술인 UAM(도심 항공 모빌리티)의 기술 유형인 전기수직이착륙기(eVTOL)는 미국의 eVTOL(전기 수직 이착륙) 항공기 기술과 일치합니다. 둘 다 전기 수직 이착륙 항공기 개발에 초점을 맞추고 있습니다.
무선 양자암호통신 기술,,우주,양자암호통신 기술,Quantum Technologies,2020-09,,data_match,high,"한국의 양자암호통신 기술은 양자 기술 분야에 속하며, 이는 미국 군대의 중점 분야이기도 합니다."
H145 헬리콥터,2022-06,항공/공군,H145 헬리콥터,"Autonomy, Advanced Air Mobility, Unmanned Aerial Systems (UAS)",2022-04,0.2,data_match,high,"H145 헬리콥터는 군사 유틸리티 헬리콥터로, 미국 기술 목록의 자율성, 첨단 항공 모빌리티 및 무인 항공 시스템(UAS) 분야에 속합니다."
로켓 회수 드론쉽,2022-06,우주,자율 로켓 회수 드론쉽,Digital Drone Technology / Autonomous Systems,2021-06,1.0,data_match,high,"한국의 '자율 로켓 회수 드론선' 기술은 미국의 '디지털 드론 기술 / 자율 시스템'과 일치하는데, 이는 둘 다 자율 드론 또는 무인 항공기(UAV) 시스템과 관련되어 있기 때문이다."
도심 항공 모빌리티(UAM) 기체 및 시스템,2024-20,항공/공군,도심 항공 모빌리티(UAM) 기체 및 시스템,"Autonomous robotics, artificial intelligence, unmanned systems",2021-02,4.5,data_match,high,"한국의 '전기식 수직 이착륙(eVTOL) 항공기, 배터리 기반 전기 추진 시스템 및 미래의 하이브리드 전기 추진 시스템'의 핵심 기술은 자율 항공 시스템과 무인 시스템 영역에 속하며, 이는 미국 국방 기술의 핵심 분야이다."
하이나스 2.0 자율운항 시스템,2022-06,해상/해군,하이나스 2.0 자율운항 시스템,"autonomous naval systems, mission autonomy, artificial intelligence, software",2024-04,-1.8,data_match,high,미국 기술의 '자율 해군 시스템'과 '임무 자율성' 측면은 한국 기술의 '자율 주행 2.0 시스템'과 '자율 항법 시스템' 측면과 일치한다.
MT30 가스터빈 발전기,2022-05,해상/해군,MT30 가스터빈 발전기,"F-1 liquid-propellant rocket engine, liquid engines, rocket propulsion systems",2022-05,0.0,data_match,high,"MT30 가스터빈 발전기는 엔진 기술의 한 종류로, 이는 미국 기술 목록의 F-1 액체 추진제 로켓 엔진 및 기타 로켓 추진 시스템과 일치한다."
브림스톤 미사일,2022-05,미사일/방공,브림스톤 미사일,Human Autonomy Teaming (HAT) - AI/Autonomous Systems for human-robot collaboration,2020-06,1.9,data_match,high,"한국의 브림스톤 미사일은 장거리 대전차 미사일로, 이는 군사 응용을 위한 자율/로봇 시스템의 한 유형으로 간주될 수 있다. 미국 기술인 Human Autonomy Teaming (HAT)도 AI/자율 시스템을 통한 인간-로봇 협업을 다루고 있어, 이는 한국 미사일 기술과 합리적인 일치점이 있다."
TPS-880K 차기 국지방공레이더,2017-01,미사일/방공,AESA 레이더,RADAR,1922-09,94.3,data_match,high,"한국의 AESA 레이더 기술은 미국의 RADAR 기술과 일치한다. AESA 레이더는 첨단 레이더 시스템의 한 유형으로, 이는 두 국가 간에 공유되는 핵심 기술 분야이다."
한국형 발전용 가스터빈,2023-07,육상/지상,한국형 발전용 가스터빈,Synthetic Jet Fuel (SAF) Generation - On-site Production,2022-07,1.0,data_match,high,"한국의 핵심 기술인 '발전용 한국형 가스터빈'은 가스터빈 엔진이며, 이는 항공기 엔진의 한 유형이다. 미국 기술인 '합성 제트 연료(SAF) 생산 - 현장 생산'은 가스터빈 엔진을 포함한 제트 엔진의 연료와 관련되어 있어, 이는 합리적인 일치점이 있다."
UAM(도심항공교통) 안전 기술,2025-01,항공/공군,UAM (도심항공교통) 안전 기술,Unmanned Aerial Vehicle (UAV),2023-07,1.5,data_match,high,한국의 핵심 기술인 'UAM(도심항공교통) 안전 기술'은 미국 기술인 '무인 항공기(UAV)'와 관련되어 있다. 두 기술 모두 항공 차량의 안전과 운용에 초점을 맞추고 있어 합리적인 일치점이 있다.
하이브리드 엔진 시스템,,육상/지상,하이브리드 엔진 시스템,Compression-ignition intermittent combustion engine optimization method,2021-07,,data_match,high,"한국의 핵심 기술인 '하이브리드 엔진 시스템'은 엔진 기술의 한 유형으로, 미국 기술인 '압축 점화 간헐 연소 엔진 최적화 방법'과 기술 유형 범주에서 일치한다."
메타구조의 위성통신 빔 조향 기술,,통신/전자,메타구조의 위성통신 빔 조향 기술,AESA radar (Lower-Tier Air & Missile Defense System - LTAMDS),2019-10,,data_match,high,한국의 핵심 기술인 '위성 통신 빔 조향'은 미사일 방어를 포함한 다양한 국방 응용 분야에 사용되는 AESA 레이더와 관련되어 있다. 두 기술 모두 통신/레이더 시스템을 위한 첨단 안테나 및 빔 조향 기능을 포함하고 있다.
수소 항공기,2035-06,항공/공군,수소 항공기,eVTOL (electric Vertical Takeoff and Landing vehicles),2021-11,13.6,data_match,high,"한국의 핵심 기술 '수소 항공기'는 항공기 연료의 일종이며, 미국 기술 'eVTOL(전기식 수직 이착륙 차량)'은 전기 항공기의 일종으로, 항공/항공 분야에서 합리적인 매치이다."
인텔 제온 D 프로세서,,"항공/공군, 우주",인텔 제온 D 프로세서,"Autonomous robotics, artificial intelligence, unmanned systems",2021-02,,data_match,high,"한국 기술 'intelZEON D 프로세서'는 SoC(System-on-Chip), 운영 체제 및 AI 컴퓨팅 시스템으로 설명되며, 이는 미국 기술 #4에서 대표되는 자율 로봇, AI 및 무인 시스템 기술의 일반적인 범주에 해당한다."
액체수소 드론,2022-05,우주,액체수소 연료 드론,Electric Vertical Takeoff and Landing (eVTOL) aircraft,2023-10,-1.4,data_match,high,"한국 국방 기술 액체수소 연료 드론은 드론 기술의 한 종류로, 전기식 수직 이착륙(eVTOL) 항공기인 미국 기술과 일치한다. 이것 또한 드론 또는 무인 항공기 기술의 일종이다."
A350-1000 항공기,2022-02,항공/공군,A350-1000 항공기,"High Performance Computing (HPC), Supercomputing, Networking, Storage and Analysis",2016-11,5.2,data_match,high,"A350-1000은 대형 여객기로, 설계, 시뮬레이션 및 분석을 위해 고성능 컴퓨팅 및 슈퍼컴퓨팅 기능이 필요할 것으로 보인다. 이 분야의 미국 기술은 한국 핵심 기술과 잘 부합될 것이다."
"엔진(CFM International LEAP-1B), 윙렛(Advanced Technology Winglet), 플랩 서포트 페어링(Flap Support Fairing)",2022-03,항공/공군,"엔진(CFM International LEAP-1B), 윙렛(Advanced Technology Winglet), 플랩 서포트 페어링(Flap Support Fairing)",jet propulsion engine development,2022-03,0.0,data_match,high,"한국 핵심 기술에는 '엔진(CFM International LEAP-1B)'이 포함되어 있는데, 이는 제트 추진 엔진의 한 종류이다. 미국 기술인 '제트 추진 엔진 개발'은 기술 유형 면에서 매치된다."
MQ-8C 파이어 스카우트,2022-02,해상/해군,MQ-8C 파이어 스카우트,Unmanned reconnaissance aircraft (successor to U-2/SR-71); TR-X concept,2015-09,6.4,data_match,high,"MQ-8C Fire Scout는 무인 정찰 헬리콥터로, 미국 TR-X 무인 정찰기와 유사한 유형의 기술이다."
바나듐이온배터리 기반 선박용 ESS,2023-06,해상/해군,바나듐이온배터리,"Integrated Oceanographic Mapping System, Seagliders, Expendable Bathythermographs",2011-11,11.6,data_match,high,"한국 기술 '선박 에너지 저장 시스템(ESS)용 바나듐-이온 배터리'는 에너지 저장 시스템의 한 종류로, 미국 해군 응용 분야의 통합 해양 매핑 시스템의 구성 요소로 간주될 수 있다."
고고도 통신 시스템(HAPS),,통신/전자,고고도 통신 시스템(HAPS),TacSat-4 Satellite Communications System,2011-05,,data_match,high,"TacSat-4 위성통신 시스템은 고고도 통신 시스템 관련 미국 기술로, 한국 핵심 기술 분야와 관련이 있다."
"드론 관제 시스템, 드론 배송 플랫폼",2022-01,항공/공군,"드론 관제 시스템, 드론 배송 플랫폼",Unmanned Aerial Vehicle (UAV) remote flight control and autopilot systems,2010-03,11.8,data_match,high,한국 핵심 기술인 '드론 제어 시스템'과 '드론 배송 플랫폼'은 미국 기술인 '무인 항공기(UAV) 원격 비행 제어 및 자동조종 시스템'과 매우 유사하다. 두 기술 모두 드론/UAV 시스템의 제어와 관리를 다룬다.
천궁-II 미사일 발사대,2022-01,미사일/방공,천궁-II 중거리 지대공 미사일 발사대,"Directed Energy systems (High Energy Laser, High Power Microwave, Electro-optic)",2022-06,-0.4,data_match,high,"한국 기술 천궁-II 중거리 지대공 미사일 발사대는 미사일 발사 시스템으로, 광범위한 directed energy 무기 시스템의 구성 요소 또는 하위 시스템으로 간주될 수 있다. 미국 기술 #42는 고에너지 레이저와 고출력 마이크로파를 포함한 다양한 directed energy 기술을 다룬다. 이는 미사일 방어 응용 분야와 관련이 있다."
자율운항선박 기술,2022-01,해상/해군,자율운항선박 기술,Automatic Collision Avoidance System (Auto GCAS) / Automatic Ground Collision Avoidance Technology,2021-07,0.5,data_match,high,'자율주행' 기술은 자율 또는 무인 차량의 충돌 방지를 돕는 시스템인 '자동 충돌 방지 시스템'의 미국 기술과 일치합니다.
GTF 엔진,2023-03,항공/공군,GTF 엔진,High Performance Computing for Gas Turbine Engine Simulation,2021-08,1.6,data_match,high,"GTF 엔진은 항공기 엔진이며, 가스 터빈 엔진 시뮬레이션을 위한 고성능 컴퓨팅 기술은 이 한국 방위 기술과 합리적으로 일치합니다."
수상 1인용 개인용 비행체,2021-12,항공/공군,수상 1인용 개인용 비행체,Advanced Urban Air Mobility (AAM) Simulator Facility,2020-12,1.0,data_match,high,'개인용 비행체' 기술은 개인/개별 공중 차량을 다루는 '첨단 도시 공중 이동성(AAM) 시뮬레이터 시설'의 미국 기술과 일치합니다.
진동원 능동제어장치 SW,2025-12,항공/공군,진동원 능동제어장치 SW,"Guidance, Navigation, and Control (GNC) systems for space missions; Precision optical systems; Vibration mitigation",2021-04,4.7,data_match,high,"'진동 제어 시스템' 기술은 진동 완화를 포함하는 '우주 임무를 위한 유도, 항법 및 제어(GNC) 시스템'의 미국 기술과 유사합니다."
RQ-4 글로벌호크 고고도 무인정찰기 운용체계 현대화,2023-01,항공/공군,RQ-4 글로벌호크 고고도 무인정찰기 운용체계 현대화,XQ-58A Valkyrie autonomous aircraft; internal weapons bay payload release system; ALTIUS-600 small unmanned aircraft system (SUAS),2021-03,1.8,data_match,high,한국 군대가 운용하는 고고도 무인 정찰기 시스템 RQ-4 Global Hawk은 XQ-58A 발키리와 ALTIUS-600 SUAS 기술과 합리적으로 일치합니다.
SES-17 통신위성,2022-06,우주,통신위성,Free Space Optical (FSO) technology,2018-06,4.0,data_match,high,"한국의 핵심 기술인 '통신 위성'은 위성 기술의 한 종류로, '자유 공간 광학(FSO) 기술'의 미국 기술과 매칭될 수 있습니다."
비접촉식 광커넥터 기술,2021-11,통신/전자,비접촉식 광커넥터 기술,3D Photonic Crystals / Optical Photonic Circuits,2020-09,1.2,data_match,high,"'비접촉 광학 커넥터 기술'은 광학 통신 기술의 한 종류로, '3D 포토닉 크리스탈/광학 포토닉 회로'의 미국 기술과 매칭될 수 있습니다."
도심항공교통(UAM),2025-01,항공/공군,도심항공교통(UAM),Ultra Long-Endurance Unmanned Air System (ULTRA),,,data_match,high,'도심항공교통(UAM)' 핵심 기술은 도시 및 군사 운송 needs를 위한 첨단 항공기 개발에 초점을 맞추는 '초장기 지속 무인 항공 시스템(ULTRA)'의 미국 기술과 유사한 개념입니다.
도심항공교통(UAM),,항공/공군,도심항공교통(UAM),Electric Vertical Takeoff and Landing (eVTOL) Aircraft - Heaviside,2021-05,,data_match,high,"한국 핵심 기술 '도심항공교통(UAM)'은 전기식 수직 이착륙(eVTOL) 항공기 기술과 관련되어 있으며, 이는 '전기식 수직 이착륙(eVTOL) 항공기 - Heaviside'의 미국 기술과 밀접하게 관련됩니다."
"['한국형 위성항법시스템(KPS)', '수소연료전지 기반 대형 카고드론', '장사정포 요격체계']",2022-06,미사일/방공,"['한국형 위성항법시스템(KPS)', '수소연료전지 기반 대형 카고드론', '장사정포 요격체계']",Missile Defense Systems,2017-06,5.0,data_match,high,"'장사정포 요격체계'는 미사일 방어 시스템의 한 종류로, 미국 기술 목록의 '미사일 방어 시스템'과 일치합니다."
"['Enhanced Vision System (EVS-3600)', 'ISR solutions', 'C-130 modernization options', 'Next-generation ejection seats']",,항공/공군,Enhanced Vision System (EVS-3600),Image Converter Tube (Far Ultraviolet Instrumentation),2013-02,,data_match,high,"향상된 비전 시스템(EVS-3600)은 항공/공군 응용 분야를 위한 센서 기술로, 미국 기술 목록의 영상 변환기 관(극자외선 계측) 기술과 유사한 유형입니다. 두 기술 모두 항공/우주 응용을 위한 센서 기술이지만, 구체적인 기능은 다를 수 있습니다."
"LiFi, HCTRS(High Capacity Trunk Radio System)",,통신/전자,LiFi,Ultraviolet (UV) Communication Systems,2020-08,,data_match,high,LiFi와 UV 통신 시스템은 모두 '무선 통신' 기술 유형과 '통신/전자' 영역에 속하는 무선 통신 기술입니다.
양면발전 태양광 기술,2020-05,기타,양면발전 태양광 기술,Space Solar Power (SSP) / Solar cells for space-based power transmission,2021-06,-1.1,data_match,high,'양면 태양 전지' 기술은 우주 기반 전력 전송을 위한 태양 전지를 다루는 미국의 '우주 태양 전력' 기술과 유사한 태양 전력 기술의 한 종류입니다.
3D 디지털 설계 (3D EXPERIENCE) 플랫폼,2021-10,항공/공군,3D 디지털 설계 (3D EXPERIENCE) 플랫폼,"SARA (Scalable, Adaptive and Resilient Autonomy) - autonomous vehicle software suite",2021-06,0.3,data_match,high,"3D 디지털 설계(3D EXPERIENCE) 플랫폼은 항공/공군 분야의 디지털 설계/협업 플랫폼으로, SARA 자율 주행 차량 소프트웨어 스위트와 유사하게 항공 및 우주 응용에 적용될 수 있습니다."
LiFi (Light Fidelity),2022-12,통신/전자,LiFi (Light Fidelity),Quantum Secure Networks / Quantum Repeater Architecture,2019-10,3.2,data_match,high,"LiFi는 가시광을 사용하여 데이터를 전송하는 무선 통신 기술로, 양자 역학을 이용한 보안 통신을 하는 양자 보안 네트워크와 유사한 첨단 통신 기술입니다."
플레아데스 네오 군집 위성,,우주,플레아데스 네오 군집 위성,"CubeSat nano-satellite platform (QbX) with tracking, telemetry and command (TTC) radio system",2010-12,,data_match,high,"한국의 플레이아데스 네오 클러스터 위성은 위성 시스템으로 보이며, 미국 기술 목록의 큐브샛 나노위성 플랫폼과 일치합니다. 세부 사항은 다를 수 있지만 둘 다 위성 기술입니다."
C-DOME,2021-10,미사일/방공,C-DOME,NASAMS MKII (National Advanced Surface-to-Air Missile System Mark II),,,data_match,high,"C-DOME은 한국의 지대공 미사일 시스템이며, NASAMS MKII는 이와 유사한 중거리 방공 미사일 시스템인 미국 기술입니다. 둘 다 '미사일/방공' 영역의 기술 유형에 속합니다."
B-52 전략폭격기 엔진 교체,2038-09,항공/공군,B-52 전략폭격기 엔진 교체,Variable-geometry turbine engine rotor blade adjustment system,2020-12,17.8,data_match,high,"한국 기술은 B-52 전략 폭격기의 엔진을 교체하는 것이며, 가변 기하학 터빈 엔진 로터 블레이드 조정 시스템은 터빈 엔진 기술이라는 점에서 합리적으로 일치합니다."
F-5E/F 전투기 개량,2021-09,항공/공군,F-5E/F 전투기 개량,F-16 fighter aircraft,2024-02,-2.4,data_match,high,"F-5E/F 전투기 업그레이드 기술은 기존 항공기의 능력을 향상시키는 기술이며, 이는 미국의 F-16 전투기와 일치합니다."
축방향 자속 전기 모터,,항공/우주,축방향 자속 전기 모터 (axial-flux motor),Electric Aircraft Propulsion System,2024-04,,data_match,high,"'축방향 자속 모터'는 전기 항공기 추진 시스템에 사용될 수 있는 전기 모터의 한 종류로, 기술 유형이 일치합니다."
드론봇 전투체계,,육상/지상,드론봇 전투체계,Artificial Intelligence and Autonomy Systems,2021-05,,data_match,high,"한국의 '드론봇 전투 시스템' 기술은 무인/자율 군사 시스템의 한 형태로 볼 수 있으며, 이는 미국의 '인공지능 및 자율 시스템' 기술과 비교될 수 있다. 두 기술 모두 자율적이고 지능적인 군사 시스템 분야를 다루고 있다."
개인전장가시화체계,2024-06,통신/전자,개인전장가시화체계,Internet of Things (IoT) integration for military command and control systems,2021-02,3.3,data_match,high,"한국의 '개인 전장 가시화 시스템' 기술은 통신 시스템으로, 이는 미국의 '군사 지휘 통제 시스템을 위한 사물 인터넷(IoT) 통합' 기술과 관련이 있다. 두 기술 모두 다양한 시스템의 통신과 통합을 다룬다."
"['군 전력 첨단화', '국방 ICT R&D', '디지털 인재양성', 'DNA(Data, Network, AI) 신기술', '5G 이동통신', '국방 통합 데이터센터', '인공지능(AI)·소프트웨어(SW) 교육']",,통신/전자,"DNA(Data, Network, AI) 신기술","Artificial Intelligence, Autonomous Systems, Hypersonic Technologies, Unmanned Vehicles, Quantum Information Science",2024-04,,data_match,high,"이 미국 기술은 인공지능, 자율 시스템, 양자 정보 과학 등 다양한 첨단 기술을 포괄하며, 이는 한국의 핵심 기술인 DNA(데이터, 네트워크, AI)와 비교될 수 있다."
통신 및 정밀 측위 시스템,,통신/전자,통신 및 정밀 측위 시스템,"PNT AgilePod (Position, Navigation, and Timing alternative system)",2021-11,,data_match,high,"PNT AgilePod는 미국의 위치, 항법, 시간(PNT) 기술로, 이는 한국의 핵심 기술인 통신 및 정밀 위치 결정 시스템과 유사하다."
"GE LM2500, GE LM500 가스터빈 엔진",1981-06,해상/해군,가스터빈 엔진,Littoral Combat Ship,2022-02,-40.7,data_match,high,"한국의 핵심 기술인 '가스터빈 엔진'은 선박 플랫폼에 사용되는 엔진 기술로, 이는 미국의 '연안 전투함(Littoral Combat Ship)' 기술과 연관된다."
"하이브리드 추진시스템, 통합식 전기추진 시스템",2021-08,해상/해군,하이브리드 추진시스템,Fuel cell-powered unmanned aerial system (UAS) with submerged launch capability,2013-12,7.7,data_match,high,두 기술 모두 해양/해상 애플리케이션을 위한 하이브리드 또는 연료 전지 구동 시스템과 관련된 추진/엔진 시스템이다.
도심항공교통(UAM),2025-01,항공/공군,도심항공교통(UAM),Uncrewed Aircraft System Traffic Management (UTM) / Collaborative Low-Altitude UAS Integration Effort (CLUE),2023-06,1.6,data_match,high,"한국의 핵심 기술인 '도심항공교통(UAM)'은 도시 항공 이동성을 위한 교통 관리 시스템으로, 이는 미국의 '무인항공기 시스템 교통 관리(UTM)' 및 '저고도 무인항공기 통합 노력(CLUE)' 기술과 유사한 개념이다."
"['유탄발사드론', '소형모듈화드론']",2022-06,항공/공군,"유탄발사기술, 모듈 소형화 기술",Digital Drone Technology / Autonomous Systems,2021-06,1.0,data_match,high,"한국의 '드론 소형화 기술'은 미국의 '디지털 드론 기술/자율 시스템' 기술과 매치되는데, 이는 드론 및 자율 시스템 기술을 다루고 있기 때문이다."
AI 기반 자동차 수리비 자동견적 시스템 'AOS 알파',2020-01,기타,AI 기반 자동차 수리비 자동견적 시스템 'AOS 알파',AI algorithms for autonomous systems / Self-driving vehicle software,2022-11,-2.8,data_match,high,"한국의 'AOS Alpha' 시스템은 AI를 사용하여 자동으로 자동차 수리 비용을 추정하는데, 이는 미국에서 개발된 자율 시스템 및 자율 주행 차량 소프트웨어를 위한 AI 알고리즘과 유사하다."
공중발사체,,우주,공중발사체,satellite,2025-01,,data_match,high,"한국의 '공중발사체'와 미국의 위성 기술은 모두 우주/항공 분야에 속하며, 탑재물의 우주 발사 및 운용과 관련된다."
선박용 고안전성 에너지저장장치(ESS),2024-06,해상/해군,선박용 고안전성 에너지저장장치(ESS),Hybrid-electric and electric-drive propulsion systems for naval vessels,2021-09,2.8,data_match,high,한국의 선박용 고안전성 에너지저장장치(ESS)는 해군 함정의 하이브리드-전기 또는 전기 추진 시스템의 구성 요소인 에너지 저장 시스템입니다. 미국 기술 35는 기술 유형과 영역에서 직접 일치합니다.
선박 자율운항 기술,2022-06,해상/해군,선박 자율운항 기술,Autonomous Systems Research Laboratory,2010-04,12.2,data_match,high,"'선박 자율 항행 기술'이라는 한국의 기술은 자율 시스템 유형이며, 이는 자율 시스템 연구에 초점을 맞추는 미국의 '자율 시스템 연구소' 기술과 일치합니다."
"['소해헬기', '상륙공격헬기', '수직이착륙 무인기 NI-600VT']",,해상/해군,해상 무기체계,Electric Vertical Takeoff and Landing (eVTOL) aircraft; Autonomous technology,2023-07,,data_match,high,미국 기술의 '수직 이착륙' 및 '자율' 측면은 한국 기술 목록의 '수직 이착륙 무인 항공기 NI-600VT'와 일치합니다.
"위성 안테나, 저궤도 위성통신, 에어모빌리티",2021-05,통신/전자,"메타구조, 반도체칩 안테나","satellites, electronic warfare systems",2016-01,5.3,data_match,high,"위성 안테나와 저궤도 위성 통신을 위한 한국의 핵심 기술인 '메타그레고리' 및 '반도체 칩 안테나'는 위성 및 통신 기술 범위를 다루는 미국의 '위성, 전자전 체계' 기술과 유사합니다."
수소연료전지 기반 200kg급 카고 드론,2025-06,항공/공군,수소연료전지,Electric and hybrid aircraft,2024-06,1.0,data_match,high,"두 기술 모두 항공기/항공 우주 분야, 특히 전기/수소 동력 차량과 관련이 있습니다."
수소 파워팩 드론,2021-11,항공/공군,수소 연료전지,Synthetic Jet Fuel (SAF) Generation - On-site Production,2022-07,-0.7,data_match,high,"두 기술 모두 연료 전지/연료 시스템과 관련이 있으며, 이는 드론/항공기 추진을 위한 핵심 구성 요소입니다."
열영상 융합형 3D카메라,2025-01,통신/전자,열영상 융합형 3D카메라,autonomous sensing capabilities,2022-06,2.6,data_match,high,"한국의 핵심 기술인 '열 영상 융합 3D 카메라'는 센서 기술 유형이며, 이는 미국 기술인 '자율 감지 기능'과 관련이 있습니다."
MQ-8C 파이어 스카우트,2021-10,해상/해군,무인 수직이착륙기,military helicopters,,,data_match,high,"두 기술 모두 무인/자율 비행 차량과 관련이 있으며, 이는 동일한 기술 유형 범주로 간주될 수 있습니다."
"['정찰드론', '공격드론', '수송드론', '군집드론', 'AI기반 자율드론', 'UAM(Urban Air Mobility·도심항공교통)']",2030-06,육상/지상,드론,Machine Learning Artificial Intelligence Algorithms for Autonomous Flight Control,2023-07,6.9,data_match,high,'AI 기반 자율 드론'이라는 한국의 핵심 기술은 '자율 비행 제어를 위한 기계 학습 인공 지능 알고리즘'이라는 미국 기술과 일치할 수 있습니다. 이는 모두 AI와 기계 학습을 사용하는 자율 드론/UAV 시스템과 관련이 있습니다.
"['저비용 위협 방출기', '상용장비']",,"multiple domains (air, space, cyber, ground)",low-cost threat emitters,air defense systems,,,data_match,high,"'저비용 위협 발신기'라는 한국 기술은 더 큰 미국 방공 시스템의 구성 요소 또는 하위 시스템일 수 있어, 합리적인 일치점이라고 할 수 있습니다."
다목적무인차량,2021-07,육상/지상,인공지능,Artificial Intelligence and Autonomy Systems,2021-05,0.2,data_match,high,무인 차량 분야의 한국 핵심 기술 '인공 지능'은 AI와 자율 시스템을 다루는 미국 기술 '인공 지능 및 자율 시스템'과 일치합니다.
전기추진시스템,2021-06,항공/공군,전기추진시스템,Combustion science and propulsion systems,2024-03,-2.8,data_match,high,"한국의 '전기 추진 시스템' 기술은 '연소 과학 및 추진 시스템'이라는 더 넓은 범주의 미국 기술에 해당됩니다. 두 기술 모두 추진 시스템과 관련이 있지만, 구체적인 구현 방식은 다를 수 있습니다."
차세대 중형위성,2022-01,우주,차세대 중형위성,Ultra High Frequency (UHF) Satellite Communications (SATCOM),2012-06,9.6,data_match,high,"한국의 기술 '차세대 중형위성'은 위성 기술이며, 미국 기술 '36. 초고주파(UHF) 위성 통신(SATCOM)'도 위성 관련 기술이므로 이것이 합당한 매칭이 될 수 있습니다."
"군 위성통신체계, 위성통신 모뎀, OTM(On-The-Move) 단말",2021-02,통신/전자,"군 위성통신체계, 위성통신 모뎀",Tactical Satellite IV (TacSat-4) - Highly Elliptical Orbit Communication Satellite,2011-09,9.4,data_match,high,"한국의 핵심 기술 '군 위성통신체계'와 '위성통신 모뎀'은 위성 통신 시스템이며, 이는 미국 기술 '전술 위성 IV(TacSat-4) - 강타원궤도 통신 위성'과 일치합니다."
친환경 에어택시,,항공/공군,친환경 에어택시,Stryker,2022-10,,data_match,high,"'Stryker'는 다양한 무기 체계를 장착할 수 있는 바퀴 군용 차량의 한 종류로, 한국 국방 기술에서 언급된 수직 이착륭(eVTOL) '에어 택시' 기술과 유사합니다."
Machine Control Excavator,2021-02,기타,Machine Control,RoMan (Robotic Manipulator) - Autonomous Ground Robot,2019-10,1.3,data_match,high,"굴삭기의 '기계 제어 기술'은 미국 목록의 '로봇 매니퓰레이터' 기술, 즉 자율 지상 로봇 시스템과 일치하는 것으로 보입니다."
"['초소형 군집위성', '초고속 5G/6G 통신위성']",,우주,"초소형 군집위성, 초고속 5G/6G 통신위성","Nanosatellite systems, Space Solar Power",2021-09,,data_match,high,"한국의 '초소형 군집 위성'과 '초고속 5G/6G 통신 위성' 기술은 미국의 '나노위성 시스템' 기술, 즉 소형 경량 위성 기술과 관련이 있습니다."
수소연료전지 기반 수송드론,,항공/공군,수소연료전지,autonomous and artificial intelligence (AI)-enabled sensing systems,2024-03,,data_match,high,수송드론의 '수소연료전지' 기술은 미국의 자율 및 AI 기반 감지 시스템 기술과 밀접하게 일치합니다. 이는 고급 감지 기능을 갖춘 자율 드론 및 기타 무인항공기를 포함할 수 있습니다.
AMCM의 MAK-4 프린터,2021-06,우주,적층 제조(3D 프린팅),3D printing of composite polymer parts with chopped fiber reinforcement,2019-07,1.9,data_match,high,"한국의 핵심 기술 '적층 제조(3D 프린팅)'는 미국의 '섬유 강화 복합 폴리머 부품의 3D 프린팅' 기술과 일치합니다. 두 기술 모두 3D 프린팅 기술을 사용하므로, 항공우주/우주 분야에 적용할 수 있는 관련 기술입니다."
수소 연료전지 드론,2021-01,항공/공군,수소 연료전지,Ultra Long-Endurance Unmanned Air System (ULTRA),,,data_match,high,한국의 핵심 기술 '수소연료전지'를 이용한 '드론' 기술은 미국의 '초장기 지속 무인 항공 시스템(ULTRA)' 기술과도 일치합니다. 이 모두 드론 기술과 관련이 있습니다.
M-346 고급 제트 훈련기,2021-01,항공/공군,M-346 고급 제트 훈련기,tactical unmanned aerial systems,,,data_match,high,M-346은 전술 무인 항공기 체계(UAS)의 일종으로 훈련 목적으로 사용되는 제트 교육용 항공기입니다.
메타구조 기반 전자식 위성통신 안테나,2021-01,통신/전자,메타구조 기반 전자식 위성통신 안테나,Carbon nanotube radio frequency technology (>100GHz),2019-11,1.2,data_match,high,"한국 기술은 위성 통신 안테나이고, 미국 기술은 관련 탄소 나노튜브 RF 기술로, 위성 및 기타 고주파 통신 응용 분야에 사용될 수 있습니다."
"['데이터 보안 공유', 'F-22', 'F-35', 'XQ-58A 발키리', '네트워크']",2020-12,항공/공군,데이터 보안 공유,Machine Learning Algorithms for Cybersecurity / Adversarial Robustness,2019-10,1.2,data_match,high,미국 목록의 '사이버 보안을 위한 기계 학습 알고리즘 / 적대적 강건성' 기술은 한국의 '네트워크 보안 공유' 기술과 매우 유사합니다. 둘 다 첨단 알고리즘과 기술을 사용하여 데이터/네트워크 보안을 다룹니다.
수소 충전 인프라,2021-03,기타,수소 충전 인프라,Level 3 DC Fast Charging Station for Electric Aircraft,2023-09,-2.5,data_match,high,"수소 추출기, 압축기 및 디스펜서를 포함하는 한국의 '수소 충전 인프라' 핵심 기술은 전기 항공기를 위한 'Level 3 DC 급속 충전소' 미국 기술과 매우 유사합니다. 둘 다 첨단 운송 시스템의 연료 공급/충전 인프라와 관련이 있습니다."
LTE-R 활용 한국형 열차신호시스템 (KTCS-2),2022-06,통신/전자,LTE-R 활용 한국형 열차신호시스템,Patriot air defense system,2022-11,-0.4,data_match,high,"패트리어트 방공 시스템은 탄도 미사일을 추적하고 요격하는 데 사용되는 미국 군사 기술이며, 이는 철도 통신 및 제어에 사용되는 한국의 LTE-R 열차 신호 시스템과 유사합니다. 둘 다 각자의 영역에서 중요한 방어 기술입니다."
"첨단 무기체계, 주요 구성품",,육상/지상,첨단 무기체계,Unmanned Aerial Vehicle (UAV),2023-07,,data_match,high,한국의 '일급 무기 체계' 기술은 무인 항공기(UAV)를 포함한 첨단 무기 시스템과 관련될 가능성이 높습니다. 미국의 UAV 기술은 한국의 '일급 무기 체계' 기술과 적절히 매칭될 수 있습니다.
열영상 도트복합조준장비,2020-12,지상,열영상 도트복합조준장비,autonomous and artificial intelligence (AI)-enabled sensing systems,2024-03,-3.2,data_match,high,"한국의 '열상 점조준 장치'는 감지 시스템의 한 유형으로 보이며, 이는 자율 및 AI 지원 감지 시스템인 미국 기술과 잠재적으로 매칭될 수 있습니다."
고체 리튬 배터리,,해상/해군,고체 리튬 배터리,"nano-structured materials for energy storage, catalysis, and sensors",2011-09,,data_match,high,"한국의 '리튬 고체 전지' 핵심 기술은 에너지 저장 기술의 한 유형이며, 미국의 '에너지 저장을 위한 나노구조 소재' 기술은 기술 유형 및 분야 면에서 적절한 매칭이 가능합니다."
초연결 기반 스마트 개인감시체계,2021-01,통신/전자,초연결 기반 스마트 개인감시체계,"Radio Frequency Sensing, Sensor Fusion, Autonomous Aircraft Teaming",,,data_match,high,"한국 기술 '초기 감시 네트워크 시스템'은 무선 주파수 감지, 센서 융합 및 자율 시스템과 관련이 있으며, 이는 미국 기술 '무선 주파수 감지, 센서 융합, 자율 항공기 팀워크'가 다루는 기능과 일치합니다."
무선통신장비,2020-11,통신/전자,무선통신장비,RADAR,1922-09,98.2,data_match,high,한국 핵심 기술 무선통신장비는 방위 응용 분야에서 사용되는 무선 통신 시스템인 미국 기술 RADAR와 일반적으로 매칭될 수 있는 범주입니다.
차세대 군용차 표준 플랫폼,2024-01,육상/지상,차세대 군용차 표준 플랫폼,Autonomous technologies,2024-01,0.0,data_match,high,한국의 핵심 기술인 '차세대 군용차 표준 플랫폼'은 미국의 '자율 기술' 목록에 나열된 기술과 일치하는 차량 플랫폼 기술입니다. 두 기술 모두 군용 차량의 첨단 자율 기능과 관련이 있습니다.
"['스마트폰 연동 전투지휘체계', '자폭 드론', '자율주행 무인차량']",2021-06,통신/전자,"스마트폰 연동 전투지휘체계, 자폭 드론, 자율주행 무인차량",Robotic Autonomous Systems (RAS) / Autonomous Ground Vehicle,2022-06,-1.0,data_match,high,한국의 '자율 주행 무인 차량' 기술은 자율 주행 지상 차량 기술을 다루는 미국의 '로봇 자율 시스템(RAS) / 자율 지상 차량' 기술과 일치합니다.
소형무인기 대응체계,2025-01,항공/공군,소형무인기 대응체계,missile defense systems,2022-01,3.0,data_match,high,"한국의 '소형 무인 항공기 방어 시스템' 기술은 소형 드론을 탐지하고 대응할 수 있는 레이더, 센서, 전자전 기술을 포함하며, 이는 미국의 '미사일 방어 시스템' 기술과 유사합니다."
티토믹 키네틱 퓨전,,우주,"티토믹 키네틱 퓨전 (Titomic Kinetic Fusion®, TKF)",CubeSat nanosatellite development and design,2023-05,,data_match,high,두 기술 모두 위성 및 우주 기술 개발과 관련이 있습니다.
수소전기트럭,2020-10,육상/지상,수소연료전지,Level 3 DC Fast Charging Station for Electric Aircraft,2023-09,-2.9,data_match,high,한국의 수소 전기 트럭에 사용되는 수소 연료 전지 기술은 전기 항공기 충전소 기술과 연관될 수 있는 전기 차량 기술의 일종입니다.
차세대 전술트럭,2020-09,육상/지상,차세대 전술트럭,Robotic Autonomous Systems (RAS) / Autonomous Ground Vehicle,2022-06,-1.8,data_match,high,미국의 '로봇 자율 시스템(RAS) / 자율 지상 차량' 기술은 한국의 '차세대 전술 트럭' 기술과 잘 매칭됩니다. 두 기술 모두 자율/로봇 지상 차량과 관련이 있습니다.
양자암호통신,2021-12,통신/전자,양자암호통신,Quantum-confined semiconductor infrared detectors and lasers,2013-09,8.2,data_match,high,"한국의 '양자 암호 통신' 기술은 양자 효과를 활용하는 다양한 애플리케이션, 특히 통신 및 센싱에 사용되는 미국의 '양자 구속 반도체 적외선 검출기 및 레이저' 기술과 유사합니다."
"무인잠수정(UUV), 센서 처리 및 활용 기술",2020-09,해상/해군,"무인잠수정(UUV), 센서 처리 및 활용 기술",Robotics and Autonomy Research,2021-02,-0.4,data_match,high,한국의 '무인 수중 차량(UUV) 및 센서 처리 및 활용' 기술은 자율 시스템 및 로봇 플랫폼 연구를 다루는 미국의 '로봇공학 및 자율성 연구' 기술과 관련이 있습니다.
컴뱃셔츠,2011-06,육상/지상,컴뱃셔츠,Autonomous Aircraft Control Systems / Tactical Autonomy,,,data_match,high,"한국의 '컴뱃셔츠' 기술은 군사 및 방어 응용 분야와 관련이 있으며, 이는 미국의 '자율 항공기 제어 시스템 / 전술 자율성' 기술과 합리적으로 매칭될 수 있습니다."
수소전기트램,2021-12,지상,수소전기트램,Electric Ground Power Unit (EGPU) with commercial battery electric technology,2023-08,-1.7,data_match,high,"한국의 '수소 전기 트램' 기술은 전기 추진 시스템을 포함하는 전기 차량의 일종이며, 이는 미국의 '상용 배터리 전기 기술을 포함하는 전기 지상 전원 장치(EGPU)'와 합리적으로 매칭될 수 있습니다."
위성통신 시스템,2020-08,통신/전자,위성통신 시스템,"Navigation Technology Satellite-3 (NTS-3) - Space-based Position, Navigation and Timing (PNT) system",2023-05,-2.8,data_match,high,"한국의 핵심 기술 '위성 통신 시스템'은 미국의 기술 'Navigation Technology Satellite-3 (NTS-3) - Space-based Position, Navigation and Timing (PNT) system'과 유사한 우주 기반 통신 및 내비게이션 시스템입니다. 두 기술 모두 위성 기반 통신 및 위치 확인/내비게이션 기능을 포함합니다."
Trent XWB-84 엔진,2015-08,항공/공군,트렌트 XWB-84 엔진,F-16,1978-01,37.6,data_match,high,"Trent XWB-84 엔진은 항공기에 사용되는 고성능 터보팬 엔진이고, F-16은 고성능 터보팬 엔진을 사용하는 미국의 전투기이므로, 엔진 기술 유형 면에서 서로 부합합니다."
후방지역 위성통신체계,2020-07,통신/전자,후방지역 위성통신체계,Optical intersatellite laser communication links,2023-12,-3.4,data_match,high,"한국의 기술 '후방 지역 위성 통신 시스템'은 위성 통신 시스템의 한 유형으로, 미국의 기술 '광학 위성 간 레이저 통신 링크'와 기술 유형 및 분야에서 유사합니다."
"감시·정찰, 미사일, 한국형 미사일방어, 지상전력, 해상·상륙전력, 공중･우주전력, 유･무인복합체계, 재난대응, 국방 R&D 역량 강화, 방위산업 육성",2025-06,"지상/육상, 해상/해군, 항공/공군, 우주, 미사일/방공","감시·정찰, 미사일, 한국형 미사일방어, 유·무인복합체계, 재난대응, 방위산업 육성",Directed Energy (DE) and Kinetic Energy (KE) weapon systems integration; Airborne High Energy Laser pod,2022-01,3.4,data_match,high,'직접 에너지' 및 '운동 에너지' 무기 시스템은 한국의 '미사일' 및 '미사일 방어' 기술과 밀접하게 부합합니다.
국방 드론,,항공/공군,국방 드론,"Autonomous robotics, artificial intelligence, unmanned systems",2021-02,,data_match,high,"한국의 국방 기술 '국방 드론'은 드론의 한 유형으로, 미국 기술 목록의 '자율 로봇, 가상 및 증강 현실, 무인 시스템' 범주에 속합니다."
"자동화 로봇, 가상 및 증강 현실, Cobotics",,항공/공군,"자동화 로봇, 가상 및 증강 현실, Cobotics","Artificial Intelligence, Autonomy",,,data_match,high,"한국의 핵심 기술인 자동화 로봇, 가상 및 증강 현실, 그리고 Cobotics (Collaborative Robotics)는 미국의 인공 지능 및 자율성 기술과 관련이 있습니다. 두 기술 모두 첨단 로봇 및 자율 시스템 개발에 초점을 맞추고 있습니다."
무인기,,항공/공군,무인기,Airborne science and technology research platforms with specialized sensor modifications,2023-08,,data_match,high,한국의 핵심 기술 '정찰/감시용 무인 항공기(UAV)'는 미국의 기술 '특수 센서 개조가 포함된 항공 과학 및 기술 연구 플랫폼'과 일치합니다. 두 기술 모두 감시 및 정찰 목적의 UAV/드론 기술과 관련이 있습니다.
수제맥주 캔 로켓,2021-00,우주,수제맥주 캔 로켓,CIRCE CubeSat Platform - Ionospheric and Particle Radiation Measurement System,2022-06,-1.5,data_match,high,"한국의 국방 기술 '탐사 로켓'은 우주 기술의 한 유형이며, 미국의 CIRCE CubeSat 플랫폼은 이온층 및 입자 방사선을 측정하는 유사한 우주 기반 기기로, 관련 분야에 속합니다."
Wiesel 2 장갑차,,육상/지상,Wiesel 2 장갑차,"Patriot Air Defense System, THAAD (Terminal High Altitude Area Defense)",2015-02,,data_match,high,"Wiesel 2는 경장갑차이고, Patriot 및 THAAD 시스템 또한 군사용 지상 방어 기술의 한 유형이므로, 기술 유형 및 분야 면에서 서로 부합합니다."
DIRCM (Directional Infrared Countermeasures),2020-07,항공/공군,DIRCM (Directional Infrared Countermeasures),"Patriot Air Defense System, THAAD (Terminal High Altitude Area Defense)",2015-02,5.4,data_match,high,"Patriot와 THAAD 방공 시스템은 적외선 유도 미사일을 격추하도록 설계되었으며, 이는 한국의 DIRCM 기술과 유사한 기능입니다. 두 시스템은 다른 플랫폼에서 작동하지만, 전반적인 방공 시스템의 일부입니다."
신형 헬멧 카메라,2020-06,지상/육상,신형 헬멧 카메라,Neuromorphic event-based cameras for space applications,2022-01,-1.6,data_match,high,"새로운 헬멧 카메라 기술'은 미국의 '신경형태 이벤트 기반 카메라' 기술과 일치하며, 이 둘은 모두 카메라/이미징 분야에 속합니다."
공대지 유도미사일 햄머,,미사일/방공,공대지 유도미사일 햄머,Palletized Weapon System with Beyond-Line-of-Sight Command and Control,2021-07,,data_match,high,"한국의 '지대지 유도 미사일' 기술은 미국의 '시야 밖 명령 및 제어 팔레트화된 무기 시스템' 기술과 일치하며, 이 둘은 모두 미사일/무기 시스템입니다."
"['갤럭시 S20 Tactical Edition', '5G', '데이터 암호화']",2020-05,통신/전자,갤럭시 S20 Tactical Edition,Moonlighter 3U CubeSat - On-Orbit Cybersecurity Testing Platform,2023-07,-3.2,data_match,high,"한국 기술 Galaxy S20 Tactical Edition은 스마트폰이고, 미국 기술 Moonlighter 3U CubeSat은 궤도상 사이버 보안 테스트를 위한 플랫폼입니다. 플랫폼은 다르지만 둘 다 통신 및 전자 시스템을 포함하므로 적절한 일치점이 있습니다."
AOS 알파(AI 기반 자동차 수리비 자동견적 시스템),2020-05,통신/전자,AI 기반 자동차 수리비 자동견적 시스템,"Cloud Computing Infrastructure, Internet of Battlefield Things (IoBT), Artificial Intelligence/Machine Learning",2021-02,-0.8,data_match,high,"한국 기술은 AI 기반 자동 수리 비용 추정 시스템이며, 이는 AI 시스템의 더 넓은 범주에 속합니다. 미국 기술 목록에는 '클라우드 컴퓨팅 인프라, 전장 사물 인터넷(IoBT), 인공 지능/기계 학습'이 포함되어 있어 기술 유형 및 분야(통신/전자)에서 적절한 일치점이 있습니다."
"['센서/통신', '무기/방어체계', '재료/제조', '항공기']",2020-03,육상/지상,중형전술트럭,Infantry Squad Vehicle (ISV) - ground mobility platform,2022-02,-1.9,data_match,high,두 기술 모두 군사 작전을 위한 지상 이동 플랫폼이지만 다른 플랫폼(트럭 vs. 차량)에서 제공됩니다.
"무인항공기시스템(UAS), 스카이가디언(SkyGuardian)",,항공/공군,무인항공기시스템(UAS),Skyborg autonomous aircraft system / AI-driven autonomy development,2020-09,,data_match,high,"한국 기술 '원격 조종 항공기(RPA)'는 미국 기술 'Skyborg 자율 항공기 시스템/AI 기반 자율성 개발'과 일치하며, 이 둘 모두 무인 항공기 시스템과 관련이 있습니다."
차기 ¼톤 표준차량,,육상/지상,차기 ¼톤 표준차량,Robotic Autonomous Systems (RAS) / Autonomous Ground Vehicle,2022-06,,data_match,high,"한국 핵심 기술 '경량 1/4톤 표준 차량'은 지상/육상 차량의 일종이며, 미국 기술 '로봇 자율 시스템(RAS)/자율 지상 차량'과 일치합니다. 둘 다 차량/운송 기술과 관련이 있습니다."
T-34/85 전차,1950-07,육상/지상,T-34/85 전차,400Hz Aircraft Power Lightcart (400 APL),2024-01,-73.5,data_match,high,"T-34/85는 주력 전차이고, 400Hz 항공기 전원 경량 수레는 항공기 전원 시스템과 관련된 기술로, 이는 지상 차량과는 다른 but 관련된 분야입니다."
차세대중형위성 시스템 개발,2020-01,우주,차세대중형위성 시스템 개발,Nanosatellite mission design and CubeSat development,2024-05,-4.3,data_match,high,"한국 기술 '차세대 중형 위성 시스템 개발'은 위성 시스템 설계, 버스 개발, 제조, 조립 및 테스트를 포함하며, 이는 미국 기술인 나노위성 임무 설계 및 CubeSat 개발과 매우 유사합니다."
"영상감시장치(CCTV), 원격감시체계",2020-01,항공/공군,영상감시장치(CCTV),Advanced Battle Management System (ABMS) with secure bi-directional data sharing architecture,2020-12,-0.9,data_match,high,"한국 기술인 '항공/공군' 분야의 '원격 모니터링 시스템'은 지휘 및 통제 시스템의 일종이며, 이는 군사 작전을 위한 안전한 데이터 공유를 제공하는 미국 기술인 '고급 전투 관리 시스템(ABMS)'와 일치할 수 있습니다."
민수용 차량,2012-01,육상/지상,민수용 차량,3D Printing / Additive Manufacturing,2018-03,-6.2,data_match,high,"한국의 핵심기술 '民 수용 차량 (vehicle for civilian use)'은 차량 부품의 시제품 제작 및 제조에 활용할 수 있는 기술로, 미국의 '3D 프린팅 / 적층 제조' 기술과 연계될 수 있습니다."
펭귄 대함미사일,1972-01,해상/해군,펭귄 대함미사일,"Directed Energy Weapons (Lasers), Railguns",2015-05,-43.3,data_match,high,"한국의 기술 '펭귄 대함 미사일'은 미사일/무기 체계의 한 종류로, 미국의 '지향성 에너지 무기 (레이저), 레일건' 기술과 매칭됩니다."
"자율비행, 인공지능, 항공전자, 모빌리티 플랫폼, 스마트 캐빈, 스마트 팩토리",,항공/공군,"자율비행, 인공지능, 항공전자, 모빌리티 플랫폼, 스마트 캐빈, 스마트 팩토리",Advanced composite manufacturing for aircraft structures,2022-11,,data_match,high,한국의 핵심기술인 '항공전자' 기술은 항공 우주 기술의 핵심 요소인 첨단 복합소재 제조 기술과 연계됩니다.
수소전기버스,2021-00,육상/지상,수소전기버스,Nickel-Zinc (Ni-Zn) Water-Based Battery with 3-D Zinc Sponge Anode,2017-04,3.7,data_match,high,"한국의 기술 수소전기버스 (hydrogen electric bus)는 전기 차량과 배터리 기술을 다루는 기술로, 미국의 니켈-아연 (Ni-Zn) 수성 배터리 기술과 연계될 수 있습니다."
중형표준차량,2019-11,육상/지상,중형표준차량,Conventionally powered submarine (diesel-electric),2023-09,-3.8,data_match,high,"한국의 기술 중형표준차량 (medium-sized standard vehicle)은 군용 지상 차량이며, 이는 미국의 디젤-전기 추진 잠수함 기술과 같은 군용 차량/플랫폼 기술과 연계될 수 있습니다."
다출처 영상융합체계,2022-06,통신/전자,다출처 영상융합체계,"Cloud Computing Infrastructure, Internet of Battlefield Things (IoBT), Artificial Intelligence/Machine Learning",2021-02,1.3,data_match,high,"한국의 기술 '다중 소스 영상 융합 시스템'은 영상 처리와 AI/ML 시스템을 다루는 기술로, 미국의 '클라우드 컴퓨팅 인프라, 전장 사물인터넷 (IoBT), 인공지능/기계 학습' 기술과 관련이 있습니다."
항공 소프트웨어 개발 도구,2019-10,항공/공군,항공 소프트웨어 개발 도구,Autonomous Aircraft Control Systems / Tactical Autonomy,,,data_match,high,"한국의 핵심기술 '항공 소프트웨어 개발 도구'는 항공/공군 분야의 소프트웨어 개발 도구이며, 이는 자율 항공기 제어 시스템 / 전술 자율성 기술과 잘 어울립니다."
C-130J 수송기,,항공/공군,C-130J 수송기,Scan Eagle UAS,,,data_match,high,"C-130J는 수송기이며, '스캔 이글 UAS'는 무인항공기 (UAV) 시스템의 한 종류입니다."
차세대 중형표준차량 및 5톤 방탄킷 차량,2024-01,육상/지상,차세대 중형표준차량 및 5톤 방탄킷 차량,Abrams tanks,,,data_match,high,"한국의 핵심기술 '차세대 중형 표준차량과 5톤 장갑차'는 군용 차량의 한 유형이며, 이는 아브람스 전차와 같은 미국의 군용 지상 차량 기술과 유사합니다."
드론 전용 비행시험장,2020-05,항공/공군,드론 전용 비행시험장,"Autonomous robotics, artificial intelligence, unmanned systems",2021-02,-0.8,data_match,high,"한국의 핵심기술 '드론 전용 비행시험장'은 드론 시험을 위한 시설로, 미국의 '자율 로봇, 인공지능, 무인 시스템' 기술 분류에 포함됩니다."
수직이착륙 무인헬기,2019-07,항공/공군,수직이착륙 무인헬기,Unmanned Aircraft Systems (UAS) / Platform Hardware,2020-10,-1.2,data_match,high,"'수직이착륙 무인헬기'의 한국 핵심 기술은 무인기 시스템의 한 유형으로, 이는 미국의 '무인항공기 시스템(UAS) / 플랫폼 하드웨어' 기술과 일치합니다."
하이브리드 드론,2019-08,항공/공군,하이브리드 드론,"Autonomy, Advanced Air Mobility, Unmanned Aerial Systems (UAS)",2022-04,-2.7,data_match,high,"한국의 '하이브리드 드론' 기술은 무인항공 시스템(UAS)의 한 유형일 가능성이 높으며, 이는 자율성, 첨단 항공 모빌리티 및 무인항공 시스템에 대한 미국의 기술과 일치합니다."
"K1A 기관단총, K-15 경기관총, K2C1 소총",2020-06,육상/지상,소총 및 기관단총 개발,small unmanned aircraft system (sUAS),2023-09,-3.2,data_match,high,"'소총 및 기관단총 개발'이라는 한국의 기술은 무기 시스템이며, 이는 미국의 '소형 무인항공기 시스템(sUAS)'기술과 합리적으로 일치할 수 있습니다. 두 기술 모두 군사/방위 기술이지만 구체적인 플랫폼은 다릅니다."
9mm SMART 권총,2020-06,기타,9mm SMART 권총,Railgun (Small Bore Railgun - SRG),2014-03,6.2,data_match,high,"9mm SMART 권총과 레일건(SRG)은 각각 소화기 기술과 총기 기술이므로, 작동 원리는 다르지만 총기/무기 기술이라는 점에서 일치합니다."
"['M72 66mm LAW', 'Panzerfaust 3']",1970-06,육상/지상,대전차 무기,"M1A2 SEPv3 Abrams, M2A4 Bradley Fighting Vehicle, M109A7 Paladin, AMPV",2024-09,-54.2,data_match,high,"이들은 대전차 기능을 갖춘 미국의 지상 전투 차량 및 장갑 전투 차량들이며, 이는 한국의 '대전차 무기' 기술과 일치합니다."
"['중형전술차량', '차기 표준차량(2.5톤/5톤급)']",2021-06,육상/지상,중형전술차량,Robotic Autonomous Systems (RAS) / Autonomous Ground Vehicle,2022-06,-1.0,data_match,high,"한국의 '중형전술차량'은 지상/육상 차량 기술이며, 이는 미국의 로봇 자율 시스템(RAS) 및 자율 지상 차량 기술과 일치합니다."
민수용 차량 도입,2012-12,육상/지상,민수용 차량 도입,ALIA electric aircraft,2023-10,-10.8,data_match,high,"두 기술 모두 군용 차량, 특히 지상 차량과 관련됩니다. ALIA 전기 항공기 기술은 플랫폼이 공중(공기 기반)이지만 여전히 군용 차량 기술의 더 넓은 범주에 속합니다."
"['K1A 기관단총', 'K-15 경기관총', 'K2C1 자동소총', 'KSPW(Korea Special Purpose Weapon)', '비살상용 권총']",2019-08,육상/지상,소총 개발,Multiple emerging defense technologies,2016-12,2.7,data_match,high,"'돌격소총 개발'(기관단총, 기관총, 비치명적 권총 포함)이라는 한국의 핵심 기술은 '다양한 신흥 국방기술'이라는 범주의 미국 기술과 대략적으로 일치할 수 있습니다. 정확한 일대일 대응은 아니지만, 이 범주는 미국에서 개발 중인 다양한 소형 화기 및 무기 기술을 포함할 것으로 보이므로 한국 핵심 기술에 대한 합리적인 대응으로 간주될 수 있습니다."
"인공지능(AI), 스마트 안전관리 체계",2019-08,육상/지상,인공지능(AI),Artificial Intelligence and Machine Learning,2020-05,-0.8,data_match,high,"한국의 '인공지능(AI)' 핵심 기술은 지상/지면 영역에서의 데이터 분석 및 의사결정 지원과 일치하며, 이는 다양한 AI 및 ML 응용 기술을 포괄하는 미국의 '인공지능 및 기계 학습' 기술과 일치합니다."
