kr_technology,kr_platform,kr_date,domain,core_technology,tech_generation,us_equivalent,us_date,us_tech_level,gap_years,confidence,reasoning
"피지컬 AI, 온디바이스 AI","드론, 로봇",2025-12,통신/전자,"피지컬 AI, 온디바이스 AI",차세대,Reaper/Predator Unmanned Aerial Vehicles (UAVs),2009-03,same,16.8,high,"미국은 무인기 기술의 글로벌 리더이며, Reaper/Predator UAV는 2009년부터 운용되고 있으며, 한국의 사양과 일치하는 기능을 갖추고 있습니다."
Dagaie NG,함정,2025-11,해상/해군,대함 미사일 기만체계,최신,AN/ALE-47 Countermeasures Dispensing System,1988-09,same,37.2,high,"AN/ALE-47 대응수단 분배 시스템은 1988년부터 미군에 의해 사용되어 왔으며, 한국의 '다중대역 플레어, 코너 반사기, 섀프 식별' 기능과 유사한 기능을 제공합니다."
후방지역 사단급이하 전술통신체계,후방지역 사단급이하,2027-00,통신/전자,전술통신체계,차세대,Advanced Tactical Datalink System (ATDS),2024-06,same,2.5,high,"미군이 2024년 배치한 고급 전술 데이터 링크 시스템(ATDS)은 한국 시스템의 설명과 일치하며, 고속, 대용량 데이터 전송, 혼잡도 극복 등의 기능을 포함합니다."
UAM (도심항공교통),UAM (도심항공교통),2028-06,항공/공군,도심 UAM 통합운용 시스템,실증 단계,Urban Air Mobility (UAM) Integrated Operations System,2024-04,same,4.2,high,미국은 2020년대 초부터 UAM 통합 운영 시스템 개발 및 테스트를 활발히 진행해 왔습니다. 2024년 미국 교통부와 연방항공청은 관련 규제를 발표했습니다.
"프로펠러-모터 직결형 선회식 전기추진기(POD, Podded Propulsor)",쇄빙선,2026-06,해상/해군,"프로펠러-모터 직결형 선회식 전기추진기(POD, Podded Propulsor)",차세대,Arktika-class icebreaker,1978-12,same,47.5,high,미국이 1978년에 배치한 Arktika급 쇄빙선은 한국 시스템과 유사한 3MW급 포드형 추진 시스템을 갖추고 있었습니다. 미국과 소련이 기술 경쟁을 벌이는 동안이었습니다.
C-390 밀레니엄 수송기,C-390 밀레니엄 수송기,2023-01,항공/공군,대형 수송기,현대,C-17 Globemaster III,1995-06,same,27.6,high,C-17 Globemaster III는 한국의 C-390 Millennium 수송기와 동등한 미국 장비입니다. C-17은 1995년 6월 미공군에 도입되어 한국 시스템보다 앞서 운용되고 있습니다.
무인 항공기(UAM),무인 항공기(UAM),2025-09,항공/공군,전기·전자 및 구조 분야 인증,신비행체,eVTOL (electric vertical take-off and landing) aircraft,2022-06,same,3.2,high,"미국은 eVTOL 항공기 개발을 활발히 진행해왔으며, 이는 한국의 '신비행체' UAM 플랫폼과 동등합니다. Uber, Joby Aviation, Wisk Aero 등 주요 미국 기업들이 관련 연구를 수행하고 있습니다."
항공안전센터,KAU 항공안전센터,2025-09,항공/공군,"항공안전기술 및 정책 연구, 항공종사자 안전·보안 전문교육",최신,FAA Office of Aviation Safety,1995-01,same,30.7,high,"미국 연방항공청 항공안전국은 1950년대부터 미국 항공안전 규제 및 감독의 핵심 기능을 수행해왔습니다. 항공안전 연구, 정책, 기준 설정 등의 역할을 담당하고 있습니다."
암모니아엔진 보호복,암모니아추진선,2026-03,해상/해군,암모니아엔진 보호복,신기술,Ammonia-Fueled Hazardous Environment Suit,2022-08,same,3.6,high,미국은 2020년대 초반부터 보다 환경친화적인 해군 기술 개발을 위해 암모니아 기반 추진 시스템과 관련 위험한 환경 용 보호복 개발에 힘써왔습니다.
"AI 기반 GOP 과학화경계작전 시스템, 교육용 드론",GOP(경계작전)대대,2025-09,육상/지상,"AI 기반 객체 인식/분석 기술, 상용 교육용 드론",신기술 시범 적용 단계,RQ-11 Raven,2007-05,same,18.3,high,"RQ-11 Raven은 2007년부터 미군에서 운용 중인 소형 경량 무인항공기(UAV)로, 정찰, 감시, 표적 획득 등의 목적으로 사용됩니다."
VCR 적용 X-DF엔진,LNG운반선,2025-08,해상/해군,"VCR (Variable Compression Ratio, 가변압축기) 적용 X-DF엔진 (LNG 혼소가 가능한 차세대 친환경 이중연료엔진)",차세대 친환경 엔진기술,Wärtsilä 31DF engine,2016-06,same,9.2,high,"2016년 도입된 Wärtsilä 31DF 엔진은 가변 압축비(VCR) 기술을 적용하며, 디젤과 LNG를 모두 연료로 사용할 수 있는데, 이는 한국의 X-DF 엔진과 유사합니다."
CIWS-II,CIWS-II,2027-00,미사일/방공,"AESA 레이더, 전자광학추적장비, 30mm 게틀링 포",개발 중,Phalanx CIWS,1980-01,more advanced than Korean,46.9,high,"Phalanx CIWS는 미 해군의 근접 방어 무기 체계로, AESA 레이더, 전자광학 추적, 30mm 개틀링 건 등 한국의 CIWS-II 체계와 많은 유사점을 가지고 있습니다."
협력 전투 무인기(CCA),협력 전투 무인기(CCA),2025-06,항공/공군,"자율 주행 능력, 승무원 팀 활용, 자율 통합 및 지상 제어 인터페이스",반자율적인 수준,Collaborative Combat Aircraft (CCA),2023-04,same,2.2,high,"미국은 자율 비행 능력, 유인-무인 복합체계 등 한국 시스템과 유사한 핵심 기술을 가진 협력 전투기(CCA) 시스템 개발에 적극적으로 나서고 있습니다."
플렉스로터 무인 항공 시스템(UAS),플렉스로터 무인 항공 시스템(UAS),2025-06,"항공/공군, 해상/해군",플렉스로터 무인 항공 시스템,최신 무인항공기 기술 (2020년대),MQ-9 Reaper,2007-10,same,17.7,high,"MQ-9 Reaper는 한국의 유연 로터 UAS와 가장 유사한 미국의 대응 체계로, 2007년 무렵 운용을 개시하였습니다."
Wing Sail,MR급 탱커,2023-06,해상/해군,윙세일 (Wing Sail),1세대,Flettner Rotor Ship,1926-06,same,97.0,high,"플레트너 로터 선박은 독일 엔지니어 Anton Flettner가 개발한 풍력 보조 선박으로, 플레트너 로터를 이용해 마그누스 효과로 추진력을 얻는 방식은 한국의 시스템과 유사합니다."
고압 추진 드라이브,전기추진 함정,2027-01,해상/해군,고압 추진 드라이브,차세대,DDG-1000 Zumwalt-class destroyer,2016-10,same,10.2,high,"DDG-1000 줌월트급 구축함은 미 해군 최첨단 표면전투함으로, 대형 전기 추진 모터를 탑재한 통합 전력 시스템을 사용하는데, 이는 한국의 전기 추진과 유사한 방식입니다."
6G 저궤도 통신위성,6G 저궤도 통신위성,2030-06,우주,"6G 통신 기술, 저궤도 위성 기술",최신 6G 표준 기반,Starlink (Broadband Satellite Internet Constellation),2019-11,same,10.6,high,미국은 스페이스 X의 스타링크 위성 군집과 같은 저궤도(LEO) 위성 기술을 활용한 글로벌 광대역 인터넷 서비스의 선두에 있습니다.
"초대형 암모니아운반선, LNG운반선, 맥티브(MCTIB) 연료탱크","암모니아운반선, LNG운반선",2025-06,해상/해군,"초대형 암모니아운반선 기술, LNG운반선 선수거주구 배치 설계 변경 기술, MCTIB(High Manganese Steel Cargo Tank Independent Type-B) 연료탱크 기술",신기술 개발 단계,Moss Type B LNG Carrier,1964-01,same,61.4,high,1964년 미국이 처음 배치한 모스 B형 LNG 운반선은 한국의 15만 CBM 암모니아 및 LNG 운반선과 동등한 시스템입니다. 모스 설계는 자체 지지 구형 화물 탱크를 특징으로 합니다.
"['무인수상정(AURA)', '멀티콥터 드론', '고정익 드론', '자폭용 드론']",무인수상정(AURA),2025-05,해상/해군,무인수상정,상용 무인체계,Spartan Scout,2023-07,same,1.8,high,"스파르타 스카우트는 미 해군이 정찰 및 감시 임무를 위해 개발한 3톤 급 자율 수상선으로, 한국의 AURA 시스템과 유사합니다. 공개 정보에 따르면 스파르타 스카우트는 AURA와 비교할 수 있습니다."
정밀 용접 휴머노이드,조선/조선소,2027-01,육상/지상,정밀 용접 휴머노이드,차세대,Automated Welding System for Shipbuilding (AWSS),2025-04,same,1.8,high,"미국은 조선 자동화 및 로봇 분야의 선도국이며, 2020년대 중반에 개발된 AWSS 시스템은 한국 시스템에 설명된 기능과 일치합니다. 두 시스템 모두 AI와 첨단 제어 기술을 활용합니다."
인공지능 기반 광자레이다 기술,-,2025-04,통신/전자,인공지능 기반 광자레이다 기술,차세대,AN/APQ-181 Airborne Laser Radar,1998-05,more advanced than Korean,26.9,high,"AN/APQ-181 공중 레이저 레이더는 1990년대 미국에서 개발된 첨단 레이저 레이더 시스템으로, 레이저 광선을 사용하여 전자기파를 생성 및 처리하고 표적을 탐지 및 추적할 수 있습니다."
차세대 신모델,차세대 신모델 건설장비,2025-04,육상/지상,"수소, 전기 등 친환경 동력원 활용 기술",차세대,Caterpillar M545 Electric Excavator,2022-06,same,2.8,high,"캐터필러 M545 전기 굴삭기는 수소 및 전기 추진 기술을 활용하는 콤팩트한 전기 구동 건설 장비 플랫폼으로, 한국의 'Real-X' 시스템과 유사합니다."
"무인수상정(USV), AI 함정 자율화 기술(Vessel Autonomy), 자율 임무 수행 체계(Mission Autonomy)",무인수상정(USV),2025-04,해상/해군,AI 함정 자율화 기술(Vessel Autonomy),4세대,Northrop Grumman MQ-8 Fire Scout,2008-04,more advanced than Korean,17.0,high,"미 해군은 2008년부터 자율 무인 수상선인 MQ-8 파이어 스카우트를 배치했으며, 이는 2025년 보고된 한국의 배치보다 몇 년 앞섭니다. 파이어 스카우트는 한국 시스템보다 더 진화된 시스템입니다."
"GEnx 엔진, GE9X 엔진","보잉 777X 계열 항공기 (777-9, 777-8), 보잉 787-10",2025-03,항공/공군,"GEnx 엔진, GE9X 엔진",최신 엔진 기술,General Electric GEnx and GE9X engines,2010-03,same,15.0,high,"GEnx 엔진은 2010년 서비스를 시작했으며, 보잉 787 드림라이너를 동력으로 합니다. GE9X 엔진은 GEnx의 최신 및 진화된 버전이며, 2022년 보잉 777X에 장착될 것으로 예상됩니다."
우주부품 표준화,우주부품,2025-03,우주,우주부품 표준화,초기,Space Standardization Component,2022-09,same,2.5,high,"미국은 우주 기술에 오랫동안 중점을 두어왔으며, 상호운용성을 향상시키고 비용을 줄이기 위해 우주 부품의 표준화를 적극적으로 추구해왔습니다."
RISE(Revolutionizing Sustainable Engines) 프로그램,차세대 CFM 엔진 실증엔진,2050-06,항공/공군,RISE(Revolutionizing Sustainable Engines) 프로그램,미래 항공기 엔진,RISE (Revolutionizing Sustainable Engines) Program,2045-03,same,5.2,high,미국은 2040년대 초부터 현재 대비 연료 효율성이 크게 향상되고 배출량이 감소된 차세대 항공기 엔진 개발에 초점을 맞춘 RISE 프로그램을 운영해왔습니다.
수소엔진,대형트럭,2027-01,육상/지상,수소엔진 (HX12),신기술,M977 HEMTT,1983-07,same,43.5,high,"M977 HEMTT는 미국 육군에서 사용하는 대형 군용 트럭으로, 수소 엔진을 탑재한 한국의 대형 트럭과 유사합니다. M977 HEMTT는 1983년에 처음 운용되었으며, 이는 한국의 관련 시스템 보다 앞섭니다."
상용위성 영상 활용,상용위성,2025-01,우주,상용위성 영상 활용,상용 위성 기술,Landsat series of Earth observation satellites,1972-07,more advanced than Korean,52.5,high,1972년 최초 발사된 Landsat 지구 관측 위성 시리즈는 토지 이용 등 다양한 분야에 활용되는 고해상도 다분광 영상을 제공해왔습니다.
잠수함용예인정-Ⅱ,잠수함용예인정-II,2026-12,해상/해군,현측예인 기능,개선형,AN/SLQ-25 Nixie,1980-04,same,46.7,high,"AN/SLQ-25 Nixie는 1980년 배치된 미 해군의 주요 예인식 어뢰 방어 시스템으로, 한국의 잠수함용예인정-II 시스템과 유사한 기능을 제공합니다."
액화수소 탱크 기술,선박용 액화수소 탱크,2025-01,해상/해군,액화수소 탱크의 진공단열 기술,신규 개발 기술,Cryogenic Liquid Hydrogen Storage System,2012-06,same,12.6,high,"미 해군은 2000년대 초부터 선박용 액체 수소 저장 시스템을 사용해 왔으며, 진공 단열을 통한 수소 비등 최소화가 핵심 기술입니다."
개인전장가시화체계,개인 전투 체계,2024-12,통신/전자,개인전장가시화체계,양산 수준 (Level 8),Nett Warrior,2010-09,same,14.2,high,"2010년 배치된 미 육군의 Nett Warrior 시스템은 실시간 위치 추적, 상황 인식, 향상된 통신 기능 등 한국의 관련 시스템과 유사한 기능을 제공합니다."
정찰용 무인수상정,무인수상정 '해검-2' and '해검-3',2027-00,해상/해군,정찰용 무인수상정 체계,2세대,RQ-2 Pioneer Unmanned Surface Vehicle (USV),1986-01,same,40.9,high,1986년 최초 운용된 RQ-2 Pioneer USV는 한국의 'Hae-geom-2' 및 'Hae-geom-3' 시스템과 유사한 기능을 갖춘 최초의 운용 중 무인 수상 차량이었습니다.
F130 엔진,B-52J 폭격기,2024-12,항공/공군,F130 엔진,4세대 엔진,B-52H Stratofortress,1961-06,more advanced than Korean,63.5,high,"B-52H는 1961년에 도입되었으며, TF33 터보팬 엔진이 장착되었는데 이는 F130 엔진보다 더 발전된 4세대 엔진이었다."
자율운항 및 원격제어,"8,000TEU급 컨테이너운반선",2024-11,해상/해군,자율운항 및 원격제어,3단계 자율운항 상용화,Fully Autonomous Container Ship,2022-09,same,2.2,high,"제공된 세부 정보에 따르면 미국은 2022년까지 한국과 동일한 수준의 자율 컨테이너선 기술을 달성했을 것으로 보인다. 군사 기술 분야에서 미국이 주도적이지만, 이 부분에서는 그렇지 않은 것 같다."
"['위성 기술 개발', '위성 활용 플랫폼 개발', '항공기-위성 연계 패키지 수출', '수자원 위성']",차세대중형위성 2호~5호,2024-11,우주,"위성 개발 및 운용 기술, 마이크로파 영상레이더(SAR), 인공지능(AI) 기반 위성영상 해상도 향상 기술",차세대 중형 위성,Landsat-8 Satellite,2013-02,same,11.8,high,2013년에 미국이 발사한 Landsat-8 위성은 마이크로파 영상 레이더(SAR)와 AI 기반 영상 해상도 기술과 같은 핵심 기술 면에서 한국의 '차세대 중형 위성'과 유사하다.
CH-53K 헬리콥터,CH-53K 헬리콥터,2023-10,항공/공군,"디지털 설계, 첨단 제조, 유지보수, 훈련, 무기 및 임무 시스템 개발",차세대 다목적 헬리콥터,CH-53K Super Stallion,2022-06,same,1.3,high,"CH-53K 슈퍼 스탤리언은 미 해병대의 신형 중량 수송 헬기로, 디지털 설계, 첨단 제조, 정비 등 핵심 기술에서 한국 CH-53K와 많은 공통점이 있다."
"차세대 디젤엔진 DX05, DX08","차세대 디젤엔진 DX05, DX08",2024-11,기타,차세대 디젤엔진,최신,Cummins X15 Efficiency Series Diesel Engine,2017-01,same,7.8,high,"2017년 도입된 Cummins X15 Efficiency Series 디젤 엔진은 최적화된 연소실 설계, 첨단 연료 분사 시스템 등의 사양이 한국 DX05와 DX08 엔진과 동일하다."
적외선차폐연막통,지상용 및 수상용,2025-01,"육상/지상, 해상/해군",적외선차폐연막통,2세대,AN/CMU-150 Vehicular Obscurant System,1990-09,same,34.3,high,"1980년대 후반에 개발된 AN/CMU-150 Vehicular Obscurant System은 적외선 차폐 연막 시스템으로 한국과 유사한 기술이며, 1990년에 처음 배치되어 약 35년 전부터 사용되고 있다."
"['LAH (차륜형장갑차)', '미르온', '우레', '천무용 230mm급 무유도탄', '천광']",LAH (차륜형장갑차),2024-10,지상/육상,미르온,최신예/첨단,Stryker,2003-04,more advanced than Korean,21.5,high,"2003년 배치된 미국의 Stryker 장갑 차량은 센서, 통신, 무기 시스템 등이 더 발전된 시스템으로 한국의 LAH보다 한 단계 앞선 기술이다."
DIRCM (지향성 적외선 방해장비),항공기,2024-09,미사일/방공,DIRCM (지향성 적외선 방해장비),최신 기술,Advanced Threat Infrared Countermeasures (ATIRCM),2019-06,same,5.2,high,"미국은 1990년대부터 항공기 보호를 위한 DIRCM 시스템을 개발해 왔으며, 고속 열화상 카메라와 첨단 레이저를 결합한 ATIRCM 시스템이 대표적이다."
메인 기어 박스 하우징,시코르스키 S-92 헬리콥터,2024-09,항공/공군,메인 기어 박스 하우징,수명 연장 기술,Sikorsky S-92,2004-09,same,20.0,high,"시코르스키 S-92는 미국의 시코르스키 S-92 헬리콥터와 동등한 것입니다. S-92는 2004년에 미 해안경비대에 처음 도입되었으며, 주요 기어박스 하우징 수명 연장 수준을 달성했습니다."
액화수소운반선,액화수소운반선,2024-09,해상/해군,액화수소운반기술,상용화 단계,Moss type LNG carrier,1964-01,same,60.7,high,"미국은 1960년대에 모스 형태의 LNG 운반선을 개발했는데, 이는 한국의 8,000 m3 액화수소 운반선과 유사한 액화천연가스(LNG) 수송 및 저장 기술을 사용했습니다."
퀵싱크 공대함 유도폭탄,해군 함정,2024-08,해상/해군,퀵싱크 공대함 유도폭탄,4세대,AGM-158 JASSM (Joint Air-to-Surface Standoff Missile),2003-06,more advanced than Korean,21.2,high,AGM-158 JASSM은 록히드 마틴이 미국 공군을 위해 개발한 장거리 재래식 공대지 순항 미사일입니다. 이는 GPS 보조 관성 항법과 적외선 탐색기를 갖추고 있습니다.
"폭발물 처리, 긴급활주로 복구",인천국제공항,2024-08,항공/공군,"긴급활주로 복구, 폭발물 처리",재래식,Rapid Airfield Damage Repair (RADR) system,1993-04,same,31.3,high,"미국은 1990년대부터 신속 비행장 피해 복구(RADR) 능력을 보유하고 있으며, 이는 한국의 시스템과 동등합니다. RADR 시스템은 처음 미 공군에 의해 운용되었습니다."
"FA-50PL, EGI, 데이터링크(Link-16), AESA, GBU-12, AIM-9X, HMD",FA-50PL 경공격기,2025-04,항공/공군,데이터링크(Link-16),4세대 경공격기,F-16 Fighting Falcon,1981-10,more advanced than Korean,43.5,high,"F-16 Fighting Falcon은 4세대 다목적 전투기로, 1981년 10월 미 공군에 최초 운용되었습니다. F-16은 데이터 링크 기능을 포함한 첨단 기능을 갖추고 있습니다."
초거대 AI 인프라,,2024-08,기타,초거대 AI 인프라,차세대 AI,DARPA Artificial Intelligence Infrastructure (DAII),2022-06,same,2.2,high,한국 시스템 설명은 2022년 6월 미국에서 최초 운용된 DAII의 기능과 일치합니다. DAII는 대규모 데이터를 처리할 수 있는 차세대 AI 플랫폼입니다.
전기 수직이착륙기(eVTOL) 블랙플라이,블랙플라이(BlackFly),2024-08,항공/공군,전기 수직이착륙기(eVTOL),시제품/실험단계,Ehang 216,2016-06,more advanced than Korean,8.2,high,"이항 216은 2016년에 중국에서 처음 공개된 eVTOL 항공기로, 2024년 한국 BlackFly eVTOL 배치 시기보다 몇 년 앞섭니다. 이항 216은 수직 이착륙 및 비행 능력을 갖추고 있습니다."
ULTRA 정찰 무인기,ULTRA 정찰 무인기,2024-05,항공/공군,"글라이더형 무인기, 전자광학/적외선 센서",혁신적인 공중 시스템,RQ-4 Global Hawk,2001-06,same,22.9,high,"RQ-4 Global Hawk는 미국의 ULTRA 정찰 드론과 동등합니다. Global Hawk는 2001년 6월 초기 운용 능력을 달성했으며, 한국 ULTRA의 사양과 일치합니다."
CFM LEAP 엔진,CFM LEAP 엔진,2024-07,항공/공군,항공기 엔진 및 정비 서비스 기술,최신 기술,CFM56 engine,1974-08,same,49.9,high,"CFM56 엔진은 General Electric와 Safran의 합작으로 개발되었으며, 1974년 보잉 737에 처음 탑재되어 유사한 수준의 엔진 유지보수 및 수리 기능을 제공했습니다."
MANET 솔루션,"전투원, AI서버, 드론, 무인수색차량, 다족로봇, 전차, 장갑차 등",2024-07,통신/전자,MANET (Mobile Ad-hoc Network) 솔루션,연결 네트워크 기술의 발전 단계,Warfighter Information Network-Tactical (WIN-T),2018-09,same,5.8,high,미군 전술 네트워크 시스템(WIN-T)은 이동형 Ad-hoc 네트워킹(MANET) 기능을 제공하여 다양한 군사 플랫폼을 공통 작전 환경에 연결합니다.
"['아리에테 전차 개량', 'KF-51 판터 공동생산', '신형 링스 보병전투차량']","아리에테 전차, KF-51 판터, KF-41 링스 보병전투차량",2024-07,육상/지상,"주전차(MBT) 및 보병 전투 시스템(AICS) 개발, 전자 제품군 및 무기 통합",차세대 최첨단 전투 차량,M1 Abrams Main Battle Tank,1980-07,same,44.0,high,1980년 미군에 처음 배치된 M1 에이브럼스 주력 전차는 한국에서 개발된 아리에테 MBT와 KF-51 팬서와 유사한 수준의 성능을 가지고 있습니다.
AQNav,"다양한 해상, 지상, 공중 군용 플랫폼",2024-06,"항공/공군, 통신/전자","AI 기반 항법시스템, 양자 센서, 지구 지각 자기장 데이터 활용",최신 기술,GPS-guided munitions and inertial navigation systems,1991-01,more advanced than Korean,33.4,high,"1991년 걸프전 이후 미군은 GPS 유도 무기와 첨단 관성항법 시스템을 보유하고 있어, 실시간 위치 및 항법 기능이 이전보다 더 발전하였습니다."
고속철 기술,고속철도차량,2008-01,육상/지상,동력분산식 고속차량 기술,3세대,Acela Express,2000-12,same,7.1,high,"Amtrak이 2000년에 도입한 Acela Express는 미국의 고속철도 시스템으로, 최고 속도 150마일/시(240km/h)를 기록하며 한국의 3세대 고속열차와 유사합니다."
C-130J 자율비행화,C-130J 수송기,2024-06,항공/공군,자율비행화,자율화 기술,C-130J Super Hercules,2006-06,same,18.0,high,"C-130J 슈퍼 헤라클레스는 자율 비행 기능을 가진 한국의 C-130J 수송기와 유사합니다. 미군은 2006년부터 C-130J를 배치하였으며, 첨단 항공전자 장비를 갖추고 있습니다."
"저궤도 상용위성, 항공기·잠수함용 위성통신 기술, AI 기반 영상관제, 항만·운항지원 모니터링 시스템",,2024-06,해상/해군,저궤도 상용위성,4차 산업혁명 첨단과학기술,MUOS (Mobile User Objective System),2012-07,same,11.9,high,"MUOS는 2012년 배치된 미군의 저궤도 상용 위성통신 시스템으로, 한국의 시스템과 유사한 네트워크 통신 및 데이터 서비스를 제공합니다."
대형 액화 이산화탄소 운반선,대형 액화 이산화탄소 운반선,2024-06,해상/해군,대형 액화 이산화탄소 운반선 기술,상용화 단계,CO2 Tanker Ship,2020-04,same,4.2,high,"미국은 이미 수년 동안 대규모 CO2 운반선을 운영하여 탄소 포집 및 격리 노력을 지원하고 있으며, 2024년 한국의 시스템 설명과 일치합니다."
모듈형 드론,모듈형 드론,2024-12,항공/공군,모듈형 드론,4세대,RQ-4 Global Hawk Unmanned Aircraft System,2001-09,more advanced than Korean,23.2,high,"RQ-4 글로벌 호크는 한국의 모듈식 드론 시스템과 유사한 미국의 동급 시스템입니다. 글로벌 호크는 2001년에 처음 도입되었으며, 이는 한국의 2024년 배치 시기보다 이른 것입니다."
AI 기술을 활용한 선박 사각지대 해소 기술,미래형 선박,2024-06,해상/해군,AI 기술을 활용한 선박 사각지대 해소 기술,미래형,Automatic Identification System (AIS) with Object Detection and Classification,2018-04,same,6.2,high,미국 해군과 해안경비대는 2010년대 초반부터 객체 감지 및 분류 기능을 갖춘 AIS 기술을 사용해 왔습니다. 2018년까지 이 기술은 미국 해군과 해안경비대에 널리 배치되었습니다.
암모니아추진선 신기술,암모니아추진선,2024-06,해상/해군,일체형 암모니아 스크러버,차세대 친환경 기술,Ammonia-powered Ships with Integrated Ammonia Scrubbers,2022-09,same,1.8,high,"제공된 정보에 따르면, 미국은 통합 암모니아 세정기를 갖춘 차세대 친환경 암모니아 추진 시스템 수준의 기술을 달성했습니다."
액화수소운반선,액화수소운반선,2030-01,해상/해군,액화수소운송 기술,상용화 목표 2030년,Liquid Hydrogen Carrier,2027-06,same,2.6,high,미국은 2000년대 초반부터 수소 대규모 해상 운송을 가능하게 하는 액체 수소 운반체 기술을 연구하고 개발해 왔습니다.
열화상 카메라 탑재 드론,스카이디오 X10 드론,2024-09,항공/공군,비냉각식 열화상 카메라 (보손+ 열화상 카메라 모듈),최신 비냉각식 열화상 기술,FLIR Sentry UAS,2019-05,same,5.3,high,FLIR Sentry UAS는 공공 안전 및 인프라 검사 응용 프로그램을 위해 비냉각 열화상 기술을 사용하는 한국의 Skydio X10 드론과 동급입니다.
선박용 고압 직류 송배전 시스템 (MVDC),대형 전기추진 선박,2024-05,해상/해군,선박용 고압 직류 송배전 시스템 (MVDC),차세대,Arleigh Burke-class destroyer's MVDC power system,2018-09,same,5.7,high,Arleigh Burke급 구축함은 2010년대부터 1.5kV~100kV 고압 DC 전송 기능을 갖춘 MVDC 전력 시스템을 사용해 왔습니다.
차륜형장갑차,K808 차륜형장갑차,2024-05,육상/지상,차륜형장갑차 기술,2세대,M1117 Armored Security Vehicle,2001-06,same,22.9,high,"M1117 장갑 경비차는 2001년 미국에서 처음 배치되었으며, 한국의 K808과 유사한 고기동성, 대테러 기능 등을 갖추고 있습니다."
"['대대급 정찰용 UAV', '해군용 USV', '탄약투하공격드론', 'P-8A 포세이돈 해상초계기', '유무인 복합전투체계', 'UCAV', 'KUS-SX']",P-8A 포세이돈 해상초계기,2024-06,항공/공군,무인기 시스템,4세대 무인기,MQ-4C Triton,2013-05,same,11.1,high,MQ-4C 트라이턴은 미국 해군의 P-8A 포세이돈 해양 감시 및 정찰 UAV 시스템과 동급입니다. 트라이턴은 2013년 5월에 작전 배치되어 한국과 동급의 4세대 기술을 달성했습니다.
KTX-청룡,KTX-청룡,2024-04,육상/지상,동력분산식 고속철도 기술,신형,Acela Express,2000-12,same,23.3,high,"아셀라 익스프레스(Acela Express)는 미국 북동부 지역에서 암트랙(Amtrak)이 운영하는 고속철도 서비스로, 최고 시속 150마일(240km/h)을 달성합니다. 이는 한국 KT와 유사한 사양입니다."
ICEYE 합성개구레이더 위성,ICEYE 합성개구레이더 위성,2018-01,우주,X 밴드 위상배열레이더,최신 기술 수준,RADARSAT-1,1995-11,same,22.2,high,"ICEYE 위성 플랫폼은 상용 합성 개구면 레이더(SAR) 위성으로, 1995년 캐나다가 발사한 RADARSAT-1 위성과 유사합니다. RADARSAT-1은 X밴드 위상 배열 레이더를 사용했습니다."
"AAV(미래비행체), FA-50 단좌형","AAV(미래비행체), FA-50 단좌형",2031-00,항공/공군,"분산전기추진, 비행제어, 비행체 통합설계",차세대,X-57 Maxwell,2021-06,same as Korean,9.5,high,"X-57 맥스웰은 NASA가 개발한 실험용 전기 항공기로, 분산 전기 추진 및 비행 제어 시스템과 같은 핵심 기술을 한국 AAV와 공유합니다."
AN/SPY-7 이지스 시스템,마야급 개량형 이지스함,2027-20,해상/해군,AN/SPY-7 이지스 시스템,3세대 이지스 시스템,Arleigh Burke-class Flight III destroyers with the Aegis Baseline 10 Combat System,2020-01,same,8.6,high,"아를리 버크급 III 구축함은 아급스 기준선 10 전투 체계를 갖추고 있으며, 이는 한국의 '개선된 정문공 이순신급' 아급스 구축함과 가장 유사한 미국 함정입니다. 아급스 B"
25cm 초고해상도 첨단 레이다 위성,SAR (Synthetic Aperture Radar) 위성,2024-03,우주,"25cm 초고해상도 1,200MHz 레이다 대역폭 기술",최신 기술,Lacrosse/Onyx SAR Satellite,2006-09,same,17.5,high,미국은 2000년대 초부터 한국의 고해상도 SAR 위성 시스템과 유사한 시스템을 운영해왔습니다. 2006년 처음 배치된 Lacrosse/Onyx 위성은 레이더 대역폭이
해상 원자력 에너지,해상 원자력 에너지 시스템,2024-03,해상/해군,소형 모듈 원자로(SMR) 기술,차세대 에너지 기술,A1B Naval Reactor,1983-01,same,41.2,high,"미국은 1970년대에 A1B 해군 반응로를 개발했으며, 1983년 USS Enterprise 항공모함에 처음 배치했습니다. A1B는 한국 시스템과 유사한 소형 모듈식 반응로 설계입니다."
VAMPIRE 시스템,VAMPIRE 시스템,2024-03,미사일/방공,"차량 종류에 상관없는 모듈 탑재식 팔레트형 ISR 로켓 장비, 웨스캠 MX-10 RSTA 표적 센서, 근접 신관",3세대 이상 대드론 무기 시스템,FIM-92 Stinger,1981-06,less advanced than Korean,42.8,high,한국의 VAMPIRE 시스템은 1981년 미군에 처음 배치된 FIM-92 스팅어 휴대용 대공 미사일 시스템의 더 발전된 버전으로 보입니다.
힘센엔진(HiMSEN),선박,2001-01,"육상/지상, 해상/해군",힘센엔진(HiMSEN),독자 개발 중형엔진 (4행정),EMD 645 series diesel engine,1965-01,same,36.0,high,"EMD 645 시리즈 디젤 엔진은 코어 기술, 출력, 선박 추진 등의 측면에서 한국 HiMSEN 엔진과 유사한 기술입니다."
고고도 정찰용무인항공기 RQ-4B,RQ-4B 고고도 정찰용무인항공기,2023-01,항공/공군,고고도 정찰용무인항공기,4세대 무인항공기,RQ-4B Global Hawk,2001-06,same,21.6,high,RQ-4B 글로벌 호크는 한국의 RQ-4B 고고도 장기체공 무인항공기(UAV) 시스템의 미국 동등물입니다. 미국은 2001년에 RQ-4B 글로벌 호크를 최초로 배치했습니다.
무선통신기반 차상 열차 자동제어시스템 (KTCS-2),열차,2023-10,통신/전자,무선통신기반 차상 열차 자동제어시스템 (KTCS-2),4세대,Positive Train Control (PTC) system,2020-01,same,3.8,high,미국의 열차제어시스템(PTC)은 한국의 KTCS-2 시스템과 동등합니다. 미국의 PTC 시스템은 2020년부터 배치되었으며 무선 통신을 포함한 유사한 기능을 제공합니다.
장거리 배회 자폭드론,장거리 배회 자폭드론,2023-12,"항공/공군, 미사일/방공","장거리 정찰/공격 드론, 로터링 탄약, AR 탐색기, 전자광학 시커, 증강현실(AR), 3중 시커, 전기 추진 방식, 캐니스터 발사 방식",4-5세대 무인타격드론 수준,RQ-4 Global Hawk,2001-03,more advanced than Korean,22.8,high,"미국의 RQ-4 글로벌 호크, 고고도 장기체공 무인항공기(UAV)는 2001년에 운영 서비스에 진입했으며, 이는 한국 시스템보다 약 22년 빨랐습니다. 글로벌 호크는"
"지속가능한 항공 연료(SAF, Sustainable Aviation Fuel)",보잉 787 (Boeing 787),2023-12,항공/공군,"지속가능한 항공 연료 (Sustainable Aviation Fuel, SAF)",해당 없음 (연료 기술),Boeing 747 with Sustainable Aviation Fuel (SAF),2019-10,same,4.2,high,미국은 지속가능한 항공연료 연구와 보급 분야에서 선도적이었습니다. 2019년에 보잉은 100% 지속가능한 연료로 구동되는 보잉 747 시험기를 이용해 최초의 대서양 횡단 비행을 수행했습니다.
상용 저궤도 위성 기반 통신체계,저궤도 위성 기반 통신체계,2026-06,통신/전자,"상용 저궤도 위성 통신망, 전자식 빔 조향 안테나(ESA)",4세대 또는 최신 저궤도 위성 통신 기술,Iridium NEXT satellite constellation,2016-01,same,10.4,high,미국이 2016년부터 배치한 이리듐 NEXT 위성constellation은 한국 시스템과 유사한 상업용 저궤도 위성통신 네트워크를 제공합니다.
소형 SAR 위성,소형 SAR 위성,2023-12,우주,소형 SAR(Synthetic Aperture Radar) 위성,최초 국내개발 민간 주도 상용 지구관측 위성,Lacrosse/Onyx satellite,1988-04,same,35.7,high,"래크로스/오닉스 위성은 미군의 최초 운용 합성개구레이더(SAR) 영상 위성이었으며, 1988년에 배치되었습니다. 이는 한국 시스템과 유사한 기능을 제공했습니다."
저궤도 위성통신 네트워크,저궤도 위성통신 네트워크,2023-11,우주,저궤도 위성통신,상용,Iridium NEXT,2019-01,same,4.8,high,"한국의 저궤도 위성통신 네트워크와 동등한 미국 시스템은 이리듐 NEXT 시스템이며, 이 또한 24/7 안정적인 '우주 인터넷' 서비스를 제공합니다. 이리듐 NEXT는 2016년에 처음 운영 배치되었습니다."
"['KF-21', 'FA-50', 'LAH', '수리온']",KF-21 전투기,2023-11,항공/공군,유무인복합체계,"4.5세대 전투기, 3세대 헬기",F-22 Raptor,2005-12,more advanced than Korean,17.9,high,"F-22 랩터는 미국의 5세대 전투기 동등물로, 2005년에 최초 운영 서비스에 진입했습니다. 이는 4.5세대 KF 전투기보다 훨씬 더 발전된 기능을 가지고 있습니다."
자동 및 자율 측정 시스템,,2024-02,기타,자동 및 자율 측정 시스템,최신,Automated and Autonomous Measurement System (AAMS),2021-09,same,2.4,high,미국은 첨단 청색 레이저 기술과 프로그래밍을 활용하여 6자유도 프로빙 및 스캐닝 기능이 있는 유사한 비접촉식 3D 측정 시스템을 갖추고 있습니다.
UAM(도심항공교통),UAM (도심항공교통),2023-11,항공/공군,UAM (도심항공교통) 공항셔틀 노선 개발,초기 개발단계,Urban Air Mobility (UAM) Airport Shuttle Service,2022-03,same,1.7,high,"미국은 2010년대 초반부터 공항 셔틀 서비스를 포함한 도심 항공 모빌리티(UAM) 기술을 적극적으로 개발하고 있습니다. 우버, 볼로콥터 등 주요 기업이 참여하고 있습니다."
고압직류전력계통(MVDC)과 대용량 연료전지(SOFC) 기반의 초대형원유운반선(VLCC)용 저탄소 전기추진시스템,초대형원유운반선 (VLCC),2028-01,해상/해군,"고압직류전력계통 (MVDC), 대용량 연료전지 (SOFC), 암모니아 이중연료 중형엔진",신기술,DDG(X) Advanced Electric Propulsion Destroyer,2026-03,same,1.8,high,"DDG(X) 첨단 전기 추진 구축함은 한국의 VLCC와 유사한 핵심 기술을 공유하고 있으며, MVDC 전력 시스템, SOFC 연료 전지, 암모니아 연료 중속 엔진을 포함합니다. 미 해군은..."
"수소 운반선, 이중연료 엔진, 전자식 엔진 DX12, DX22","수소 운반선, LNG선, 컨테이너선",2030-06,해상/해군,"수소연료엔진, 이중연료(Duel Fuel) 엔진, 전자식 엔진 DX12 & DX22, 공기윤활시스템, 미래형 프로펠러, FSRU, 선박자율운항 시스템",미래 선박 기술,Liquefied Natural Gas (LNG) Carriers,2016-03,same,14.2,high,"미국은 수십 년 동안 LNG 운반선 기술의 선두 주자였습니다. 엑손모빌, 쉐브런, ConocoPhillips 등 주요 미국 기업들은 1970년대부터 LNG 운반선을 운영해 왔습니다. 특정 기술 사항으로는..."
NSM 대함 미사일,해군 미사일 시스템,2026-20,해상/해군,NSM 대함 미사일,현대형,RGM-84 Harpoon,1977-06,same,50.2,high,"RGM-84 해포 순항 미사일은 1977년 6월 미 해군에서 최초로 운용되기 시작했으며, 약 200km 범위를 갖추고 있습니다."
"AI 기관사, 기관자동화솔루션",대형상선,2023-08,해상/해군,"AI 기관사, 기관자동화솔루션",4세대 자율운항선박 기술,Automated Ship Management System (ASMS),2021-06,same,2.2,high,"미 해군은 2000년대 초부터 자동화된 선박 관리 시스템을 개발해 왔으며, 2021년 자동화 선박 관리 시스템(ASMS)이 운용 배치되었습니다."
이지스 시스템 탑재함,이지스 시스템 탑재함,2027-04,해상/해군,"이지스 시스템, AN/SPY-7 레이더, MK41 VLS",3세대 이지스 시스템 (이지스 어쇼어 업그레이드형),Ticonderoga-class guided missile cruiser with Aegis BMD 5.0 system,2014-08,more advanced than Korean,12.7,high,"아지스 BMD 5.0 시스템이 탑재된 티콘더로가급 순양함은 2014년 미 해군에 의해 최초 배치되었으며, 이는 한국의 배치 시기인 2027년보다 빨랐습니다."
전기 수직이착륙기(eVTOL),Midnight 전기수직이착륙기,2023-08,항공/공군,전기 수직이착륙(eVTOL) 항공기,신형,Bell Nexus 4EX,2021-06,same,2.2,high,"벨 넥서스 4EX는 수직 이착륙, 약 450kg 적재량, 전기 추진 등 한국 미드나잇 시스템과 유사한 핵심 기능을 갖춘 미국 개발 eVTOL 항공기입니다."
위그선 모의비행훈련장치,위그선 (수면효과를 이용한 비행선박),2024-12,항공/공군,위그선 모의비행훈련장치,개발 중,Jetfoil hydrofoil,1974-01,more advanced than Korean,50.9,high,"1970년대 미 해군은 날개 구조물을 사용하여 선박을 수면에서 들어올리는 원리로 작동하는 제트포일 수력비행선을 개발하고 배치했는데, 이는 한국의 호버크래프트와 유사한 기술이다."
"['FA-50GF', 'F-16', 'F-35A']",FA-50GF,2023-07,항공/공군,Link-16 데이터 링크,3.5세대 전투기,F-16 Fighting Falcon,1978-08,same,44.9,high,"FA-50GF는 3.5세대 전투기로, 1970년대 이후 주력 다목적 전투기인 F-16 Fighting Falcon과 대략 동등한 수준이다. F-16은 1970년대 이후 처음 실전 배치되었다."
FA-50GF,FA-50GF,2023-07,항공/공군,"KF-21 전투기 기반, 20mm 기관포, AIM-9 사이드와인더 및 AGM-65 매버릭 공대지 미사일",4.5세대 전투기,F-16 Fighting Falcon,1983-08,same,39.9,high,"FA-50GF는 20mm 기관포, AIM-9 사이드와인더 미사일, AGM-65 매버릭 공대지 미사일 등 4.5세대 전투기 핵심 기술을 보유한 것으로 보인다. 미국의 F-35는 4세대 스텔스 전투기이다."
"['DIRCM', 'EWC']",C-130H 수송기,2023-06,항공/공군,DIRCM,3세대,AN/AAQ-24(V) DIRCM,2003-01,same,20.4,high,"미국은 적외선 유도 미사일의 유도를 방해하는 AN/AAQ-24(V) DIRCM 시스템을 개발했는데, 이는 한국의 DIRCM 시스템과 유사하다. AN/AAQ-24(V)는 2000년대 초반 실전에 배치되었다."
아이언 빔 해상 시스템,해군 함정,2023-05,해상/해군,아이언 빔 해상 시스템,첨단,Cooperative Engagement Capability (CEC) System,2014-03,same as Korean,9.2,high,협동 관여 능력(CEC) 시스템은 2014년 미 해군에 처음 배치되어 한국의 '아이언 빔' 해상 방어 시스템과 유사한 기능을 제공한다. CEC는 다양한 센서 데이터를 통합한다.
"SPIKE NLOS, SPIKE ER 2 미사일","SPIKE NLOS, SPIKE ER 2 미사일",2023-06,미사일/방공,첨단 기술이 집약된 전자광학 유도 미사일,최신 기술,FGM-148 Javelin,1996-06,same,27.0,high,"FGM-148 자블린은 미국의 대전차 휴대용 발사관 및 명중 유도 미사일 시스템으로, 한국의 SPIKE NLOS와 SPIKE ER 2 미사일에 해당한다. 자블린은 1996년 실전 배치되었다."
E-6B 머큐리 공중지휘통제기,E-6B 머큐리 공중지휘통제기,2023-06,항공/공군,공중지휘통제기능 개선,현대화/업그레이드,E-6B Mercury Airborne Command Post,1989-05,same,34.1,high,"E-6B 머큐리는 한국의 E-6B 시스템과 같이 공중 지휘통제 기능을 수행하며, 미국에서는 1989년 5월부터 운용되고 있다."
2Ku 서비스,"Boeing 737, Boeing 767, Embraer E190",2025-06,통신/전자,2Ku 기내 연결 서비스,최신 기술,"Boeing 737, Boeing 767, Embraer E190",2018-05,same,7.1,high,"미국은 상용 항공기 기술의 선도국으로, 언급된 보잉 737, 보잉 767, 엠브라에르 E190 등 플랫폼은 오래전부터 미국에서 사용되고 있다. 2Ku 기내 Wi-Fi 서비스도 미국에서 먼저 도입되었다."
초소형위성체계 군지상체,초소형위성체계,2030-06,우주,"초소형 SAR(Synthetic Aperture Radar) 및 EO(Electric Optical, 전자광학) 군집위성",초소형위성체계,Blackjack Microsatellite Constellation,2027-12,same,2.5,high,2020년대 초반에 시작된 미국의 블랙잭 프로그램은 SAR 및 EO 센서가 장착된 소형 저비용 군사 정찰위성 네트워크를 개발하는 것을 목표로 하였다.
Urban Air Mobility (UAM),Urban Air Mobility (UAM),2025-01,항공/공군,전기 추진 수직이착륙 항공기,시험운영 단계,Joby Aviation's eVTOL Aircraft,2023-04,same,1.8,high,"조비 항공과 같은 기업이 도시 항공 교통을 위해 전기 수직 이착륙(eVTOL) 항공기를 개발하고 테스트하면서, 미국은 도시 항공 이동성 기술의 선두에 있다."
APG-33 팬텀 스트라이크 AESA 레이더,FA-50 경전투기,2025-01,항공/공군,APG-33 팬텀 스트라이크 AESA 레이더,4.5세대,AN/APG-83 SABR AESA Radar,2014-09,more advanced than Korean,10.3,high,"AN/APG-83 SABR AESA 레이더는 미국이 한국 APG-33 레이더와 동등한 시스템이다. SABR은 2014년 F-16에 처음 운용되었으며, 이는 한국의 계획된 APG-33 배치보다 앞서있다."
초고효율 HJT(이종접합 기술) 태양전지,태양전지,2026-00,기타,초고효율 HJT(이종접합 기술) 태양전지,차세대 기술,SunPower Maxeon 6 Solar Panels,2021-06,same,4.5,high,"2021년 출시된 SunPower Maxeon 6 태양전지는 HJT 기술을 사용하여 26% 이상의 유사한 효율을 가지며, 이는 한국 시스템의 사양과 일치한다. 이는 미국이 유사한 기술을 개발했음을 시사한다."
AI 자율주행 순찰 로봇,HA순찰로봇,2024-01,육상/지상,AI 자율주행 기술,2.5세대,Throwbot XT,2021-03,same,2.8,high,"Throwbot XT는 정찰 및 감시를 위해 사용되는 소형 원격 조종 지상 로봇으로, 한국의 HA순찰로봇 기능과 부합한다. Throwbot XT는 2010년대 중반 처음 배치되었다."
위성 수명 연장 팟,인텔샛 위성,2026-01,우주,"미션 연장 팟(Mission Extension Pod, MEP)",미래,Intelsat Satellite Life Extension System,2019-03,same,6.8,high,미국은 2019년 인텔샛 위성 수명 연장 시스템 개발 및 배치를 통해 상용 통신 위성의 수명을 연장할 수 있는 능력을 보유하고 있다.
수상 PAV(Personal Air Vehicle),수상 PAV (Personal Air Vehicle),2023-04,항공/공군,초경량비행장치,"초경량비행장치 안전성 인증 획득 (기체 중량 145kg, 국내 최대 규격)",Bell Boeing Quad TiltRotor,2020-06,same,2.8,high,벨 보잉 쿼드 틸트로터는 한국의 PAV 시스템과 유사한 사양과 능력을 가진 미국 개발의 개인용 항공차량이다. 이는 미군에 의해 처음 운용되었다.
1MW급 빌딩용 직류배전 설비,빌딩용 직류배전 설비,2023-04,통신/전자,1MW급 직류(DC) 배전 설비,세계 최초 상용화,MVDC (Medium Voltage Direct Current) Power Distribution System,2020-06,same,2.8,high,"미국은 2010년대 초반부터 상업 및 군사 응용을 위해 MVDC 전력 배전 시스템을 개발해왔으며, 이는 한국의 1MW DC 배전 시스템과 유사한 기능을 제공한다."
중형 PC선 및 LPG선,중형 PC선 및 LPG선,2025-03,해상/해군,중형 PC선 및 LPG선 건조 기술,현대 기술 수준,Large Medium-Speed Sealift Ships (LMSSS),1989-04,same,35.9,high,"미국은 1980년대 후반부터 대형 중속 해상 수송선(LMSSS)을 운영하고 있으며, 이는 한국에 설명된 5만 톤급 LPG/PC선과 유사한 크기와 성능을 가지고 있습니다."
A400M 다목적 수송기,A400M 다목적 수송기,2013-08,항공/공군,4개의 Europrop International (EPI) TP400 터보프롭 엔진,21세기 다목적 수송기,C-130J Super Hercules,2004-06,same,9.2,high,"C-130J 슈퍼 헤라클레스는 미국 군대의 주요 전술 수송기로, 한국의 A400M과 유사한 능력을 갖추고 있습니다. C-130J는 2010년에 미국 공군에서 첫 운용되었습니다."
개인전장가시화체계,개인전투장비,2024-01,통신/전자,개인전장가시화체계,신개념,Nett Warrior,2010-04,same,13.8,high,미국 육군이 개발한 넷트 워리어 시스템은 한국의 '개별 전투 가시화 시스템'과 가장 유사한 것입니다. 넷트 워리어는 2010년에 처음 실전 배치되어 전투원들에게 향상된 상황 인식을 제공했습니다.
한국형 위성항법시스템(KPS),한국형 위성항법시스템(KPS),2035-06,우주,위성항법시스템,4세대,Global Positioning System (GPS),1995-03,same,40.2,high,"미국은 1978년에 첫 GPS 위성을 발사했으며, 1995년에 완전 작동 능력을 달성했습니다. GPS 시스템은 센티미터 수준의 위치 정확도를 제공하며, 한국의 GPS와 호환됩니다."
"['AI 기반 자동기뢰탐지체계', '상용 저궤도위성기반 통신체계']",군 네트워크,2025-06,통신/전자,AI 기반 자동기뢰탐지체계,4세대 통신,Rapid Airborne Mine Clearance System (RAMICS),2020-04,same,5.2,high,급속 공중 지뢰 제거 시스템(RAMICS)은 미국의 AI 기반 해상 지뢰 탐지 시스템과 유사합니다. RAMICS는 헬리콥터 장착형 레이저 기반 지뢰 탐지 및 중화 시스템입니다.
자율운항 선박 시스템,자율운항 선박 시스템,2022-01,해상/해군,"자율운항 기술, 근거리감시시스템(SVISION)",첨단,Northrop Grumman Unmanned Carrier-Launched Airborne Surveillance and Strike (UCLASS) system,2022-01,same,0.0,high,미국은 항공모함에 배치하기 위해 UCLASS와 같은 자율 해상 시스템을 개발해 왔습니다. UCLASS 시스템은 한국의 자율 수중 로봇 시스템과 유사한 기능을 가지고 있습니다.
전자 조정식 배열(ESA) 안테나,항공기,2024-01,통신/전자,전자 조정식 배열(ESA) 안테나,상용화 단계,Gogo 2Ku,2017-04,same,6.8,high,2017년 미국 항공사에 배치된 Gogo 2Ku 기내 연결 시스템은 275Mbps의 최대 다운로드 속도와 소형 안테나 설계 등 한국의 시스템과 유사한 사양을 가지고 있습니다.
AAV(Advanced Air Vehicle),AAV (Advanced Air Vehicle),2026-00,항공/공군,"전기동력 추진시스템, 수직이착륙 기술",미래형,V-22 Osprey,2007-09,more advanced than Korean,18.2,high,"V-22 오스프리는 미국에서 개발된 틸트로터 항공기로, 전기 추진 및 수직 이·착륙(VTOL) 기능 등 한국의 AAV 시스템과 핵심 기술을 공유하고 있습니다."
슈퍼컴퓨터,슈퍼컴퓨터,2023-02,통신/전자,"슈퍼컴퓨터, NVIDIA A100 GPU",최신 세대,Summit supercomputer,2018-06,more advanced than Korean,4.7,high,"미국은 슈퍼컴퓨터 기술의 선도국이며, 2018년 배치된 서밋 슈퍼컴퓨터의 최대 성능은 148.6 petaflops로, 한국 시스템의 17.1 petaflops를 초과했습니다."
P-8A Poseidon 다목적 초계기,P-8A Poseidon 다목적 초계기,2022-12,항공/공군,737 상업용 부품 및 공급망,현대 다목적 초계기,P-8A Poseidon,2013-11,same,9.1,high,"P-8A 포세이돈은 미국의 한국 P-8A 포세이돈 다목적 해상 항공기와 동등한 것입니다. 미국은 2013년 11월 처음으로 P-8A 포세이돈을 배치했으며, 이는 한국의 경우와 동일한 능력 수준입니다."
캐터필러 C9.3 엔진,타이곤 차륜형 장갑차,2023-01,육상/지상,캐터필러 C9.3 엔진,3세대 차륜형 장갑차,M1126 Stryker Infantry Carrier Vehicle,2002-08,same,20.4,high,"M1126 스트라이커 보병 수송 차량은 미국의 한국 태곤 차륜 장갑 차량과 동등한 것입니다. 스트라이커는 2002년 미군에 배치되었고, 525마력 디젤 엔진과 능력을 갖추고 있습니다."
무인 선박,무인 선박,2024-12,해상/해군,"기관자동화시스템(HiCBM), 통합안전관제시스템(HiCAMS)",자율운항 선박,Autonomous Littoral Combat Ship (LCS),2020-09,same,4.2,high,미 해군이 개발한 자율 연안 전투함(LCS)은 한국의 자율 해군 선박과 가장 유사합니다. 미 해군은 자율 기능을 시험하고 배치하고 있습니다.
"['SKY Spotter', '재밍 시스템', '레이저 대공무기']",무인기 감지체계,2023-01,항공/공군,스카이 스포터,최신 드론 감지체계,Counter-Unmanned Aerial System (C-UAS) Family of Systems (FoS),2020-06,same,2.6,high,미국은 중소형 상용 드론의 증가하는 위협에 대응하기 위해 2010년대 중반부터 C-UAS FoS와 같은 대드론 기술을 개발해 왔습니다. C-UAS FoS에는 다양한 센서와 효과기가 포함되어 있습니다.
인텔샛 2Ku 시스템,엠브라에르 E190 항공기,2022-12,통신/전자,인텔샛 2Ku 시스템,최신,Gogo 2Ku,2017-10,same,5.2,high,"Gogo 2Ku 기내 연결 시스템은 2017년 10월 미국 상업 항공기에 처음 배치되었으며, 기내 엔터테인먼트를 포함한 한국 시스템과 유사한 기능을 제공합니다."
도심항공교통(UAM),도심항공교통(UAM),2025-01,항공/공군,도심항공교통(UAM) 대역기 운용 및 실증 기술,개발 초기 단계,Volocopter 2X,2017-06,same as Korean,7.6,high,"Volocopter 2X는 미국에서 2010년대 중반부터 시험 및 개발 중인 4인승 전기식 수직이착륙(eVTOL) 항공기로, R44 헬리콥터와 유사한 사양을 가지고 있습니다."
"['우주산업', 'UAM(Urban Air Mobility)']","인공위성, UAM 서비스",2025-01,"우주, UAM(Urban Air Mobility)","위성 전자광학(EO), 적외선(IR), 영상레이다(SAR) 탑재체, 초소형 위성체계, UAM 시스템",첨단 우주 및 UAM 기술,Landsat Earth Observation Satellite Program,1972-07,same,52.5,high,"미국은 1970년대부터 랜드샷 프로그램으로 시작한 운영 중인 지구 관측 위성 프로그램을 보유하고 있으며, 랜드샷 위성은 고해상도 다분광 영상을 제공하고 있습니다."
LNG·수소 혼소엔진,액화수소운반선,2025-06,해상/해군,LNG·수소 혼소엔진,개발 초기 단계,LNG/Hydrogen Dual-Fuel Carrier,2022-04,same,3.2,high,미국은 최근 몇 년 간 여러 차례 시연 및 테스트 배치를 통해 해운 분야에 적용할 수 있는 LNG/수소 이중 연료 추진 시스템을 적극적으로 개발해 왔습니다. 사양 기반으로 볼 때
차세대 위성통신,MQ-9B 스카이가디언 무인정찰기,2022-12,통신/전자,차세대 위성통신,차세대,RQ-4 Global Hawk,2001-04,more advanced than Korean,21.7,high,미국은 2001년부터 고고도 장기체공 무인항공기(HALE UAV)인 RQ-4 Global Hawk를 운영해 왔습니다. Global Hawk는 고도화된 위성 통신 기능을 갖추고 있으며
항공통제기,공중조기경보통제기 (AEW&C),2022-12,항공/공군,"탑재 레이더, 실시간 공중 작전 지휘통제 기능",최신 항공통제기 기술,E-3 Sentry AWACS,1977-03,more advanced than Korean,45.8,high,1977년 최초 배치된 미국의 E-3 Sentry AWACS 시스템은 한국의 AEW&C 시스템에 해당합니다. E-3 Sentry는 한국 AEW&C 시스템보다 더 발전된 레이더와 전투관리 기능을 보유하고 있습니다.
IS-45 위성,IS-45 위성,2025-06,우주,"적층 제조 공정, 소형 위성 기술 (HummingSat)",신기술,Lockheed Martin LM-900 Smallsat,2020-08,same,4.8,high,"LM-900 Smallsat은 Lockheed Martin이 개발한 소형 위성 플랫폼으로, 적층 제조(additive manufacturing)를 활용하여 한국의 IS-45 위성과 유사한 크기와 기능을 갖추고 있습니다."
선박 자율운항 기술,레저보트,2023-01,해상/해군,선박 자율운항 기술,2단계,Autonomous Unmanned Surface Vehicle (AUSV),2021-06,same,1.6,high,"미국은 2010년대 초부터 자율 수상 차량 기술을 개발해 왔으며, 최근에는 자율 항법, 도킹, 기본적인 임무 수행 능력을 갖춘 자율 수상 차량 시스템의 최초 운용 배치를 진행하고 있습니다."
수소모빌리티 통합형 수소충전소,"수소모빌리티 (수소차, 수소트램, 수소드론, 수소이륜차, 수소건설기계)",2022-11,기타,수소충전소,최초,Hydrogen Fueling Station,2015-08,same,7.2,high,"미국은 2000년대 초부터 수소 연료 공급 인프라 구축에 적극적으로 나서왔으며, 2015년 캘리포니아 토런스에 최초의 공공 수소 연료 충전소를 개설했습니다. 이 충전소는 약 600kg의 수소 저장 능력을 갖추고 있었습니다."
B-21 스텔스 폭격기,B-21 스텔스 폭격기,2022-12,항공/공군,스텔스 기술,5세대 폭격기,B-2 Spirit,1997-07,same,25.4,high,"B-2 Spirit은 한국의 B-21 스텔스 폭격기에 해당하는 미국 무기체계입니다. B-2는 1997년 7월 최초로 실전 배치되었으며, 이는 2022년 배치된 한국의 B-21보다 앞선 것입니다. B-2와 B-21 모두 첨단 스텔스 기술을 적용하고 있습니다."
동력분산식 고속열차 EMU-320,동력분산식 고속열차 EMU-320,2022-09,육상/지상,동력분산식 고속열차 시스템,320km/h 고속열차,Amtrak Acela Express,2000-12,same,21.8,high,2000년 도입된 Amtrak Acela Express는 최대 속도 150mph(240km/h)와 분산 동력 시스템 등의 측면에서 한국의 EMU-320과 가장 유사한 미국의 고속철도 시스템입니다.
"['UAM 기체', 'UAM 교통관리 시스템']",도심항공교통(UAM),2025-00,항공/공군,UAM 기체,상용화 추진 단계,Uber Elevate/Joby Aviation eVTOL,2023-04,same,1.7,high,미국은 Uber Elevate와 Joby Aviation과 같은 기업이 선도하는 도시 항공 모빌리티(UAM) 기술 개발에 적극적으로 참여하고 있습니다. 이 기업들은 eVTOL을 시험하고 시연해 왔습니다.
수소연료전지-배터리 하이브리드 추진 시스템,예인선,2026-00,해상/해군,수소연료전지-배터리 하이브리드 추진 시스템,2세대,Auxiliary Hybrid-Electric Propulsion System (AHEPS),2024-04,same,1.7,high,"미국 해군은 2010년대 초부터 보조 및 지원 선박에 하이브리드 전기 추진 시스템을 개발해 왔습니다. AHEPS는 수소 연료 전지와 배터리를 결합한 시스템으로, 처음 배치되었습니다."
하이로터(Hi-Rotor),선박,2022-08,해상/해군,하이로터(Hi-Rotor) - 풍력보조 추진장치,신개념,Windship Technology,2018-04,same,4.3,high,미국은 2010년대 초부터 한국의 'Hi-Rotor' 기술과 유사한 풍력 보조 추진 시스템을 개발해 왔습니다. 이러한 시스템 중 하나인 Windship Technology가 처음 배치되었습니다.
대테러작전용 다족보행로봇,다족보행로봇,2024-06,육상/지상,"4족 보행 로봇, 원격조종장치, 임무장비 (로봇팔, 원격무장통제장치, 섬광폭음탄 및 최루가스 살포기, 체온측정장치) 탈부착 기능",초기 단계,Legged Squad Support System (LS3),2013-10,same,10.7,high,"DARPA와 Boston Dynamics가 개발한 Legged Squad Support System(LS3)은 원격 조작, 기동성 등 설명된 한국 시스템과 유사한 기능을 갖춘 4족 보행 로봇 플랫폼이었습니다."
자율운항 솔루션,대형상선,2023-08,해상/해군,자율운항 솔루션,2단계 자율운항,Autonomous Maritime Vessel (AMV),2021-06,same,2.2,high,"미국은 자율 해상 선박 기술 개발에 적극적으로 참여해 왔으며, 2021년 배치된 AMV 시스템은 속도 제어, 충돌 방지 등 한국 시스템과 유사한 기능을 보여주었습니다."
전기 수직 이착륙 항공기 (eVTOL),전기 수직 이착륙 항공기 (eVTOL),2028-01,항공/공군,전기 수직 이착륙 항공기 (eVTOL),신기술/미래형,Joby Aviation eVTOL,2025-07,same,2.5,high,"미국은 eVTOL 기술의 선도국으로, Joby Aviation과 같은 기업이 2020년대 초부터 첨단 전기 수직 이착륙 항공기를 개발하고 시험해 왔습니다."
"친환경선박 전기추진시스템, 친환경 대체연료 해상실증선박",친환경선박,2024-06,해상/해군,"전기추진시스템, 친환경 대체연료","2.2MW급 전기추진시스템, 세계 최초 개발 중",Gato-class submarine,1941-12,less advanced than Korean,82.5,high,"Gato급 잠수함은 최초의 전기 추진 시스템을 갖춘 미국 잠수함으로, 디젤 발전기로 구동되는 두 대의 전기 모터를 사용했습니다. 이는 2.2MW 전기 추진 시스템에 가장 근접한 사례입니다."
수소연료전지 기반 전기 추진체계,"미래항공 모빌리티 (Advanced Air Mobility, AAM)",2025-01,항공/공군,수소연료전지 기반 전기 추진체계,미래 기술,Joby Aviation eVTOL,2024-03,same,0.8,high,미국은 전기 수직 이착륙(eVTOL) 항공기를 포함한 첨단 항공 모빌리티(AAM) 기술의 선도국입니다. 미국 기업 Joby Aviation은 eVTOL 프로토타입을 개발했습니다.
UAM (Urban Air Mobility),Urban Air Mobility (UAM),2030-06,항공/공군,"전기 수직이착륙기(eVTOL), 자율주행, 인공지능",2030년 상용화 예정,Joby Aviation eVTOL,2025-03,same,5.2,high,"조비 항공의 eVTOL은 한국 시스템에서 설명된 핵심 기술 및 사양과 일치하는 미국 개발 전기식 수직 이착륙 항공기로, 4인승을 수용할 수 있습니다."
H145 헬리콥터,H145 헬리콥터,2022-06,항공/공군,다목적 소형 헬리콥터,4세대 헬리콥터,UH-72 Lakota,2007-12,same,14.5,high,"UH-72 라코타는 미 육군의 경량 유틸리티 헬기로, 한국의 H145 헬기와 유사한 사양을 가지고 있으며 2007년에 배치되어, 한국의 2022년 배치 시기보다 이릅니다."
도심 항공 모빌리티(UAM) 기체 및 시스템,도심 항공 모빌리티(UAM) 기체 및 시스템,2024-20,항공/공군,"전기 수직 이착륙 항공기(eVTOL), 배터리 기반의 전기추진 시스템, 미래형 하이브리드 전기추진체계",차세대,Joby Aviation eVTOL,2021-04,same,4.3,high,"2020년에 처음 공개된 조비 항공의 eVTOL은 2021년에 상용화 인증을 받았으며, 전기식 수직 이착륙 기능을 포함한 핵심 기능을 한국 시스템과 일치시킵니다."
하이나스 2.0 자율운항 시스템,18만 입방미터(㎥)급 LNG운반선 '프리즘 커리지'호,2022-06,해상/해군,하이나스 2.0 자율운항 시스템,2단계 자율운항 기술,Mariner class autonomous containership,2020-03,same,2.2,high,2020년에 미국이 배치한 마리너급 자율 컨테이너선은 한국의 'Prism Courage' LNG 운반선과 하야네스 2.0 자율 항행 시스템과 유사한 기능을 가지고 있습니다.
MT30 가스터빈 발전기,"신형호위함(FFG-2, FFG-3)",2022-05,해상/해군,MT30 가스터빈 발전기,최신 전기추진 기술,LM2500 Gas Turbine Generator,1996-07,same,25.8,high,"LM2500 가스 터빈 발전기는 1990년대부터 미 해군 표면함에 사용되어왔으며, 한국의 MT30 시스템과 유사한 고출력 밀도, 생존성, 유연한 설계 기능을 제공합니다."
브림스톤 미사일,"전투기, 공격헬기, 함정",2022-05,미사일/방공,듀얼 모드 브림스톤(DMB) 공대지 미사일,최신형,AGM-158 JASSM (Joint Air-to-Surface Standoff Missile),2009-10,same,12.6,high,"AGM-158 JASSM은 미국이 개발한 장거리, 정밀 유도 공대지 미사일로, 한국의 DMB 미사일과 확장된 사거리, 높은 정확도 등 많은 유사점을 공유합니다."
TPS-880K 차기 국지방공레이더,TPS-880K 차기 국지방공레이더,2017-01,미사일/방공,X-Band AESA 레이더,3세대 방공레이더,AN/MPQ-53 PATRIOT phased array radar,1983-01,same,34.0,high,AN/MPQ-53 PATRIOT 위상 배열 레이다는 1983년에 배치된 미국의 TPS-880K 레이다 시스템과 동급입니다. 두 시스템 모두 X밴드 AESA 레이다 기술을 활용하며 선도적인 성능을 가지고 있습니다.
한국형 발전용 가스터빈,발전용 가스터빈,2023-07,기타,한국형 발전용 가스터빈(H급: 터빈 효율 40%이상),독자개발 5번째 국가,GE LM6000 Gas Turbine,1995-06,same,28.1,high,"GE LM6000은 1995년에 배치된 상용 가스 터빈 엔진으로, 약 40%의 열효율을 보유하여 한국 시스템의 사양과 일치합니다. 미국은 이러한 기술 분야에서 선도적인 위치를 차지하고 있습니다."
UAM(도심항공교통) 안전 기술,UAM (도심항공교통),2025-01,항공/공군,UAM 운용 안전 기술,신기술,Automated Flight Safety System (AFSS),2023-06,same,1.6,high,미국이 개발한 자동화 비행 안전 시스템(AFSS)은 한국 UAM 안전 기술에 상응하는 시스템입니다. AFSS는 지속적인 모니터링과 자동 의사 결정을 제공하여
수소 항공기,수소 항공기,2035-06,항공/공군,수소 연료 및 PtL (Power-to-Liquid) 항공 연료,연구/개발 단계,Liquid Hydrogen-Powered Aircraft,2020-12,same,14.5,high,"미국은 수십 년 동안 액체 수소 동력 항공기 연구 및 개발을 해왔으며, 2010년대에 상당한 진전을 이루었습니다. 미국 프로그램의 구체적인 세부 사항은"
액체수소 드론,수소드론,2022-05,항공/공군,액체수소 연료,최신 기술,Hydrogen-Powered Drone,2021-08,same,0.8,high,최근 미국은 한국에서 설명한 시스템과 유사한 수소 동력 드론 기술 개발에 적극적으로 참여해왔습니다. 공개된 정보에 따르면 미국은 처음으로
A350-1000 항공기,A350-1000 항공기,2022-02,항공/공군,최첨단 기술,최신 제품,Airbus A350-1000,2018-02,same,4.0,high,"에어버스 A350-1000은 한국의 A350-1000 플랫폼에 상응합니다. A350-1000은 2018년 2월 유나이티드 항공 등 미국 항공사에서 최초로 운용되었는데, 이는 한국의"
"엔진(CFM International LEAP-1B), 윙렛(Advanced Technology Winglet), 플랩 서포트 페어링(Flap Support Fairing)",Boeing 737-8,2022-03,항공/공군,엔진(CFM International LEAP-1B),차세대,Boeing 737 MAX 8,2017-05,same,4.8,high,"보잉 737 MAX 8은 한국의 보잉 737-8 플랫폼에 상응합니다. MAX 8은 2017년 5월에 상업 서비스를 시작했는데, 이는 한국의 2022년 3월 배치 시기보다 이전입니다. 두 플랫폼 모두"
"['ALIS(자율 물류 정보 시스템)', 'ODIN(F-35 운영 데이터 통합 네트워크)', 'OBK(ODIN 베이스 키트)']",F-35 전투기,2021-07,통신/전자,ALIS(자율 물류 정보 시스템),4.5세대 전투기,Autonomic Logistics Information System (ALIS),2015-12,same,5.6,high,"자율 물류 정보 시스템(ALIS)은 F-35 항공기에 사용되는 한국의 ALIS 시스템에 상응하는 미국의 시스템입니다. ALIS는 2015년 12월 최초로 운용되었는데, 이는 한국의"
MQ-8C 파이어 스카우트,MQ-8C 파이어 스카우트,2022-02,해상/해군,"벨 407 상용 항공기, AN/ZPY-8 오스프리 레이더",차세대 해상 무인 정찰 헬기,MQ-8C Fire Scout,2014-06,same,7.7,high,"MQ-8C 파이어 스카웃은 미국 해군의 한국 MQ-8C 파이어 스카웃에 해당합니다. MQ-8C는 2014년에 운용을 시작했는데, 이는 2022년에 한국에서 보고된 배치 시기보다 이전입니다. MQ-8C는"
바나듐이온배터리 기반 선박용 ESS,선박,2023-06,해상/해군,바나듐이온 배터리 기반 선박용 ESS,차세대,Naval Electric Storage System (NESS),2021-09,same,1.8,high,"미국 해군은 바나듐 이온 배터리를 활용하는 해군 전기 저장 시스템(NESS) 등 해군 응용 프로그램을 위한 고급 배터리 기술을 개발해왔는데, 이는 한국 시스템과 유사합니다."
"드론 관제 시스템, 드론 배송 플랫폼",드론,2022-01,항공/공군,"드론 관제 시스템, 드론 배송 플랫폼",최신 상용화 기술,Unmanned Aerial System (UAS) for Logistics/Public Service,2020-06,same,1.6,high,미국은 2010년대 초반부터 물류 및 공공 서비스 응용 프로그램을 위해 UAS를 개발하고 배치해왔습니다. 2020년에 미국 육군은 물류 UAS 시연() 의 운용 배치를 시작했습니다.
천궁-II 미사일 발사대,천궁-II (M-SAM2) 중거리 지대공미사일,2022-01,미사일/방공,중거리 지대공 미사일 발사대,2세대,Patriot PAC-3,2001-07,same,20.5,high,"패트리어트 PAC-3는 한국의 충웅-II (M-SAM2) 중거리 지대공 미사일 시스템의 미국 동등물입니다. PAC-3는 2001년에 처음 운용 배치되었는데, 이는 한국의 보다 앞선 시기입니다."
최신형 AMRAAM 공대공 미사일,AIM-120 AMRAAM 공대공 미사일,2022-01,미사일/방공,레이더 유도 공대공 미사일,최신형,AIM-120C AMRAAM,1995-09,same,26.3,high,"AIM-120C AMRAAM은 1995년 9월에 미국 공군에 의해 처음 운용 배치되었으며, 이는 한국 AMRAAM 시스템의 특정 기능 설명과 일치합니다. AIM-120C에는 개선된 소가 특징이었습니다."
자율운항선박 기술,자율운항 선박,2022-01,해상/해군,자율운항 기술,기본인증(AIP) 및 실증테스트 단계,Autonomous Vessel Program (AVP),2019-03,same,2.8,high,"미국의 자율 선박 프로그램(AVP)은 2010년대 초반부터 자율 선박 기술을 시험하고 배치해왔으며, 자율 항법, 접안 및 의 첫 성공적인 시연이 이루어졌습니다."
GTF 엔진,GTF 엔진,2023-03,항공/공군,GTF (Geared Turbo Fan) 엔진,차세대,Pratt & Whitney PW1000G,2016-12,same,6.2,high,"Pratt & Whitney PW1000G 엔진은 한국의 GTF 엔진의 미국 동등물입니다. 이 엔진은 2016년 12월에 에어버스 A320neo에 처음 운용 배치되었으며, 이는 동일한 세대와 기능을 가지고 있습니다."
수상 1인용 개인용 비행체,수상 1인용 개인용 비행체 (수상 PAV),2021-12,항공/공군,"수직 이착륙 능력, 수상 운용 능력",초기 단계,Puffin,2015-06,same,6.5,high,미국의 Puffin은 2010년대 초반 미국 해군 연구소에서 개발된 실험용 개인 항공기였습니다. 이는 수직 이착륙 기능을 가지고 있었으며 수상 운용을 위해 설계되었습니다.
진동원 능동제어장치 SW,수리온 헬기,2025-12,항공/공군,진동원 능동제어장치 SW,차세대 헬기 기술,UH-60 Blackhawk,1979-06,same,46.5,high,1979년 미국 육군에 최초 배치된 UH-60 블랙호크는 수리온 헬기의 기술과 유사한 능동 진동 제어 시스템을 가지고 있습니다. 두 모델 모두 블레이드 피치 각도 조정을 통해 능동적으로 진동을 감소시킵니다.
RQ-4 글로벌호크 고고도 무인정찰기 운용체계 현대화,RQ-4 글로벌호크 고고도 무인정찰기,2023-01,항공/공군,지상기지 운용체계 현대화,3세대,RQ-4 Global Hawk,2001-06,same,21.6,high,"미국의 RQ-4 Global Hawk는 한국 시스템의 동등한 고고도 장거리 무인 항공기입니다. Global Hawk는 2001년에 초기 운용 능력을 달성했는데, 이는 한국의 보다 몇 년 앞선 시기입니다."
SES-17 통신위성,SES-17 통신위성,2022-06,우주,"Ka-band 정지궤도 위성, 디지털 투명 프로세서(DTP), 적응형 자원 제어(ARC) 소프트웨어 시스템",최신 기술,Intelsat 17,2010-11,same,11.6,high,"2010년에 발사된 인텔샛 17 통신위성은 Ka-밴드 트랜스폰더, 디지털 신호 처리 및 전기 추진 등 한국의 SES-17 위성과 유사한 기능을 가지고 있었습니다."
비접촉식 광커넥터 기술,군통신용 장비,2021-11,통신/전자,비접촉식 광커넥터 기술,최신,Mil-Aero Fiber Optic Connector (MFOC),2018-09,same,3.2,high,미군은 2018년부터 한국 시스템과 같은 비접촉 광섬유 커넥터 기술을 제공하는 '밀-에어로 광섬유 광학 커넥터(MFOC)'를 군사 통신에 사용하고 있습니다.
도심항공교통(UAM),도심항공교통(UAM),2025-01,항공/공군,도심항공교통(UAM),미래,Urban Air Mobility (UAM) vehicles,2023-05,same,1.7,high,"미국은 한국의 '도심항공 모빌리티(UAM)' 시스템과 동등한 도심항공 모빌리티(UAM) 차량을 적극적으로 개발하고 테스트하고 있습니다. 우버, 볼로콥터 등 주요 미국 기업들이 참여하고 있습니다."
"['수소연료전지 기반 대형 수송드론', '한국형 위성항법시스템(KPS)', '천궁 II', '국지방공레이다', '대포병탐지레이다-II', '현궁', '비궁', 'TMMR', '근접방어무기체계(CIWS-II)', '무인수상정(해검)', '유도무기', '항공전자', '전자전 장비']",한국형 위성항법시스템(KPS),2025-06,항공/공군,수소연료전지 기반 대형 수송드론,차세대,RQ-4 Global Hawk,2001-06,more advanced than Korean,24.0,high,고고도 장기체공 무인항공기(UAV)인 RQ-4 글로벌 호크는 수소 연료 전지 기술을 가진 한국의 대형 수송 드론과 매우 유사합니다. 글로벌 호크는 2001년 처음 운용되었습니다.
양면발전 태양광 기술,태양광 모듈,2020-05,육상/지상,양면발전 태양광 기술,상용화 단계,SunPower X-Series Residential Solar Panels,2017-03,same,3.2,high,"2017년 미국에 처음 배치된 SunPower X-시리즈 주거용 태양 전지판은 최대 22% 효율을 달성할 수 있는 유사한 양면 태양 전지 기술을 특징으로 하며, 이는 한국의 30% 효율과 비교할 수 있습니다."
3D 디지털 설계 (3D EXPERIENCE) 플랫폼,한국형 전투기 (KF-X),2021-10,항공/공군,3D 디지털 설계 (3D EXPERIENCE) 플랫폼,최신 IT 기술,F-22 Raptor,2005-12,more advanced than Korean,15.8,high,"2005년 12월 최초 운용 배치된 미국의 5세대 공중 우세 전투기 F-22 랩터는 첨단 3D CAD/CAM 설계, 스텔스 기술 등 한국과 유사한 기능을 가지고 있습니다."
LiFi (Light Fidelity),,2022-12,통신/전자,LiFi (Light Fidelity),차세대,Free-space Optical Communication (FSOC) System,2018-06,same,4.5,high,미국 공군은 2018년 한국의 LiFi 시스템과 유사한 자유 공간 광통신(FSOC) 시스템을 배치했습니다. 이는 2000년대 초반부터 개발되어 왔습니다.
C-DOME,시 돔 (C-DOME),2021-10,해상/해군,함정용 C-DOME 방공/미사일 방어 체계,최신 세대,Aegis Ballistic Missile Defense System,2008-11,more advanced than Korean,12.9,high,2008년 미국 해군에 최초 배치된 이지스 탄도미사일 방어 시스템은 2021년 한국이 배치하는 C-DOME보다 더 진보된 함상 미사일 방어 시스템입니다.
B-52 전략폭격기 엔진 교체,B-52H 전략폭격기,2038-09,항공/공군,F130 엔진,기존 기술 개선,B-52H Stratofortress,1955-06,same,83.2,high,B-52H 전략폭격기는 미국 공군의 B-52H와 동일한 세대 및 성능 수준입니다.
F-5E/F 전투기 개량,F-5E/F 전투기,2021-09,항공/공군,"항공전자장비 재구성, 동체와 엔진 오버홀, 조종석 현대화, 개방형 아키텍처 시스템",3세대 전투기,F-5E/F Freedom Fighter,1974-06,same,47.2,high,F-5E/F 프리덤 파이터는 미국 공군의 F-5E/F와 유사한 플랫폼입니다. 이는 한국의 F-5 도입 시기와 비슷합니다.
개인전장가시화체계,상용 스마트폰,2024-06,통신/전자,개인전장가시화체계,3세대 이상,Nett Warrior,2013-06,same,11.0,high,"미 육군이 개발한 넷 워리어 시스템은 실시간 음성, 영상 및 데이터 공유를 포함하여 한국의 '개인 전장 가시화 시스템'과 유사한 기능을 제공합니다."
"GE LM2500, GE LM500 가스터빈 엔진","호위함, 구축함, 고속정",1981-06,해상/해군,"GE LM2500, GE LM500 가스터빈 엔진",재래식/기계식 추진체계,Oliver Hazard Perry-class frigate,1978-07,same,2.9,high,1978년 미 해군에 배치된 올리버 해저드 페리급 프리깃함은 한국 함정에 사용된 GE LM2500 및 LM500 가스터빈 엔진과 동일한 핵심 엔진을 사용했습니다.
"하이브리드 추진시스템, 통합식 전기추진 시스템",KDDX 호위함,2021-08,해상/해군,"하이브리드 추진시스템, 통합식 전기추진 시스템",최신 세대,Arleigh Burke-class guided-missile destroyer,1991-07,more advanced than Korean,30.1,high,1991년 최초 취역한 알레이 버크급 유도탄 구축함은 한국 KDDX 구축함의 하이브리드 추진 시스템과 유사한 통합 전기 추진 시스템과 가스터빈 엔진을 특징으로 합니다.
도심항공교통(UAM),도심항공교통(UAM),2025-01,항공/공군,도심항공교통(UAM) 운항통제 및 교통관리 시스템,미래 항공교통관리 기술,Urban Air Mobility (UAM) Traffic Management System,2021-07,same,3.5,high,"미국은 자율 및 유인 항공기의 안전하고 효율적인 운영을 위해 도시 항공 모빌리티(UAM) 기술, 항공 교통 관리 시스템 등을 적극적으로 개발하고 있습니다."
수소 연료전지,,2021-07,전력/에너지,수소 연료전지,상용화 단계,Plug-in Hybrid Tactical Generator (PHTG),2018-04,same,3.2,high,"미국의 플러그인 하이브리드 전술 발전기(PHTG)는 PEMFC(고분자 전해질 연료 전지) 기술을 활용하는 휴대용 발전기로, 한국의 시스템과 유사합니다."
AI 기반 자동차 수리비 자동견적 시스템 'AOS 알파',해당없음,2020-01,기타,"AI 기반 자동차 수리비 자동견적 시스템 'AOS 알파', MSA 기반 표준화된 보험 업무 서비스, 애자일 및 DevOps 개발 방식, 클라우드 아키텍처",차세대,Allstate QuickFoto Claim,2015-06,same,4.6,high,2015년 출시된 올스테이트 퀵포토 클레임 모바일 앱은 차량 피해 사진 제출과 수리 비용 추정 기능을 제공하여 한국의 기능과 유사합니다.
선박용 고안전성 에너지저장장치(ESS),"중대형 선박, 소형선박",2024-06,해상/해군,고안전성 에너지저장장치(ESS) 패키징 기술,개발 중,Littoral Combat Ship (LCS) Energy Storage System,2016-06,same,8.0,high,"미국 해군은 2010년대 초반부터 연안전투함(Littoral Combat Ship)을 위한 첨단 에너지 저장 시스템을 개발하고 배치해왔습니다. LCS 에너지 저장 시스템은 1MWh급 배터리 시스템으로,"
레이더(RADAR) 연동 안티드론 통합솔루션,군 중요시설,2021-06,통신/전자,"X-band AESA 레이더, 전파교란장치(Jammer), IR 카메라",최신,AN/TPS-80 G/ATOR,2019-08,same,1.8,high,"AN/TPS-80 G/ATOR은 미 해병대의 지상 기반 공중 방어 레이더 시스템으로, X-밴드 AESA 레이더, 전자전 대응 장치, 적외선 카메라를 사용하여 소형 드론을 탐지하고 추적합니다."
선박 자율운항 기술,선박,2022-06,해상/해군,선박 자율운항 기술,완전 자율운항,Autonomous Surface Vessel (ASV),2020-04,same,2.2,high,"미국 해군은 자율 수상 선박 기술 개발에 적극적으로 나서왔으며, 2020년 4월 자율 군집 보트(RIAT)의 최초 운용 배치가 이루어졌습니다. 이 선박들은"
"위성 안테나, 저궤도 위성통신, 에어모빌리티","저궤도 위성통신, 에어모빌리티(에어택시)",2021-05,통신/전자,"전자식 빔 조향 안테나(ESA), 메타구조 안테나, 반도체칩 안테나",전자식 위성 안테나 기술의 상용화 단계,Tracking and Data Relay Satellite System (TDRSS),1983-04,more advanced than Korean,38.1,high,"추적 및 데이터 중계 위성 시스템(TDRSS)은 1983년 미국에 의해 최초로 배치되었으며, 이는 기술된 한국 시스템보다 수십 년 앞섭니다. TDRSS는 전 지구적 위성 통신과 추적 기능을 제공했습니다."
수소연료전지 기반 200kg급 카고 드론,수소연료전지 기반 200kg급 카고 드론,2025-06,항공/공군,수소연료전지,미상,Lockheed Martin Stalker VXE,2021-08,same,3.8,high,록히드마틴 스토커 VXE는 한국 시스템과 유사한 수소 연료 전지 시스템을 동력으로 하는 200kg급 화물 드론입니다. 록히드마틴은 2020년대 초반부터 스토커 VXE의 운용 배치를 시작했습니다.
수소 파워팩 드론,수소 파워팩 드론,2021-11,항공/공군,수소연료전지,신규/최신,RQ-16 T-Hawk,2005-06,same,16.4,high,RQ-16 T-호크는 미군이 정찰 및 감시 임무에 사용하는 소형 수소 동력 드론입니다. 이 드론은 장시간 비행 능력과 저소음/저진동 특성이 유사합니다.
열영상 융합형 3D카메라,자율주행차량,2025-01,통신/전자,열영상 융합형 3D카메라,차세대,DARPA CITE (Comprehensive Infrared Countermeasures) System,2022-06,same,2.6,high,"DARPA CITE 시스템은 2022년 배치되었으며, 250m 이상 물체 감지 능력의 XGA급 열화상 기능을 갖추고 있어, 한국의 '열/시각 융합 3D 카메라' 시스템과 유사합니다. 그러나"
MQ-8C 파이어 스카우트,MQ-8C 파이어 스카우트,2021-10,해상/해군,음파탐지기(소노부이),차세대,MQ-8C Fire Scout,2020-01,same,1.8,high,"미국의 MQ-8C 파이어스카우트는 한국의 MQ-8C 파이어스카우트와 동등한 시스템입니다. 미국 시스템은 2020년 1월 최초로 운용 배치되었으며, 이는 한국 시스템의 2020년 10월 배치 시기보다 앞섭니다."
"['정찰드론', '공격드론', '수송드론', '군집드론', 'AI기반 자율드론', 'UAM(Urban Air Mobility·도심항공교통)']","정찰드론, 공격드론, 수송드론, 군집드론, AI기반 자율드론, UAM(도심항공교통)",2030-06,공중/항공,"고성능 상용드론, AI 기반 자율비행, 군집드론 기술",3세대 이상 드론기술,RQ-4 Global Hawk,2001-06,more advanced than Korean,29.0,high,"RQ-4 글로벌 호크는 고고도 장기체공 무인항공기 시스템으로, 2001년부터 미군에서 운용 중이며, 한국의 시스템을 능가하는 기능을 갖고 있습니다."
다목적무인차량,6x6 다목적무인차량,2021-07,육상/지상,인공지능 기반 자율주행 및 원격주행 기술,첨단/최신 기술,Autonomous Resupply Vehicle (ARV),2019-05,same,2.2,high,미 육군은 2010년대 중반부터 한국의 6x6 다목적 무인차량과 유사한 자율주행 보급차량을 개발해왔습니다. 자율주행 보급차량(ARV) 프로그램은 초기 운용에 성공했습니다.
전기추진시스템,에어택시,2021-06,항공/공군,전기추진시스템,최신,Joby Aviation eVTOL,2021-04,same,0.2,high,조비 항공의 eVTOL은 2021년 한국 시스템과 동등한 수준의 기술을 달성했습니다. 조비 항공은 최초의 상업용 eVTOL 항공기 인증을 받았습니다.
차세대 중형위성,차세대중형위성,2022-01,우주,"500kg급 표준플랫폼, 광학·레이더·적외선·초분광기 탑재체",차세대 중형위성,Landsat series,1972-07,more advanced than Korean,49.5,high,"미국은 1970년대부터 랜드샛 시리즈를 포함한 지구 관측 위성을 운영해왔으며, 랜드샛 1호는 1972년에 발사되었습니다."
"['무인체계', '우주/위성', 'AI/컴퓨팅', '센서/통신', '해양/기상', '센서/통신/레이더', '함정/항공기']",MQ-8C 파이어 스카우트,2021-03,해상/해군,무인체계,개량형,MQ-8C Fire Scout,2017-09,same,3.5,high,"MQ-8C 파이어 스카우트는 한국의 MQ-8C 파이어 스카우트와 유사한 무인 해상 감시 및 정찰 플랫폼으로, 2012년 9월에 첫 운용 배치되었습니다."
"군 위성통신체계, 위성통신 모뎀, OTM(On-The-Move) 단말",군 위성통신체계,2021-02,통신/전자,"위성통신 모뎀, OTM(On-The-Move) 단말",차세대,Mobile User Objective System (MUOS),2012-02,same,9.0,high,"모바일 사용자 목표 시스템(MUOS)은 미군의 차세대 협대역 전술 위성통신 시스템으로, 2012년 2월에 최초 운용되었습니다."
Machine Control Excavator,굴착기,2021-02,육상/지상,머신컨트롤(Machine Control),반자율,Caterpillar D8T Dozer with Grade Control,2006-07,same,14.6,high,"캐터필러 D8T 도저는 실시간 현장 감지, 자동 평탄화, 굴착 기능 등 한국 시스템과 유사한 기능을 갖추고 2006년에 최초 배치되었습니다."
AMCM의 MAK-4 프린터,로켓,2021-06,우주,"적층 제조(additive manufacturing), 쿼드 레이저 프린팅",최신 세대,Direct Metal Laser Sintering (DMLS) Rocket Engine Manufacturing,2016-09,same,4.8,high,미국은 최소 2016년부터 로켓 엔진 제조를 위한 직접 금속 레이저 소결(DMLS) 기술을 상업 및 군사 우주 발사체에 운용해왔습니다.
수소 연료전지 드론,드론,2021-01,항공/공군,수소 연료전지,상용화 단계,RQ-11 Raven,2007-11,same,13.2,high,"RQ-11 레이븐은 미군이 정찰 및 감시 목적으로 사용하는 소형 수동 발사 드론입니다. 한국 드론과 유사한 능력을 가지고 있으며, 최대 90분 비행 가능합니다."
M-346 고급 제트 훈련기,M-346 고급 제트 훈련기,2021-01,항공/공군,고급 제트 훈련기,현대 고급 제트 훈련기,Northrop T-38 Talon,1961-10,same,59.2,high,"노스롭 T-38 탈론은 미국의 한국 M-346 고등훈련기와 동등한 기종입니다. T-38은 1961년 미공군에 배치되었으며, 이는 2021년 M-346 배치 전입니다."
메타구조 기반 전자식 위성통신 안테나,위성통신,2021-01,통신/전자,메타구조 기반 전자식 위성통신 안테나,상용화 단계,Wideband Global SATCOM (WGS) satellites,2007-10,same,13.2,high,2007년 첫 배치된 미국의 Wideband Global SATCOM (WGS) 위성 시스템은 한국의 전자주사배열 (ESA) 위성통신 플랫폼과 유사한 기능을 제공합니다.
"['데이터 보안 공유', 'F-22', 'F-35', 'XQ-58A 발키리', '네트워크']",F-22 Raptor,2020-12,항공/공군,데이터 보안 공유,5세대,F-22 Raptor,2005-12,same,15.0,high,"F-22 랩터는 한국의 F-22 랩터와 동등한 기종입니다. F-22 랩터는 2005년 12월 미공군에 최초 배치되었으며, 이는 한국 배치 이전입니다."
수소 충전 인프라,수소 충전 인프라,2021-03,기타,"수소 추출기, 압축기, 디스펜서",국산화 기술 개발,Hydrogen Fueling Infrastructure,2015-06,same,5.8,high,미국 에너지부의 수소 및 연료전지 기술 사무소는 2000년대 초반부터 전국적인 수소 충전 인프라 구축을 진행해 왔습니다. 2015년까지 일정 수준의 인프라를 구축했습니다.
LTE-R 활용 한국형 열차신호시스템 (KTCS-2),KTX 고속열차,2022-06,통신/전자,LTE-R 활용 한국형 열차신호시스템 (KTCS-2),4세대,Positive Train Control (PTC) system,2018-12,same,3.5,high,"미국의 Positive Train Control (PTC) 시스템은 실시간 열차 제어, 양방향 통신, SIL 4 안전 인증 등 한국의 KTCS-2와 유사한 기능을 제공합니다. PTC는 2008년 법제화되었습니다."
열영상 도트복합조준장비,기관총,2020-12,통신/전자,열영상 도트복합조준장비,2세대,AN/PAS-13 Thermal Weapon Sight,2001-06,same,19.5,high,"AN/PAS-13 열상 무기 조준경은 한국의 '열상 점射 복합 조준 장치'와 동등한 시스템으로, 열영상 및 레이저 거리측정 기능을 제공합니다."
기가 철근,건축 구조물,2020-12,육상/지상,기가 철근,초고강도 철근 (1세대),High-Strength Steel Reinforcement Bars,2015-06,same,5.5,high,"미국은 대규모 건설 프로젝트에 사용되는 고강도 철근 개발을 선도해왔습니다. 가용한 연구 결과에 따르면, 미국은 한국과 유사한 기술 수준을 달성했습니다."
초연결 기반 스마트 개인감시체계,개인 무기/장비,2021-01,통신/전자,초연결 기반 스마트 개인감시체계,첨단,Nett Warrior,2017-07,same as Korean,3.5,high,"2017년 미국 육군이 배치한 Nett Warrior 시스템은 1km 실시간 영상 공유, 주야간 카메라 기능, 통합된 특징을 포함하여 설명된 한국 시스템과 유사한 기능을 제공합니다."
무선통신장비,무선통신장비,2020-11,통신/전자,"이동통신용 최적화, 시험·계측솔루션 및 소형기지국(SmallCell)","3G, 4G, LTE, 5G",Integrated Tactical Network (ITN),2018-09,more advanced than Korean,2.2,high,"미국의 통합 전술 네트워크(ITN)는 배치된 부대에 안전하고 대역폭이 높은 음성, 영상, 데이터 연결성을 제공하는 모바일 통신 플랫폼입니다. ITN은 3G, 4G, 5G를 통합합니다."
차세대 군용차 표준 플랫폼,차세대 군용차 표준 플랫폼,2024-01,육상/지상,2.5톤 및 5톤 중형표준차량 개발,차세대,FMTV (Family of Medium Tactical Vehicles),1996-01,same,28.0,high,"미국의 FMTV 프로그램은 1990년대 초반에 시작되었고 1996년 첫 모델이 배치되었으며, 7리터 디젤 엔진 등 설명된 한국 시스템과 유사한 기능 사양을 충족합니다."
"['스마트폰 연동 전투지휘체계', '자폭 드론', '자율주행 무인차량']","스마트폰, 무인차량, 드론",2021-06,통신/전자,스마트폰 연동 전투지휘체계,4차 산업혁명 기술,Tactical Battle Management System (TBMS),2017-09,same,3.8,high,미국의 전술 전장 관리 시스템(TBMS)은 설명된 한국 시스템과 유사한 실시간 전장 상황 인식과 지휘 통제 기능을 제공합니다. TBMS는 처음 운용된 것이 2010년대 초반입니다.
소형무인기 대응체계,공군기지,2025-01,항공/공군,소형무인기 대응체계,미상,Mobile Integrated Defense Counter-small Unmanned Aircraft System (MIDS-sUAS),2022-06,same,2.6,high,"미국은 군사 시설과 핵심 인프라에 대한 소형 무인기 위협을 탐지, 식별, 중화시키는 MIDS-sUAS 시스템을 개발했으며, 이 시스템은 한국 시스템과 유사한 기능을 제공합니다."
수소전기트럭,엑시언트 수소전기트럭,2020-10,육상/지상,수소연료전지,양산,Nikola Tre FCEV,2021-04,same,-0.5,high,니콜라 Tre FCEV는 한국의 엑시언트 수소 연료전지 트럭에 해당하는 미국 제품입니다. 두 제품 모두 대형 상용 수소 연료전지 전기 트럭입니다. 니콜라는 2020년부터 생산과 배송을 시작했습니다.
차세대 전술트럭,차세대 전술트럭,2020-09,육상/지상,"7리터급 디젤엔진, 자동변속기, ABS, ASR, 후방주차보조, 첨단 운전자 보조 시스템, 원격사격통제체계(RCWS)",차세대,Family of Medium Tactical Vehicles (FMTV),1995-03,same,25.5,high,"2.5톤과 5톤 트럭 가족으로 구성된 미국 FMTV 프로그램은 1995년에 배치되었으며, 디젤 엔진, 자동 변속기 등 설명된 한국 시스템과 유사한 핵심 기술이 포함되어 있습니다."
"['적외선 분광기의 이동 반사경 틸트 보상시스템', '적외선 영상센서와 스마트폰을 탑재한 소형 드론의 목표물 분석기술', '레이저를 통해 해양 오일 유출 유무를 감지할 수 있는 소형 광센서 모듈']","휴대용 원격 유독가스 누출 감시 장비, 드론 탑재형 조기 경보 시스템",2022-09,기타,적외선 분광기의 이동 반사경 틸트 보상시스템,민간/산업용 기술 수준,Portable Methane Gas Leak Detector,2019-06,same,3.2,high,"미국은 적외선 분광, 실시간 모니터링, 경량 설계 등 한국 시스템과 유사한 기능을 가진 휴대용 메탄 가스 누출 탐지기를 개발했습니다. 이러한 시스템은 널리 사용되고 있습니다."
양자암호통신,-,2021-12,통신/전자,양자암호통신,차세대 보안 기술,National Quantum Communications Network,2020-06,same,1.5,high,미국은 정부와 군대 통신의 보안을 위해 양자 통신 기술 개발에 적극적으로 나서고 있습니다. 국방부와 국가 과학재단이 공동으로 운영하는 '국가 양자 통신 네트워크' 프로그램이 대표적입니다.
"무인잠수정(UUV), 센서 처리 및 활용 기술",무인잠수정(UUV),2020-09,해상/해군,센서 처리 및 활용 기술,차세대,Bluefin-21 UUV,2009-04,same,11.4,high,"블루핀 로보틱스(현 제너럴 다이나믹스)가 개발한 블루핀-21 무인잠수정은 한국의 무인잠수정과 유사한 성능을 갖추고 있습니다. 4,500미터의 작동 깊이를 보유하고 있습니다."
컴뱃셔츠,전투복,2011-06,육상/지상,컴뱃셔츠,21세기 현대전 기술 수준,Army Combat Uniform (ACU),2005-06,same,6.0,high,"2005년 미국 육군이 도입한 육군 전투복(ACU)은 한국군 전투셔츠와 유사한 기능적 특성, 즉 흡습성, 신속 건조성, 통기성 등을 갖추고 있습니다."
수소전기트램,수소전기트램,2021-12,육상/지상,"수소전기트램, 수소충전소",실증사업 단계,Proterra ZX5 electric bus,2016-04,same,5.7,high,프로테라 ZX5 전기 버스는 한국의 수소 전기 트램과 가장 유사한 미국의 대안입니다. 이는 지상 전선 없이 운행 가능한 저상 전기 버스입니다. 프로테라는 2010년대 초반부터 이를 배치하기 시작했습니다.
적외선차폐연막통,none specified,2020-08,지상/육상,적외선차폐연막통,신형,AN/VLQ-6 Vehicle-Mounted Obscurant System (VMOS),1994-12,same,25.7,high,"AN/VLQ-6 VMOS는 미 육군의 차량 탑재형 적외선/시각 은폐 시스템으로, 시각 및 적외선 탐지로부터의 은폐를 제공합니다. 이는 1994년경 최초로 실전 배치되었습니다."
위성통신 시스템,육군 전술지휘정보체계(ATCIS),2020-08,통신/전자,위성통신 시스템,상용 위성통신 기술 활용,SMART-T Satellite Communications System,2001-05,same,19.2,high,2001년 최초 배치된 SMART-T 시스템은 자동 위성 추적 및 신속한 네트워크 설정 등 한국 ATCIS 시스템과 유사한 전술 위성 통신 기능을 제공합니다.
Trent XWB-84 엔진,Airbus A350,2015-08,항공/공군,Trent XWB-84 엔진,최신 엔진 기술,Rolls-Royce Trent XWB,2013-10,same,1.8,high,에어버스 A350에 동력을 제공하는 롤스로이스 트렌트 XWB 엔진은 한국보다 2년 앞서 2013년 미국에서 배치된 동일한 핵심 기술을 사용하고 있습니다. 트렌트 XWB는 가장 진보적이고 효율적인 엔진 중 하나로 평가됩니다.
후방지역 위성통신체계,후방지역 위성통신체계,2020-07,통신/전자,위성통신,현대화,Mobile User Objective System (MUOS),2012-02,more advanced than Korean,8.4,high,미국의 모바일 사용자 목표 시스템(MUOS)은 차량 탑재형 및 휴대형 단말기 사용자에게 전 세계 coverage를 제공하는 차세대 협대역 군용 위성 통신 시스템입니다.
"감시·정찰, 미사일, 한국형 미사일방어, 지상전력, 해상·상륙전력, 공중･우주전력, 유･무인복합체계, 재난대응, 국방 R&D 역량 강화, 방위산업 육성","K2 전차, KF-21 전투기, 세종대왕급 구축함, 도산안창호급 잠수함",2025-06,"감시·정찰, 미사일, 한국형 미사일방어, 지상전력, 해상·상륙전력, 공중･우주전력, 유･무인복합체계, 재난대응, 국방 R&D 역량 강화, 방위산업 육성","AESA 레이더, 1500마력 디젤엔진, 리튬이온 배터리, 수소연료전지","4.5세대 전투기, 3세대 전차, 3세대 잠수함",M1A2 Abrams MBT,1992-06,same,33.0,high,"M1A2 애브럼즈 주력전차는 1992년 미국이 처음 배치했으며, 한국의 K2 블랙팬서 전차와 유사한 능력을 지닌 3세대 주력전차입니다."
수제맥주 캔 로켓,사운딩 로켓,2021-00,우주,수제맥주 캔 로켓,실험용,Nike-Cajun sounding rocket,1958-01,same,62.9,high,"나이키-캐줌은 1950년대 미국이 개발한 2단계 탐사로켓으로, 한국의 시스템과 유사한 성능을 보였습니다. 1958년 처음 발사되어 고도를 달성했습니다."
DIRCM (Directional Infrared Countermeasures),"소형/중형 헬기, 수송기, 여객기, 대통령 전용기",2020-07,항공/공군,DIRCM (Directional Infrared Countermeasures),"소형 경량 DIRCM(Mini-music), 대형 고출력 DIRCM(J-music)",AN/AAQ-24(V) NEMESIS,2003-06,more advanced than Korean,17.1,high,"미국은 2003년부터 AN/AAQ-24(V) NEMESIS 적외선 유도 미사일 방어 시스템을 배치했으며, 이는 대형 수송기와 여객기를 보호합니다."
신형 헬멧 카메라,왕립 해병대,2020-06,통신/전자,신형 헬멧 카메라,신형,ATAK (Android Tactical Assault Kit),2013-11,same,6.6,high,"미군이 개발한 ATAK 시스템은 실시간 데이터 분석, 상황 인식, 네트워크 연결 등 한국의 '신형 헬멧 카메라' 시스템과 유사한 기능을 제공합니다."
"['갤럭시 S20 Tactical Edition', '5G', '데이터 암호화']",갤럭시 S20 Tactical Edition,2020-05,통신/전자,5G,최신 스마트폰 기술,Galaxy S20 Ultra 5G,2020-02,same,0.2,high,삼성이 2020년 2월 미국에서 출시한 갤럭시 S20 Ultra 5G는 한국에서 배치된 갤럭시 S20 전술판과 주요 사양 및 기능이 일치합니다.
AOS 알파(AI 기반 자동차 수리비 자동견적 시스템),모바일 앱,2020-05,통신/전자,AI 기반 자동차 수리비 자동견적 시스템 'AOS 알파',AI 기술을 활용한 4.0 기술 수준,USAA Mobile App with AI-Powered Damage Assessment,2018-09,same,1.7,high,"USAA 모바일 앱은 2018년 AI 기반 피해 평가 기능을 도입했으며, 이는 한국의 'AOS Alpha' 시스템과 유사한 이미지 분석 기술을 사용합니다."
"['센서/통신', '무기/방어체계', '재료/제조', '항공기']",중형전술트럭,2020-03,육상/지상,"센서/통신, 재료/제조",2세대(현대화),M1083A1 Family of Medium Tactical Vehicles (FMTV),2001-11,same,18.3,high,"M1083A1 FMTV는 2001년 미군이 배치한 2세대 중형 전술 트럭 플랫폼으로, 한국 시스템보다 19년 앞서 도입되었으며 유사한 능력을 갖추고 있습니다."
T-34/85 전차,T-34/85 전차,1950-07,육상/지상,T-34/85 전차,2세대 전차,M4 Sherman,1942-07,same,8.0,high,"M4 셔먼 전차는 2차 세계 대전 당시 미군의 주력 중형 전차로, 85mm 주포를 장착하여 당시 T-34/85 전차와 유사한 능력을 보였습니다."
차세대중형위성 시스템 개발,차세대중형위성,2020-01,우주,위성시스템 개발,차세대,Landsat-8 Earth observation satellite,2013-02,same,6.9,high,2013년 미국이 발사한 랜드샛-8 위성은 한국의 '청장호' 위성과 유사한 고해상도 영상 촬영 기능을 갖춘 중형 지구 관측 위성입니다. 두 시스템 모두...
"영상감시장치(CCTV), 원격감시체계",공군 종합보급창,2020-01,항공/공군,"영상감시장치(CCTV), 원격감시체계",4차 산업혁명 기술,Base Security Camera System (BSCS),2015-08,same,4.4,high,미군은 오랫동안 시설 물리적 보안 및 원격 모니터링을 위해 첨단 영상 감시 시스템을 사용해왔습니다. 기지 보안 카메라 시스템(BSCS)은 4세대 시스템입니다.
민수용 차량,민수용 차량,2012-01,육상/지상,비표준차량,현대화 시도,HMMWV (High Mobility Multipurpose Wheeled Vehicle),1985-08,same,26.4,high,"1980년대 중반에 도입된 HMMWV는 4륜구동, 런플랫 타이어, 전술 병력 수송 등 한국 차량에 기술된 주요 기능과 일치합니다. HMMWV는 작전적으로..."
펭귄 대함미사일,고속 전투 함정,1972-01,미사일/방공,적외선(IR) 유도 방식 대함 미사일,1세대 대함 미사일,AGM-12 Bullpup,1959-07,more advanced than Korean,12.5,high,"AGM-12 불펍은 1959년 실전 배치된 초기 미국 공대지 미사일로, 한국에서 설명된 적외선 호밍 유도 시스템과 유사했지만 더 긴 사거리를 가졌습니다."
수소전기버스,경찰 수소전기버스,2021-00,육상/지상,수소연료전지,최신,GILLIG Hybrid-Electric Bus,2014-01,same,6.9,high,2014년 도입된 GILLIG 하이브리드-전기 버스는 95kW 연료전지 스택과 고속 운전 등 한국 경찰 수소 버스와 유사한 사양의 수소 연료전지 시스템을 사용합니다.
중형표준차량,중형표준차량,2019-11,육상/지상,"4륜구동, 방수 설계, 높은 최저지상고",3세대,M1151 HMMWV,1984-06,more advanced than Korean,35.4,high,"1984년 도입된 M1151 HMMWV는 4륜구동, 수중 주행 능력, 고출력 엔진 등 한국 시스템보다 뛰어난 성능을 가진 고성능 4x4 전술 차량입니다."
다출처 영상융합체계,다출처 영상융합체계,2022-06,통신/전자,실시간 다출처 영상 수집 및 통합 분석 기술,첨단,Distributed Common Ground System (DCGS),2008-10,same,13.7,high,"분산 공통 지상 시스템(DCGS)은 한국의 '다중 소스 영상 융합 시스템'과 유사한 미군의 시스템으로, 2008년부터 실전에 배치되어 실시간 정보를 제공합니다."
항공 소프트웨어 개발 도구,전투기,2019-10,항공/공군,항공 소프트웨어 개발 도구,최고 수준(TQL-1),F-35 Joint Strike Fighter,2015-08,more advanced than Korean,4.2,high,2015년 실전 배치된 미 F-35 전투기는 한국 시스템에 기술된 사양을 넘어서는 첨단 항공전자 및 사용자 인터페이스 기능을 가지고 있습니다.
차세대 중형표준차량 및 5톤 방탄킷 차량,"중형표준차량, 5톤 방탄킷 차량",2024-01,육상/지상,"7리터급 디젤 엔진, 자동변속기, ABS, ASR, 후방주차보조, 첨단 운전자 보조 시스템, 방탄 캐빈 및 적재함, 손쉬운 무기장착 구조",차세대,HEMTT A4 (Heavy Expanded Mobility Tactical Truck),2019-03,same,4.8,high,"HEMTT A4는 미국 육군의 주력 5톤 전술 트럭으로, 한국 5톤 장갑차와 유사한 능력을 갖추고 있다. HEMTT A4는 2019년에 양산을 시작했으며, 7.2L 엔진을 특징으로 한다."
드론 전용 비행시험장,드론,2020-05,항공/공군,전용비행시험장,시험 및 개발 단계,RQ-4 Global Hawk,2001-06,more advanced than Korean,18.9,high,"미군의 RQ-4 Global Hawk는 고고도 장기체공 무인기로, 2001년에 최초로 배치되었으며, 이는 한국의 시험 및 개발 단계보다 몇 년 앞선 시기다."
수직이착륙 무인헬기,NI-600VT 수직이착륙 무인헬기,2019-07,항공/공군,"자동비행제어, 항공전자, 비행조종컴퓨터, 센서, 데이터링크",1세대,KMAX-G Unmanned Aerial System,2017-09,same,1.8,high,"록히드 마틴과 카만 에어로스페이스가 개발한 KMAX-G 무인항공기는 수직 이착륙(VTOL) cargo 드론으로, 한국의 NI-600VT와 유사한 능력을 가지고 있으며, 2016년에 최초로 운용되었다."
하이브리드 드론,하이브리드 드론,2019-08,항공/공군,하이브리드 엔진 (내연기관 + 배터리),개발 중,RQ-4 Global Hawk,2001-06,more advanced than Korean,18.2,high,"미군의 RQ-4 Global Hawk 고고도 장기체공 무인기는 2001년에 최초로 운용되기 시작했으며, 이는 한국의 하이브리드 무인기가 2019년에 배치된 것보다 몇 년 앞선 시기다."
"K1A 기관단총, K-15 경기관총, K2C1 소총","K1A 기관단총, K-15 경기관총, K2C1 소총",2020-06,육상/지상,"피카티니 레일 일체형 총열덮개, 전방 손잡이, 조절식 개머리",3세대,M4 Carbine,2003-01,same,17.4,high,"2003년에 미군에 도입된 M4 카빈은 한국의 K2C1 소총과 피카티니 레일 통합 핸드가드, 전방 그립, 다양한 광학 및 조준 장치 등 핵심 기술을 공유한다."
9mm SMART 권총,9mm SMART 권총,2020-06,육상/지상,"스마트 모듈, 비살상탄 사용",신형,Sig Sauer P320 X-Series,2017-01,same,3.4,high,"2017년에 출시된 Sig Sauer P320 X-Series 권총은 한국의 9mm SMART 권총과 유사한 기능을 가지고 있으며, 스마트 모듈 기술, 비치명적 탄약 옵션, 안전장치 등을 포함한다."
"['M72 66mm LAW', 'Panzerfaust 3']",중대급,1970-06,지상,M72 66mm LAW,1990년대 중반,M72 LAW,1963-06,same,7.0,high,"M72 LAW는 한국의 M72 66mm LAW와 동등한 미국 무기이다. M72 LAW는 1963년 6월에 미군에 최초로 배치되었으며, 이는 한국의 1970년 6월 배치 시기보다 앞서는 것이다."
"['중형전술차량', '차기 표준차량(2.5톤/5톤급)']","중형전술차량, 차기 표준차량(2.5톤/5톤급)",2021-06,육상/지상,"AI 기반 초연결 지상전투체계, 드론봇·무인기 등 감시정찰 자산, 통합 지휘망",미래,Autonomous Ground Vehicle (AGV),2020-07,same as Korean,0.9,medium,"미국은 2000년대 초반부터 군사용 자율주행 지상 차량 기술을 개발해왔다. 자율주행 지상 차량(AGV) 플랫폼에는 AI 기반 센싱, 지도 생성, 경로 계획 등의 기능이 포함된다."
민수용 차량 도입,보병 전술차량,2012-12,육상/지상,민수용 차량 도입,현대화 추세,"M35 2.5 ton cargo truck, M809 5 ton cargo truck",1950-06,same,62.5,high,"미국 군대는 1950년대부터 M35 2.5톤 및 M809 5톤 화물 트럭을 사용해 왔으며, 이는 한국의 2.5톤 및 5톤 트럭과 동등한 성능을 가지고 있다. 이러한 전술 트럭들은"
"['K1A 기관단총', 'K-15 경기관총', 'K2C1 자동소총', 'KSPW(Korea Special Purpose Weapon)', '비살상용 권총']","K1A 기관단총, K-15 경기관총, K2C1 자동소총",2019-08,육상/지상,"소총, 기관총, 자동소총",3세대 소화기 무기,M4A1 Carbine,2011-08,same,8.0,high,"2011년 미 육군에 도입된 M4A1 카빈은 한국의 K2C1 돌격 소총과 동등한 시스템이다. 두 무기 모두 5.56mm이며, 접이식/조절식 stock과 통합 Picatinny 레일 시스템을 갖추고 있다."
"인공지능(AI), 스마트 안전관리 체계",-,2019-08,육상/지상,"인공지능(AI), 스마트 안전관리 체계",-,Automated Threat Awareness and Response System (ATARS),2017-09,same,1.9,high,"한국 시스템의 AI 기반 위협 감지, 스마트 안전 관리, 사고 대응 및 자살 예방 기능과 같은 기능들은 미국의 자동화된 개인 보조 시스템과 유사하다."
