chunk_id,clean_summary
0,"[""[파일: [보도자료] 국방위원회 한미연합군사령부 전시지휘소 현장방문 (1).txt] 보 도 자 료 보도일시 배포 즉시 보도 배포일시 2023. 3. 16. (목) 공보담당관실 02-6788-3655 서기관 김건식 위 원 회 국방위원회 미디어지원관 (02-6788-5305) 국방위원회, 한미연합군사령부 전시지휘소 현장방문 - 위원장 포함 여야 구분 없이 대다수 위원 현장방문에 동참 - 국회 국방위원회(위원장: 한기호) 소속 위원들은 '23 FS(Freedom Shield, 자유의 방패) 연습을 계기로 오늘(3.16.) 한미연합군사령부 전시지휘소를 방문하여 연습 상황을 보고 받고, 훈련에 전념하고 있는 한미 양국 장병들을 격려하였다. 이번 현장방문에는 한기호 국방위원장을 비롯하여 신원식, 성일종, 이헌승, 임병헌, 김병주, 김영배, 설훈, 송옥주, 배진교 의원 등 여야 구분 없이 대다수의 국방위원이 함께 참석하였다. 이날 현장방문에서 폴 라캐머라(Paul Joseph LaCamera) 한미연합군사령관은 ’23 FS 연습의 특징과 진행 상황을 설명하고, 국회 차원의 적극적인 관심과 지원에 감사의 뜻을 전했다. 이에, 한기호 국방위원장은 “굳건히 지켜지고 있는 한미 연합방위태세는 한미동맹의 근간이며, 연합연습에 참가하고 있는 여러분이야말로 한미동맹의 주인공이자 상징이다”라고 강조하였으며, “금일 발사한 북한 미사일 및 북핵에 - 1 - 대한 완벽한 대응대세를 당부”함과 동시에,“우리 국방위원회에서도 지원을 아끼지 않을 것을 약속드린다”고 밝혔다. 이날 참석한 국방위원들은 이전보다 강화된 한미연합연습에 매진하는 한미 연합군에게 감사의 마음을 전하며, 앞으로도 전방위 안보위협에 대한 튼튼한 방위태세를 유지해줄 것을 당부하였다. //끝. 【붙 임】국방위 한미연합군사령부 방문 사진 1, 2, 3 - 2 - [파일: [보도자료] 국방위원회 한미연합군사령부 전시지휘소 현장방문.txt] 보 도 자 료 보도일시 배포 즉시 보도 배포일시 2023. 3. 16. (목) 공보담당관실 02-6788-3655 서기관 김건식 위 원 회 국방위원회 미디어지원관 (02-6788-5305) 국방위원회, 한미연합군사령부 전시지휘소 현장방문 - 위원장 포함 여야 구분 없이 대다수 위원 현장방문에 동참 - 국회 국방위원회(위원장: 한기호) 소속 위원들은 '23 FS(Freedom Shield, 자유의""]"
1,"['방패) 연습을 계기로 오늘(3.16.) 한미연합군사령부 전시지휘소를 방문하여 연습 상황을 보고 받고, 훈련에 전념하고 있는 한미 양국 장병들을 격려하였다. 이번 현장방문에는 한기호 국방위원장을 비롯하여 신원식, 성일종, 이헌승, 임병헌, 김병주, 김영배, 설훈, 송옥주, 배진교 의원 등 여야 구분 없이 대다수의 국방위원이 함께 참석하였다. 이날 현장방문에서 폴 라캐머라(Paul Joseph LaCamera) 한미연합군사령관은 ’23 FS 연습의 특징과 진행 상황을 설명하고, 국회 차원의 적극적인 관심과 지원에 감사의 뜻을 전했다. 이에, 한기호 국방위원장은 “굳건히 지켜지고 있는 한미 연합방위태세는 한미동맹의 근간이며, 연합연습에 참가하고 있는 여러분이야말로 한미동맹의 주인공이자 상징이다”라고 강조하였으며, “금일 발사한 북한 미사일 및 북핵에 - 1 - 대한 완벽한 대응대세를 당부”함과 동시에,“우리 국방위원회에서도 지원을 아끼지 않을 것을 약속드린다”고 밝혔다. 이날 참석한 국방위원들은 이전보다 강화된 한미연합연습에 매진하는 한미 연합군에게 감사의 마음을 전하며, 앞으로도 전방위 안보위협에 대한 튼튼한 방위태세를 유지해줄 것을 당부하였다. //끝. 【붙 임】국방위 한미연합군사령부 방문 사진 1, 2, 3 - 2 - [파일: [보도자료] 국방위원회, 소관 부처의 2020회계연도 결산 의결 (1).txt] 보 도 자 료 보도일시 배포 즉시 보도 배포일시 2021. 9. 8.(수) 공보담당관실 02-6788-3655 담당 서기관 김재환 위원회 국방위원회 입법조사관 (02-6788-5304) 국방위원회, 소관 부처의 2020회계연도 결산 의결 - 국방부의 국유재산 관리 소홀, 5·18민주화운동 보상금 집행 저조 등 논의 - 국회 국방위원회는 9월 8일(수) 오전 11시 전체회의를 열어 국방부, 방위사 업청, 5·18민주화운동 진상규명조사위원회 및 병무청 소관 2020년 결산 승 인의 건을 의결하였다. 국방위원회의 결산 심사 결과 35건의 시정, 26건의 주의, 28건의 제도개선 등 총 89건의 시정요구사항이 채택되었으며, 주요 내용은 다음과 같다. < 국방위원회 2020회계연도 결산 심사 결과 > (단위: 건) 부 처 명 시 정 주 의 제도개선 합 계 국방부 21 10 12 43 방위사업청 14 15 7 36 5․18민주화운동 2 2 진상규명조사위원회 병무청 1 7 8 합계 35 26 28 89 - 1 -']"
2,"['국방부 소관 사업 중 ‘변상금’사업에 대해서는 국방부 소관 국유재산임 에도 국방부 국유재산 대장에서 누락되어 있는 면적이 2,329만㎡에 달한다 고 지적하면서, 누락된 국유재산을 재정비하는 등 국유재산 관리를 철저히 하도록 하는 등 시정 21건, 주의 10건, 제도개선 12건 등 총 43건의 시정요 구사항을 전제로 하여 정부 원안대로 의결하였다. 방위사업청 소관 사업과 관련하여서는 국외 개조 업체와 국내 항공기 제 작사와의 하도급 계약 체결 간 협상 장기화로 사업이 지연되고 있는‘항공 기항재밍GPS체계’사업에 대해 유사 사업 추진 시 동일한 문제가 발생하지 않도록 관련 근거 및 절차를 보완하여 국회에 보고하도록 하는 등 시정 14 건, 주의 15건, 제도개선 7건 등 총 36건의 시정요구사항을 전제로 정부 원 안대로 의결하였다. 또한, 5·18민주화운동 진상규명조사위원회 소관 사업 중 집행률이 저조한 ‘보상금’사업에 대해서는 집행 가능한 수준으로 보상금 예산을 편성하고, 보상금을 적극적으로 집행할 수 있는 방안을 마련하도록 하는 등 제도개선 2건의 시정요구사항을 전제로 하여 정부 원안대로 의결하였다. 한편, 병무청 소관 사업 중 ‘대체역심사’ 사업과 관련하여서는 대체역 심사 사무국의 우수조사관을 시상함에 있어 업무추진비로 기프트카드를 구 입하여 시상하는 것은 예산집행지침에 부합하지 않는 예산집행에 해당한다 는 지적과 함께 주의 1건, 제도개선 7건 등 총 8건의 시정요구사항을 전제 로 정부 원안대로 의결하였다. 민홍철 국회 국방위원장은 “결산심사는 전년도 예산의 집행결과를 분석․ 검토하여 당해 연도 예산과 차년도 예산안심의에 적용함으로써 재정의 효율 - 2 - 성을 높일 수 있는 과정이라는 점에서 철저한 심사가 필요하다.”고 말했다. 오늘 의결된 2020회계연도 결산 심사 결과는 향후 국정감사 및 예산심사에 활용될 예정이다. - 3 - [파일: [보도자료] 국방위원회, 소관 부처의 2020회계연도 결산 의결.txt] 보 도 자 료 보도일시 배포 즉시 보도 배포일시 2021. 9. 8.(수) 공보담당관실 02-6788-3655 담당 서기관 김재환 위원회 국방위원회 입법조사관 (02-6788-5304) 국방위원회, 소관 부처의 2020회계연도 결산 의결 - 국방부의 국유재산 관리 소홀, 5·18민주화운동 보상금 집행 저조 등 논의 - 국회 국방위원회는 9월 8일(수) 오전 11시 전체회의를 열어 국방부, 방위사']"
3,"['', '업청, 5·18민주화운동 진상규명조사위원회 및 병무청 소관 2020년 결산 승 인의 건을 의결하였다. 국방위원회의 결산 심사 결과 35건의 시정, 26건의 주의, 28건의 제도개선 등 총 89건의 시정요구사항이 채택되었으며, 주요 내용은 다음과 같다. < 국방위원회 2020회계연도 결산 심사 결과 > (단위: 건) 부 처 명 시 정 주 의 제도개선 합 계 국방부 21 10 12 43 방위사업청 14 15 7 36 5․18민주화운동 2 2 진상규명조사위원회 병무청 1 7 8 합계 35 26 28 89 - 1 - 국방부 소관 사업 중 ‘변상금’사업에 대해서는 국방부 소관 국유재산임 에도 국방부 국유재산 대장에서 누락되어 있는 면적이 2,329만㎡에 달한다 고 지적하면서, 누락된 국유재산을 재정비하는 등 국유재산 관리를 철저히 하도록 하는 등 시정 21건, 주의 10건, 제도개선 12건 등 총 43건의 시정요 구사항을 전제로 하여 정부 원안대로 의결하였다. 방위사업청 소관 사업과 관련하여서는 국외 개조 업체와 국내 항공기 제 작사와의 하도급 계약 체결 간 협상 장기화로 사업이 지연되고 있는‘항공 기항재밍GPS체계’사업에 대해 유사 사업 추진 시 동일한 문제가 발생하지 않도록 관련 근거 및 절차를 보완하여 국회에 보고하도록 하는 등 시정 14 건, 주의 15건, 제도개선 7건 등 총 36건의 시정요구사항을 전제로 정부 원 안대로 의결하였다. 또한, 5·18민주화운동 진상규명조사위원회 소관 사업 중 집행률이 저조한 ‘보상금’사업에 대해서는 집행 가능한 수준으로 보상금 예산을 편성하고, 보상금을 적극적으로 집행할 수 있는 방안을 마련하도록 하는 등 제도개선 2건의 시정요구사항을 전제로 하여 정부 원안대로 의결하였다. 한편, 병무청 소관 사업 중 ‘대체역심사’ 사업과 관련하여서는 대체역 심사 사무국의 우수조사관을 시상함에 있어 업무추진비로 기프트카드를 구 입하여 시상하는 것은 예산집행지침에 부합하지 않는 예산집행에 해당한다 는 지적과 함께 주의 1건, 제도개선 7건 등 총 8건의 시정요구사항을 전제 로 정부 원안대로 의결하였다. 민홍철 국회 국방위원장은 “결산심사는 전년도 예산의 집행결과를 분석․ 검토하여 당해 연도 예산과 차년도 예산안심의에 적용함으로써 재정의 효율 - 2 - 성을 높일 수 있는 과정이라는 점에서 철저한 심사가 필요하다.”고 말했다. 오늘 의결된 2020회계연도 결산 심사 결과는 향후 국정감사 및 예산심사에']"
4,"['활용될 예정이다. - 3 - [파일: [보도자료] 국회 국방위 대표단, K-방산 세일즈 외교 성공적으로 마치고 귀국 (1).txt] 보 도 자 료 보도일시 배포 즉시 보도 배포일시 2022. 11. 14.(월) 공보담당관실 02-6788-3655 서기관 유재민 위 원 회 국방위원회 미디어지원관 (02-6788-5303) 국회 국방위 대표단, K-방산 세일즈 외교 성공적으로 마치고 귀국 - 노르웨이 주력전차 사업과 루마니아 군 현대화사업 참여 논의 - - 부산EXPO 유치 지원 노력 병행 - 국회 국방위원회 이헌승 위원장과 여·야 간사(신원식·김병주 의원), 방위사업청 관계자(조현기 기동사업부장)들로 구성된 대표단은 K-방산의 유럽진출을 보다 확대하기 위하여 11월6일부터 11월 12일까지 노르웨이와 루마니아를 공식 방문하였다. 국방위 대표단은 이번 유럽 방문을 통하여 對노르웨이 K2 전차 수출 지원 및 방산협력을 위한 국회차원의 방산외교 추진과 루마니아 등 동유럽권 신규 방산시장 개척 및 부산EXPO 유치 지원을 위해 노력하였다. 대표단은 노르웨이에서 콩스버그 국방·항공우주 회장(에이릭 리에)과 의회 산업위원회 부위원장(콜모옌) 및 외교국방위원회 부위원장(아우크루스트) 등 주요 인사와의 면담을 개최하였고, - 1 - 면담 과정에서 현재 최종 우선협상 대상자 선정을 남겨두고 있는 노르웨이 주력전차 사업에 대한 논의와 K2 전차의 우수성을 홍보하고, 노르웨이 전차 사업에 한국의 K2전차가 선정될 경우 한국의 방산업체와 노르웨이 방산업체 간 산업협력 등 보다 긴밀한 상생의(Win-Win) 방산협력 가능성이 있음을 강조하였다. 또한, 대한민국 이태원의 할로윈 축제 현장에서 발생한 사고로 노르웨이 유학생이 희생된 것에 대해서는 마음 깊이 위로의 말을 전하였다. 김필우 주 노르웨이 대사는 이번 대표단의 방문에 대해 “지금은 노르웨이 주력전차사업 우선협상자 선정 최종 과정에 있는데, 이번 대표단의 방문은 노르웨이 측에 강력한 메시지를 전달하는 효과가 있다”고 전했다. 한편, 루마니아에서는 하원의장(이온-마르첼 치올라쿠), 상ㆍ하원 국방위원장 (니콜레타 파울리우크, 라우렌치우 단 레어레아누), 국방부 장관(안젤 틀버르), 경제부 장관(플로린 마리안 스퍼타루) 등 의회 및 정부 주요 인사와의 면담 등을 통해 루마니아 방산시장 진출에 대한 관심 및 지원을 당부하였다.']"
5,"['최근 동유럽 지역의 급격한 안보상황 변화에 따른 루마니아 군 현대화사업 가속화로 한국 업체의 루마니아 방산시장 진출이 기대되는 만큼, 국방위원회 대표단은 한국의 루마니아 군 현대화사업 참여의지를 전달하고, 한국 무기 체계의 우수한 성능, 경쟁력 있는 가격, NATO 표준 규격 적용 및 연합훈련 가능 등의 강점을 홍보하고, 기술협력ㆍ공동연구개발ㆍ산업협력 등을 통한 방산협력 방안까지 제안했다. - 2 - 특히 루마니아는 지난 8월 김진표 국회의장이 방문하여 방산 분야의 협력 강화를 위한 세일즈 외교를 진행하였다는 점에서, 이번 국방위 대표단의 방문은 국회의장에 이어 K-방산의 동유럽진출을 위한 확실한 교두보를 마련한 것으로 평가할 수 있다. 임갑수 루마니아 대사도 이번 국방위 대표단의 방문은 한국-루마니아 수교 이래 대한민국 국회 국방위원장 최초의 방문이자, 3박 4일의 기간동안 차기 총리로 내정되어 있는 하원의장을 포함한 루마니아 상하원의원 총 22명과 현직 장관 2명을 면담하는 등 한-루마니아의 관계 발전을 위한 새로운 이정표를 세웠다고 전했다. 한편, 국방위원회 대표단은 노르웨이·루마니아 주요 인사와의 면담에서 ‘2030 부산세계박람회’는 친환경적이고 혁신적인 인류 공동의 미래를 구상하기 위한 범국가적인 프로젝트라고 소개하며, ‘2030 세계박람회’ 개최 추진 도시로서 부산의 경쟁력과 미래비전을 설명하였고, 부산이 세계박람회 개최의 최적의 도시라는 점도 강조하였다. 이헌승 국방위원장은 “최근 폴란드 방산수출 등으로 활성화된 對유럽 방산협력이 K2전차의 노르웨이 진출을 통해 한층 확대되는 계기가 될 수 있을 것”이라며, “지난 8월 김진표 국회의장의 루마니아 방문과 이에 화답한 루마니아 국방장관의 방한 등으로 양국간 방산협력의 분위기가 고조되고 있으며, 최근 루마니아는 한국과 폴란드간 진행되고 있는 방산협력 모델을 벤치마킹하여 도입할 것을 검토하고 있기에 폴란드로부터 시작된 방산수출이 유럽 시장 전체로까지 확대되는 계기가 될 것으로 기대한다.”라고 밝혔다.//끝. - 3 - 【붙 임】 국방위 대표단 K 방산 세일즈 외교 성공적으로 마치고 귀국 사진 1, 2, 3, 4 - 4 - [파일: [보도자료] 국회 국방위 대표단, K-방산 세일즈 외교 성공적으로 마치고 귀국.txt] 보 도 자 료 보도일시 배포 즉시 보도 배포일시 2022. 11. 14.(월) 공보담당관실 02-6788-3655 서기관 유재민']"
6,"['위 원 회 국방위원회 미디어지원관 (02-6788-5303) 국회 국방위 대표단, K-방산 세일즈 외교 성공적으로 마치고 귀국 - 노르웨이 주력전차 사업과 루마니아 군 현대화사업 참여 논의 - - 부산EXPO 유치 지원 노력 병행 - 국회 국방위원회 이헌승 위원장과 여·야 간사(신원식·김병주 의원), 방위사업청 관계자(조현기 기동사업부장)들로 구성된 대표단은 K-방산의 유럽진출을 보다 확대하기 위하여 11월6일부터 11월 12일까지 노르웨이와 루마니아를 공식 방문하였다. 국방위 대표단은 이번 유럽 방문을 통하여 對노르웨이 K2 전차 수출 지원 및 방산협력을 위한 국회차원의 방산외교 추진과 루마니아 등 동유럽권 신규 방산시장 개척 및 부산EXPO 유치 지원을 위해 노력하였다. 대표단은 노르웨이에서 콩스버그 국방·항공우주 회장(에이릭 리에)과 의회 산업위원회 부위원장(콜모옌) 및 외교국방위원회 부위원장(아우크루스트) 등 주요 인사와의 면담을 개최하였고, - 1 - 면담 과정에서 현재 최종 우선협상 대상자 선정을 남겨두고 있는 노르웨이 주력전차 사업에 대한 논의와 K2 전차의 우수성을 홍보하고, 노르웨이 전차 사업에 한국의 K2전차가 선정될 경우 한국의 방산업체와 노르웨이 방산업체 간 산업협력 등 보다 긴밀한 상생의(Win-Win) 방산협력 가능성이 있음을 강조하였다. 또한, 대한민국 이태원의 할로윈 축제 현장에서 발생한 사고로 노르웨이 유학생이 희생된 것에 대해서는 마음 깊이 위로의 말을 전하였다. 김필우 주 노르웨이 대사는 이번 대표단의 방문에 대해 “지금은 노르웨이 주력전차사업 우선협상자 선정 최종 과정에 있는데, 이번 대표단의 방문은 노르웨이 측에 강력한 메시지를 전달하는 효과가 있다”고 전했다. 한편, 루마니아에서는 하원의장(이온-마르첼 치올라쿠), 상ㆍ하원 국방위원장 (니콜레타 파울리우크, 라우렌치우 단 레어레아누), 국방부 장관(안젤 틀버르), 경제부 장관(플로린 마리안 스퍼타루) 등 의회 및 정부 주요 인사와의 면담 등을 통해 루마니아 방산시장 진출에 대한 관심 및 지원을 당부하였다. 최근 동유럽 지역의 급격한 안보상황 변화에 따른 루마니아 군 현대화사업 가속화로 한국 업체의 루마니아 방산시장 진출이 기대되는 만큼, 국방위원회 대표단은 한국의 루마니아 군 현대화사업 참여의지를 전달하고, 한국 무기 체계의 우수한 성능, 경쟁력 있는 가격, NATO 표준 규격 적용 및 연합훈련']"
7,"[""가능 등의 강점을 홍보하고, 기술협력ㆍ공동연구개발ㆍ산업협력 등을 통한 방산협력 방안까지 제안했다. - 2 - 특히 루마니아는 지난 8월 김진표 국회의장이 방문하여 방산 분야의 협력 강화를 위한 세일즈 외교를 진행하였다는 점에서, 이번 국방위 대표단의 방문은 국회의장에 이어 K-방산의 동유럽진출을 위한 확실한 교두보를 마련한 것으로 평가할 수 있다. 임갑수 루마니아 대사도 이번 국방위 대표단의 방문은 한국-루마니아 수교 이래 대한민국 국회 국방위원장 최초의 방문이자, 3박 4일의 기간동안 차기 총리로 내정되어 있는 하원의장을 포함한 루마니아 상하원의원 총 22명과 현직 장관 2명을 면담하는 등 한-루마니아의 관계 발전을 위한 새로운 이정표를 세웠다고 전했다. 한편, 국방위원회 대표단은 노르웨이·루마니아 주요 인사와의 면담에서 ‘2030 부산세계박람회’는 친환경적이고 혁신적인 인류 공동의 미래를 구상하기 위한 범국가적인 프로젝트라고 소개하며, ‘2030 세계박람회’ 개최 추진 도시로서 부산의 경쟁력과 미래비전을 설명하였고, 부산이 세계박람회 개최의 최적의 도시라는 점도 강조하였다. 이헌승 국방위원장은 “최근 폴란드 방산수출 등으로 활성화된 對유럽 방산협력이 K2전차의 노르웨이 진출을 통해 한층 확대되는 계기가 될 수 있을 것”이라며, “지난 8월 김진표 국회의장의 루마니아 방문과 이에 화답한 루마니아 국방장관의 방한 등으로 양국간 방산협력의 분위기가 고조되고 있으며, 최근 루마니아는 한국과 폴란드간 진행되고 있는 방산협력 모델을 벤치마킹하여 도입할 것을 검토하고 있기에 폴란드로부터 시작된 방산수출이 유럽 시장 전체로까지 확대되는 계기가 될 것으로 기대한다.”라고 밝혔다.//끝. - 3 - 【붙 임】 국방위 대표단 K 방산 세일즈 외교 성공적으로 마치고 귀국 사진 1, 2, 3, 4 - 4 - [파일: [보도자료] 국회 국방위 병역법 개정관련 국민 여론조사 실시 (1).txt] 보 도 자 료 보도일시 배포 즉시 보도 배포일시 2022. 9. 18.(일) 공보담당관실 02-6788-3655 유재민 서기관 미디어지원관 (02-6788-5305) 위 원 회 국방위원회 담당 신세민 사무관 입법조사관 (02-6788-5310) 국회 국방위, 병역법 개정관련 '국민 여론조사' 실시 - 국위선양 대중문화예술인 대체복무 전환여부 국민 의견 수렴 -""]"
8,"['- 이헌승 위원장, “조속한 시일 내에 관련 문제가 정리될 수 있도록 최선을 다할 것” - 국회 국방위원회(위원장 이헌승)는 BTS를 비롯한 대중문화예술인을 예술·체육요원으로 편입하는 병역법 개정안 심사와 관련하여, 지난 14~15일 양일간 ‘국위선양 대중문화예술인의 대체복무 전환 동의 여부’에 관해 국민 여론조사를 실시한 결과 ‘찬성’이 60.9%, ‘반대’가 34.3%를 기록 했다고 밝혔다. 또한, 대체복무 전환에 반대하는 응답자들 중에서도 군에 입대하되, 공익을 위한 공연 등은 할 수 있도록 보장해 주는 방안에 대하여는 ‘찬성’이 58.7%, ‘반대’가 37.7%로 나타났다. 이번 여론조사는 ㈜리얼미터를 통해 전국에 거주하는 만 18세 이상 성인 남녀 1,018명을 대상으로 구조화된 설문지를 이용한 전화 면접 조사(CATI)로 진행되었다. 본 조사에 참여한 남성은 49.6%(505명), 여성은 50.4%(513명)이고, - 1 - 연령별로는 만 18세 이상을 기준으로 29세 이하 17.1%, 30대 14.9%, 40대 18.4%, 50대 19.4%, 60세 이상 30.2%로 전 연령층이 조사에 참여했다. 표본오차 ±3.07%포인트(95% 신뢰수준), 응답률 21.0%다. 현행 병역법은 국제예술경연대회 2위, 국내예술경연대회 1위 등으로 문화 창달과 국위선양에 기여한 예술·체육분야 특기자에 대해서 군복무 대신 34개월간 예술·체육요원으로 대체복무 하도록 하고 있다. 이와 관련하여, 현재 국방위원회에는 예술·체육요원 편입대상에 BTS 등 대중문화예술인을 포함하는 내용을 골자로 하는 병역법 개정안 3건(윤상현, 성일종, 안민석의원 대표발의)이 계류되어 있다. 이번 여론조사는 앞서 언급된 병역법 개정안 심사와 관련하여, 지난 8월 31일 국방위원회 전체회의에서 여·야 위원들이 위원회 차원의 여론조사 실시를 제안함으로써, 국방위원회 차원에서 국민들의 의견을 수렴하고 국회의 입법정책에 참고하기 위하여 3개의 여론조사 대표 업체 견적과 조사 수행 가능 여부를 비교 및 선정하여 진행되었다. 이헌승 국방위원장은 이번 조사를 통해 병역문제에 대한 국민적 관심을 확인할 수 있었다며, 병역의 공정성 및 형평성과 국가적 이익을 모두 고려하여 빠른 시일 내에 관련 논의가 마무리 될 수 있도록 위원장으로서 최선을 다하겠다고 밝혔다. //끝. - 2 - [파일: [보도자료] 국회 국방위 병역법 개정관련 국민 여론조사 실시.txt]']"
9,"[""보 도 자 료 보도일시 배포 즉시 보도 배포일시 2022. 9. 18.(일) 공보담당관실 02-6788-3655 유재민 서기관 미디어지원관 (02-6788-5305) 위 원 회 국방위원회 담당 신세민 사무관 입법조사관 (02-6788-5310) 국회 국방위, 병역법 개정관련 '국민 여론조사' 실시 - 국위선양 대중문화예술인 대체복무 전환여부 국민 의견 수렴 - - 이헌승 위원장, “조속한 시일 내에 관련 문제가 정리될 수 있도록 최선을 다할 것” - 국회 국방위원회(위원장 이헌승)는 BTS를 비롯한 대중문화예술인을 예술·체육요원으로 편입하는 병역법 개정안 심사와 관련하여, 지난 14~15일 양일간 ‘국위선양 대중문화예술인의 대체복무 전환 동의 여부’에 관해 국민 여론조사를 실시한 결과 ‘찬성’이 60.9%, ‘반대’가 34.3%를 기록 했다고 밝혔다. 또한, 대체복무 전환에 반대하는 응답자들 중에서도 군에 입대하되, 공익을 위한 공연 등은 할 수 있도록 보장해 주는 방안에 대하여는 ‘찬성’이 58.7%, ‘반대’가 37.7%로 나타났다. 이번 여론조사는 ㈜리얼미터를 통해 전국에 거주하는 만 18세 이상 성인 남녀 1,018명을 대상으로 구조화된 설문지를 이용한 전화 면접 조사(CATI)로 진행되었다. 본 조사에 참여한 남성은 49.6%(505명), 여성은 50.4%(513명)이고, - 1 - 연령별로는 만 18세 이상을 기준으로 29세 이하 17.1%, 30대 14.9%, 40대 18.4%, 50대 19.4%, 60세 이상 30.2%로 전 연령층이 조사에 참여했다. 표본오차 ±3.07%포인트(95% 신뢰수준), 응답률 21.0%다. 현행 병역법은 국제예술경연대회 2위, 국내예술경연대회 1위 등으로 문화 창달과 국위선양에 기여한 예술·체육분야 특기자에 대해서 군복무 대신 34개월간 예술·체육요원으로 대체복무 하도록 하고 있다. 이와 관련하여, 현재 국방위원회에는 예술·체육요원 편입대상에 BTS 등 대중문화예술인을 포함하는 내용을 골자로 하는 병역법 개정안 3건(윤상현, 성일종, 안민석의원 대표발의)이 계류되어 있다. 이번 여론조사는 앞서 언급된 병역법 개정안 심사와 관련하여, 지난 8월 31일 국방위원회 전체회의에서 여·야 위원들이 위원회 차원의 여론조사 실시를 제안함으로써, 국방위원회 차원에서 국민들의 의견을 수렴하고 국회의 입법정책에 참고하기 위하여 3개의 여론조사 대표 업체 견적과""]"
10,"['조사 수행 가능 여부를 비교 및 선정하여 진행되었다. 이헌승 국방위원장은 이번 조사를 통해 병역문제에 대한 국민적 관심을 확인할 수 있었다며, 병역의 공정성 및 형평성과 국가적 이익을 모두 고려하여 빠른 시일 내에 관련 논의가 마무리 될 수 있도록 위원장으로서 최선을 다하겠다고 밝혔다. //끝. - 2 - [파일: [보도자료] 국회 국방위, NATO 의회연맹 대표단 면담 (1).txt] 보 도 자 료 보도일시 배포 즉시 보도 배포일시 2022. 10. 19.(수) 공보담당관실 02-6788-3655 담당 서기관 유재민 위 원 회 국방위원회 입법조사관 (02-6788-5303) 국회 국방위, NATO 의회연맹 대표단 면담 - 국방위원장을 포함한 여·야 5인의 위원과 NATO 의회연맹 대표단 간 면담 - - 2006년 한국의 NATO 글로벌 파트너국 편입 후 긴밀 협력 강화 - - 한반도 비핵화 등 한반도 정책과 한-NATO 교류협력 강화방안 등 논의 - 국회 국방위원회(위원장 이헌승)의 여·야 국방위원들(이헌승 국방위원장, 한기호·성일종·김영배·배진교 위원)은 오늘(10.19.) 오후 국회에서 마르쿠스 페레스트렐루(Marcos Perestrello, NATO 파트너십 소위원회) 및 로드리그 드뫼즈(Rodrigue Demeuse, 회복력-시민안보 소위원회)를 공동단장으로 한 NATO 의회연맹 대표단을 만나 한-NATO 교류협력 강화 등 양측의 주요 관심 사안에 대해 심도 있게 논의하였습니다. ※ NATO 의회연맹 대표단: NATO 파트너십 소위원회 및 회복력·시민안보 소위원회 소속 의원 등 20인 및 수행원(총 23인) 양측은 NATO 의회연맹의 꾸준한 대한민국 국회 방문과 대한민국 국회의 NATO 의회연맹 연례총회 및 춘계총회 참석 등을 통해 한국-NATO 의회연맹의 우호 협력관계가 보다 활발해지고 있다는 점을 확인하였습니다. 특히 2006년 한국이 NATO의 글로벌 파트너국이 된 이후부터 국방 분야에서 고위급 교류· 군사교육교류 등을 통해 한국-NATO 간 국방협력이 지속적으로 발전되어 왔다는 - 1 - 점에 공감하였습니다. 국방위원들은 최근 북한의 단거리 탄도 미사일 발사 등 한반도의 긴장고조상황과 우리 정부의 대북정책에 대해 설명하면서, 북한의 비핵화와 한반도 평화정착을 이루는 데 있어 NATO의 지속적인 관심과 지원을 당부하였습니다.']"
11,"['이에 NATO 의회연맹 대표단은 북한의 위협에 대해 우려를 표하면서도 북한의 비핵화와 한반도 안보를 위한 우리 정부의 노력을 적극 지지한다는 입장을 표명하였습니다. 끝으로, 양측은 향후에도 한국과 NATO의회연맹이 지속적인 교류협력을 통하여 국방 분야에서 우호 협력 강화를 위해 노력해 나갈 것을 합의하였습니다. 【붙 임】 NATO 의회연맹 대표단 면담 사진 1, 2 - 2 - [파일: [보도자료] 국회 국방위, NATO 의회연맹 대표단 면담.txt] 보 도 자 료 보도일시 배포 즉시 보도 배포일시 2022. 10. 19.(수) 공보담당관실 02-6788-3655 담당 서기관 유재민 위 원 회 국방위원회 입법조사관 (02-6788-5303) 국회 국방위, NATO 의회연맹 대표단 면담 - 국방위원장을 포함한 여·야 5인의 위원과 NATO 의회연맹 대표단 간 면담 - - 2006년 한국의 NATO 글로벌 파트너국 편입 후 긴밀 협력 강화 - - 한반도 비핵화 등 한반도 정책과 한-NATO 교류협력 강화방안 등 논의 - 국회 국방위원회(위원장 이헌승)의 여·야 국방위원들(이헌승 국방위원장, 한기호·성일종·김영배·배진교 위원)은 오늘(10.19.) 오후 국회에서 마르쿠스 페레스트렐루(Marcos Perestrello, NATO 파트너십 소위원회) 및 로드리그 드뫼즈(Rodrigue Demeuse, 회복력-시민안보 소위원회)를 공동단장으로 한 NATO 의회연맹 대표단을 만나 한-NATO 교류협력 강화 등 양측의 주요 관심 사안에 대해 심도 있게 논의하였습니다. ※ NATO 의회연맹 대표단: NATO 파트너십 소위원회 및 회복력·시민안보 소위원회 소속 의원 등 20인 및 수행원(총 23인) 양측은 NATO 의회연맹의 꾸준한 대한민국 국회 방문과 대한민국 국회의 NATO 의회연맹 연례총회 및 춘계총회 참석 등을 통해 한국-NATO 의회연맹의 우호 협력관계가 보다 활발해지고 있다는 점을 확인하였습니다. 특히 2006년 한국이 NATO의 글로벌 파트너국이 된 이후부터 국방 분야에서 고위급 교류· 군사교육교류 등을 통해 한국-NATO 간 국방협력이 지속적으로 발전되어 왔다는 - 1 - 점에 공감하였습니다. 국방위원들은 최근 북한의 단거리 탄도 미사일 발사 등 한반도의 긴장고조상황과 우리 정부의 대북정책에 대해 설명하면서, 북한의 비핵화와 한반도 평화정착을 이루는 데 있어 NATO의 지속적인 관심과 지원을 당부하였습니다.']"
12,"['이에 NATO 의회연맹 대표단은 북한의 위협에 대해 우려를 표하면서도 북한의 비핵화와 한반도 안보를 위한 우리 정부의 노력을 적극 지지한다는 입장을 표명하였습니다. 끝으로, 양측은 향후에도 한국과 NATO의회연맹이 지속적인 교류협력을 통하여 국방 분야에서 우호 협력 강화를 위해 노력해 나갈 것을 합의하였습니다. 【붙 임】 NATO 의회연맹 대표단 면담 사진 1, 2 - 2 - [파일: [보도자료] 국회 국방위, 軍 출산 육아 지원 정책 개선 간담회 (1).txt] 보 도 자 료 보도일시 배포 즉시 보도 배포일시 2023. 2. 15.(수) 공보담당관실 02-6788-3655 행정실장 김건식 위 원 회 국방위원회 미디어지원관 02-6788-5305 국회 국방위, 軍 출산·육아 지원 정책 개선 간담회 - 저출산 극복 및 출산 장려를 위한 군(軍) 출산·육아 지원 정책 개선 간담회 - 국회 국방위원장 한기호 위원장은 오늘(2. 15.) 오전 10시 30분 국회 국방 위원회 소회의실에서 국방부 차관, 국방부 인사복지실장, 육군 인사참모 부장, 해군 인사참모부장, 공군 인사교육차장, 해병대 인사처장 및 軍 간부 및 군무원 등과 함께 저출산 극복 및 출산 장려를 위한 정책 간담회를 가졌다. 이번 간담회는 군인 가족의 행복을 곧 대한민국 국방력 강화의 일환으로 보고, 장병들이 일·가정 균형을 이루어 행복한 삶을 영위할 수 있도록 출산, 육아에 대한‘지원 정책’,‘인사관리 제도’등 군인 맞춤형 정책을 논의하기 위해 마련됐다. 한기호 위원장은 모두발언에서 “인구절벽이라는 국가위기가 닥쳐오고 있는 현 상황을 함께 고민하고 해결해야 하며, 출산과 육아에 어려움이 있겠지만 우리 軍도 적극적으로 나서야 할 때이기에 국회 국방위원장으로서 軍과 머리를 맞대 저출산 극복과 출산 장려를 위한 제도 개선에 최선을 - 1 - 다하겠다”라고 밝혔다. 【붙 임】 군 출산·육아 지원 정책 개선 간담회(23. 2. 15.) 사진 이날 간담회에서는 ▲ 장기복무 선발 시 혜택 고려, ▲ 육아시간 확대, ▲ 출산휴가 범위 상향, ▲ 임신검진 및 자녀돌봄 휴가 제도 개선, ▲ 불임 및 난임·한부모 가정과 ▲ 장애아동에 대한 지원, ▲ 주거환경 및 당직 근무 제도 개선, ▲ 육아휴직자 업무 대체 인원에 대한 수당 증액 등이 논의되었고, 軍 간부들의 건의사항에 대해 국방부와 각 군은 향후 정책에 반영하여 일과']"
13,"['가정이 양립하는 근무환경을 조성해 나가기로 했다. //끝. - 2 - [파일: [보도자료] 국회 국방위, 軍 출산 육아 지원 정책 개선 간담회.txt] 보 도 자 료 보도일시 배포 즉시 보도 배포일시 2023. 2. 15.(수) 공보담당관실 02-6788-3655 행정실장 김건식 위 원 회 국방위원회 미디어지원관 02-6788-5305 국회 국방위, 軍 출산·육아 지원 정책 개선 간담회 - 저출산 극복 및 출산 장려를 위한 군(軍) 출산·육아 지원 정책 개선 간담회 - 국회 국방위원장 한기호 위원장은 오늘(2. 15.) 오전 10시 30분 국회 국방 위원회 소회의실에서 국방부 차관, 국방부 인사복지실장, 육군 인사참모 부장, 해군 인사참모부장, 공군 인사교육차장, 해병대 인사처장 및 軍 간부 및 군무원 등과 함께 저출산 극복 및 출산 장려를 위한 정책 간담회를 가졌다. 이번 간담회는 군인 가족의 행복을 곧 대한민국 국방력 강화의 일환으로 보고, 장병들이 일·가정 균형을 이루어 행복한 삶을 영위할 수 있도록 출산, 육아에 대한‘지원 정책’,‘인사관리 제도’등 군인 맞춤형 정책을 논의하기 위해 마련됐다. 한기호 위원장은 모두발언에서 “인구절벽이라는 국가위기가 닥쳐오고 있는 현 상황을 함께 고민하고 해결해야 하며, 출산과 육아에 어려움이 있겠지만 우리 軍도 적극적으로 나서야 할 때이기에 국회 국방위원장으로서 軍과 머리를 맞대 저출산 극복과 출산 장려를 위한 제도 개선에 최선을 - 1 - 다하겠다”라고 밝혔다. 【붙 임】 군 출산·육아 지원 정책 개선 간담회(23. 2. 15.) 사진 이날 간담회에서는 ▲ 장기복무 선발 시 혜택 고려, ▲ 육아시간 확대, ▲ 출산휴가 범위 상향, ▲ 임신검진 및 자녀돌봄 휴가 제도 개선, ▲ 불임 및 난임·한부모 가정과 ▲ 장애아동에 대한 지원, ▲ 주거환경 및 당직 근무 제도 개선, ▲ 육아휴직자 업무 대체 인원에 대한 수당 증액 등이 논의되었고, 軍 간부들의 건의사항에 대해 국방부와 각 군은 향후 정책에 반영하여 일과 가정이 양립하는 근무환경을 조성해 나가기로 했다. //끝. - 2 - [파일: [보도자료] 국회 국방위, 북한의 탄도미사일 도발 규탄 및 중단 촉구 (1).txt] 보 도 자 료 보도일시 배포 즉시 보도 배포일시 2022. 11. 4.(금) 공보담당관실 02-6788-3655 서기관 유재민 위 원 회 국방위원회 미디어지원관 (02-6788-5303)']"
14,"['국회 국방위, 북한의 탄도미사일 도발 규탄 및 중단 촉구 - 국방위원회, ‘북한 탄도미사일 도발 규탄 및 중단 촉구 결의안’ 의결 - - 북한의 도발은 9.19 군사합의와 유엔 안보리 결의 위반한 불법행위 - - 정부에 안보태세 최단시간 구축 촉구 - 국회 국방위원회(위원장 이헌승)는 최근 북한의 NLL 이남 탄도미사일 사격 및 장거리탄도미사일 발사, 그리고 연이은 포병사격 행위가 한반도의 평화와 안전을 심각하게 위협하는 중대한 도발인 동시에 남북 정상이 합의한 9.19 군사합의 위반이며, 유엔 안보리 결의를 위반한 불법 행위라고 규정하고 한 목소리로 강력히 규탄하였다. 국회 국방위원회(위원장 이헌승)는 11월 4일(금) 오전 10시 20분경 전체회의를 열어 「북한 탄도미사일 도발 규탄 및 중단 촉구 결의안」을 의결하였다. 해당 결의안은 국방위원회 여야 의원 모두의 동의로 처리되었으며 여야 구분 없이 모든 의원들은 북한의 무력도발 행위에 대해 심각한 우려를 표명하였고, 우리 정부에 대해서는 대한민국의 안보와 국민의 안전을 지킬 수 있도록 강력한 안보 태세를 최단 시간 내에 구축할 것을 촉구하였다. - 1 - 「북한 탄도미사일 도발 규탄 및 중단 촉구 결의안」 요약 대한민국 국회는 최근 북한의 NLL 이남 탄도미사일 사격 및 장거리탄도미 사일 발사, 그리고 연이은 포병사격 행위가 한반도는 물론 국제사회의 평화와 안전을 심각하게 위협하는 중대한 도발인 동시에 남북 정상이 합의한 9.19 군 사합의 위반이며, 유엔 안보리 결의를 위반한 불법 행위라고 규정하고 이를 강력히 규탄함. 또한, 대한민국 국회는 대한민국 정부가 북한의 핵·미사일 위협으로부터 대 한민국의 안보와 국민의 안전을 지킬 수 있도록 강력한 안보 태세를 최단 시 간 내에 구축할 것을 촉구하며, 북한이 불법적인 도발 행위를 중단하고 한반 도 긴장 완화를 위한 대화와 비핵화 협상에 응하도록 하기 위한 모든 노력에 박차를 가할 것을 촉구함. 이헌승 국회 국방위원장은 “수백만 명의 북한 주민들이 식량난에 고통받고 있는 상황은 아랑곳하지 않고 한반도와 국제사회에 대한 위협을 고조시키고 있는 북한을 강력히 규탄”한다면서 “정부에 대해서는 북한 비핵화를 평화 적으로 이루기 위한 보다 효과적이고 실질적인 모든 외교적 노력을 다해줄 것”을 촉구하였다. 【붙 임】 북한 탄도미사일 도발 규탄 및 중단 촉구 결의안(전문) - 2 -']"
15,"['북한 탄도미사일 도발 규탄 및 중단 촉구 결의안 대한민국 국회는 최근 북한의 NLL 이남 탄도미사일 사격 및 장거리탄 도미사일 발사, 그리고 연이은 포병사격 행위가 한반도는 물론 국제사회의 평화와 안전을 심각하게 위협하는 중대한 도발인 동시에 남북 정상이 합 의한 9.19 군사합의 위반이며, 유엔 안보리 결의를 위반한 불법 행위라고 규정하고 이를 강력히 규탄한다. 북한은 금년들어 11월 4일 현재까지 총 34차례 81발의 탄도미사일 도발 을 자행했으며, 최근에는 9.19 군사합의에 의한 동ㆍ서해 해상완충구역에 1,100여발 이상의 포병사격을 가하며 9.19 군사합의를 정면으로 위반했다. 특히 11월 2일에는 분단 이후 사상 처음으로 동해 북방한계선(NLL) 이남 26km, 속초 동방 57km 위치에 탄도미사일을 탄착시키는 등 도발의 수위 와 강도를 높이는 동시에 7차 핵실험까지 준비하고 있는 것으로 알려졌다. 이에 대한민국 국회는 북한의 거듭된 탄도미사일 발사, 포병사격 등의 도발 행위를 규탄하고, 일체의 군사도발과 7차 핵실험 준비를 즉각 중단하 고 비핵화 협상의 길로 나올 것을 촉구하기 위해 다음과 같이 결의한다. 1. 대한민국 국회는 북한의 연이은 탄도미사일 도발 및 포사격 도발이 9.19 군사합의는 물론 유엔 안보리 결의를 정면으로 위반하고 한반도 및 세계평화를 위협하는 중대한 불법행위로서 강력히 규탄하는 동시에 북한 -- 33 -- - 4 - 당국이 이를 즉각 중단할 것을 촉구한다. 2. 대한민국 국회는 북한이 탄도미사일 발사 등의 도발을 지속할 경우, 국 제적 고립과 자멸을 초래해 김정은 정권의 생존도 유지하기 어려울 것으 로 확신하며 향후 발생하는 모든 사태의 책임은 북한 당국이 져야 함을 엄중히 경고한다. 3. 대한민국 국회는 북한이 도발을 하면 할수록 한미동맹이 이완되기는 커 녕 오히려 더 공고하게 다져진다는 현실을 직시하고 즉각 비핵화와 한반 도 평화 정착을 위한 협상에 나설 것을 촉구한다. 4. 대한민국 국회는 대한민국 정부가 북한의 핵·미사일 위협으로부터 대한 민국의 안보와 국민의 안전을 지킬 수 있도록 강력한 안보 태세를 최단 시간 내에 구축할 것을 촉구한다. 5. 대한민국 국회는 대한민국 정부가 북한이 불법적인 도발 행위를 중단하 고 한반도 긴장 완화를 위한 대화와 비핵화 협상에 응하도록 하기 위한 모든 노력에 박차를 가할 것을 촉구한다. - 4 -']"
16,"['[파일: [보도자료] 국회 국방위, 북한의 탄도미사일 도발 규탄 및 중단 촉구.txt] 보 도 자 료 보도일시 배포 즉시 보도 배포일시 2022. 11. 4.(금) 공보담당관실 02-6788-3655 서기관 유재민 위 원 회 국방위원회 미디어지원관 (02-6788-5303) 국회 국방위, 북한의 탄도미사일 도발 규탄 및 중단 촉구 - 국방위원회, ‘북한 탄도미사일 도발 규탄 및 중단 촉구 결의안’ 의결 - - 북한의 도발은 9.19 군사합의와 유엔 안보리 결의 위반한 불법행위 - - 정부에 안보태세 최단시간 구축 촉구 - 국회 국방위원회(위원장 이헌승)는 최근 북한의 NLL 이남 탄도미사일 사격 및 장거리탄도미사일 발사, 그리고 연이은 포병사격 행위가 한반도의 평화와 안전을 심각하게 위협하는 중대한 도발인 동시에 남북 정상이 합의한 9.19 군사합의 위반이며, 유엔 안보리 결의를 위반한 불법 행위라고 규정하고 한 목소리로 강력히 규탄하였다. 국회 국방위원회(위원장 이헌승)는 11월 4일(금) 오전 10시 20분경 전체회의를 열어 「북한 탄도미사일 도발 규탄 및 중단 촉구 결의안」을 의결하였다. 해당 결의안은 국방위원회 여야 의원 모두의 동의로 처리되었으며 여야 구분 없이 모든 의원들은 북한의 무력도발 행위에 대해 심각한 우려를 표명하였고, 우리 정부에 대해서는 대한민국의 안보와 국민의 안전을 지킬 수 있도록 강력한 안보 태세를 최단 시간 내에 구축할 것을 촉구하였다. - 1 - 「북한 탄도미사일 도발 규탄 및 중단 촉구 결의안」 요약 대한민국 국회는 최근 북한의 NLL 이남 탄도미사일 사격 및 장거리탄도미 사일 발사, 그리고 연이은 포병사격 행위가 한반도는 물론 국제사회의 평화와 안전을 심각하게 위협하는 중대한 도발인 동시에 남북 정상이 합의한 9.19 군 사합의 위반이며, 유엔 안보리 결의를 위반한 불법 행위라고 규정하고 이를 강력히 규탄함. 또한, 대한민국 국회는 대한민국 정부가 북한의 핵·미사일 위협으로부터 대 한민국의 안보와 국민의 안전을 지킬 수 있도록 강력한 안보 태세를 최단 시 간 내에 구축할 것을 촉구하며, 북한이 불법적인 도발 행위를 중단하고 한반 도 긴장 완화를 위한 대화와 비핵화 협상에 응하도록 하기 위한 모든 노력에 박차를 가할 것을 촉구함. 이헌승 국회 국방위원장은 “수백만 명의 북한 주민들이 식량난에 고통받고 있는 상황은 아랑곳하지 않고 한반도와 국제사회에 대한 위협을 고조시키고']"
17,"['있는 북한을 강력히 규탄”한다면서 “정부에 대해서는 북한 비핵화를 평화 적으로 이루기 위한 보다 효과적이고 실질적인 모든 외교적 노력을 다해줄 것”을 촉구하였다. 【붙 임】 북한 탄도미사일 도발 규탄 및 중단 촉구 결의안(전문) - 2 - 북한 탄도미사일 도발 규탄 및 중단 촉구 결의안 대한민국 국회는 최근 북한의 NLL 이남 탄도미사일 사격 및 장거리탄 도미사일 발사, 그리고 연이은 포병사격 행위가 한반도는 물론 국제사회의 평화와 안전을 심각하게 위협하는 중대한 도발인 동시에 남북 정상이 합 의한 9.19 군사합의 위반이며, 유엔 안보리 결의를 위반한 불법 행위라고 규정하고 이를 강력히 규탄한다. 북한은 금년들어 11월 4일 현재까지 총 34차례 81발의 탄도미사일 도발 을 자행했으며, 최근에는 9.19 군사합의에 의한 동ㆍ서해 해상완충구역에 1,100여발 이상의 포병사격을 가하며 9.19 군사합의를 정면으로 위반했다. 특히 11월 2일에는 분단 이후 사상 처음으로 동해 북방한계선(NLL) 이남 26km, 속초 동방 57km 위치에 탄도미사일을 탄착시키는 등 도발의 수위 와 강도를 높이는 동시에 7차 핵실험까지 준비하고 있는 것으로 알려졌다. 이에 대한민국 국회는 북한의 거듭된 탄도미사일 발사, 포병사격 등의 도발 행위를 규탄하고, 일체의 군사도발과 7차 핵실험 준비를 즉각 중단하 고 비핵화 협상의 길로 나올 것을 촉구하기 위해 다음과 같이 결의한다. 1. 대한민국 국회는 북한의 연이은 탄도미사일 도발 및 포사격 도발이 9.19 군사합의는 물론 유엔 안보리 결의를 정면으로 위반하고 한반도 및 세계평화를 위협하는 중대한 불법행위로서 강력히 규탄하는 동시에 북한 -- 33 -- - 4 - 당국이 이를 즉각 중단할 것을 촉구한다. 2. 대한민국 국회는 북한이 탄도미사일 발사 등의 도발을 지속할 경우, 국 제적 고립과 자멸을 초래해 김정은 정권의 생존도 유지하기 어려울 것으 로 확신하며 향후 발생하는 모든 사태의 책임은 북한 당국이 져야 함을 엄중히 경고한다. 3. 대한민국 국회는 북한이 도발을 하면 할수록 한미동맹이 이완되기는 커 녕 오히려 더 공고하게 다져진다는 현실을 직시하고 즉각 비핵화와 한반 도 평화 정착을 위한 협상에 나설 것을 촉구한다. 4. 대한민국 국회는 대한민국 정부가 북한의 핵·미사일 위협으로부터 대한 민국의 안보와 국민의 안전을 지킬 수 있도록 강력한 안보 태세를 최단']"
18,"['시간 내에 구축할 것을 촉구한다. 5. 대한민국 국회는 대한민국 정부가 북한이 불법적인 도발 행위를 중단하 고 한반도 긴장 완화를 위한 대화와 비핵화 협상에 응하도록 하기 위한 모든 노력에 박차를 가할 것을 촉구한다. - 4 - [파일: [보도자료] 국회 국방위, 유럽의회 대표단 면담 (1).txt] 보 도 자 료 보도일시 배포 즉시 보도 배포일시 2022. 12. 19.(월) 공보담당관실 02-6788-3655 담당 서기관 유재민 위 원 회 국방위원회 입법조사관 (02-6788-5303) 국회 국방위, 유럽의회 대표단 면담 - 이헌승 국방위원장을 포함한 여·야 6인의 위원과 유럽의회 안보국방분과위원회 대표단 간 한-EU 국방분야 교류협력 강화방안 등에 대한 논의 - 국회 국방위원회(위원장 이헌승)의 여·야 국방위원들(이헌승 국방위원장, 김병주·설훈·안규백·한기호․김영배 위원)은 오늘(12. 19.) 오후, 국회에서 루카스 만들(Lucas Mandl) 유럽의회 의원을 단장으로 한 유럽의회 안보국방분과위원회 대표단을 만나 한-EU간 국방분야 교류협력 강화 등 양측의 주요 관심 사안에 대해 심도 있게 논의하였다. 양측은 양측 의회의 꾸준한 상호 방문 등을 통하여 대한민국과 EU간의 우호 협력관계가 갈수록 강화되고 있으며, 특히 국방분야의 경우 기존 NATO 중심으로 이루어졌던 한국과 유럽국가 간의 교류협력 이외에 추가로 한-EU 간의 교류협력 강화 필요성에 대해 상호 공감대를 형성하였다. 이헌승 국방위원장은 지난 11월 한-아세안 정상회의를 계기로 윤석열 대통령이 - 1 - 발표한 우리의 인태전략에 대해 EU측에 설명하면서 대한민국이 한반도를 넘어 인도 태평양지역에서 책임 있는 국가로서의 역할을 해 나갈 것임을 천명하였으며, 2030 부산 엑스포 유치의 필요성에 대해서도 유럽의회 대표단에 설명하였다. 또한, 양측은 러시아의 우크라이나에 대한 침공은 국제 평화와 자유 민주주의에 대한 심각한 위협이라는 것에 인식을 같이 하면서, 한국과 EU간의 협력이 더욱 강화될 필요가 있다는 점에 대해 공감대를 형성하였다. 끝으로, 양측은 사이버 안보 분야가 향후 전세계가 직면하게 될 새로운 안보 위협 분야가 될 것이라는 점에 공감하면서, 향후에도 한국-유럽의회간 지속적인 교류협력을 통하여 사이버 안보 분야에 대한 공동 대응 방안을 마련하는 것에 대해 논의하였다. //끝.']"
19,"['【붙 임】국방위원들과 NATO 의회연맹 대표단 간 면담 사진 1, 2 - 2 - [파일: [보도자료] 국회 국방위, 유럽의회 대표단 면담.txt] 보 도 자 료 보도일시 배포 즉시 보도 배포일시 2022. 12. 19.(월) 공보담당관실 02-6788-3655 담당 서기관 유재민 위 원 회 국방위원회 입법조사관 (02-6788-5303) 국회 국방위, 유럽의회 대표단 면담 - 이헌승 국방위원장을 포함한 여·야 6인의 위원과 유럽의회 안보국방분과위원회 대표단 간 한-EU 국방분야 교류협력 강화방안 등에 대한 논의 - 국회 국방위원회(위원장 이헌승)의 여·야 국방위원들(이헌승 국방위원장, 김병주·설훈·안규백·한기호․김영배 위원)은 오늘(12. 19.) 오후, 국회에서 루카스 만들(Lucas Mandl) 유럽의회 의원을 단장으로 한 유럽의회 안보국방분과위원회 대표단을 만나 한-EU간 국방분야 교류협력 강화 등 양측의 주요 관심 사안에 대해 심도 있게 논의하였다. 양측은 양측 의회의 꾸준한 상호 방문 등을 통하여 대한민국과 EU간의 우호 협력관계가 갈수록 강화되고 있으며, 특히 국방분야의 경우 기존 NATO 중심으로 이루어졌던 한국과 유럽국가 간의 교류협력 이외에 추가로 한-EU 간의 교류협력 강화 필요성에 대해 상호 공감대를 형성하였다. 이헌승 국방위원장은 지난 11월 한-아세안 정상회의를 계기로 윤석열 대통령이 - 1 - 발표한 우리의 인태전략에 대해 EU측에 설명하면서 대한민국이 한반도를 넘어 인도 태평양지역에서 책임 있는 국가로서의 역할을 해 나갈 것임을 천명하였으며, 2030 부산 엑스포 유치의 필요성에 대해서도 유럽의회 대표단에 설명하였다. 또한, 양측은 러시아의 우크라이나에 대한 침공은 국제 평화와 자유 민주주의에 대한 심각한 위협이라는 것에 인식을 같이 하면서, 한국과 EU간의 협력이 더욱 강화될 필요가 있다는 점에 대해 공감대를 형성하였다. 끝으로, 양측은 사이버 안보 분야가 향후 전세계가 직면하게 될 새로운 안보 위협 분야가 될 것이라는 점에 공감하면서, 향후에도 한국-유럽의회간 지속적인 교류협력을 통하여 사이버 안보 분야에 대한 공동 대응 방안을 마련하는 것에 대해 논의하였다. //끝. 【붙 임】국방위원들과 NATO 의회연맹 대표단 간 면담 사진 1, 2 - 2 - [파일: [보도자료] 국회 국방위, 전임 한미연합사령관 3인 면담 (1).txt] 보 도 자 료 보도일시 배포 즉시 보도']"
20,"['배포일시 2022. 10. 26.(수) 공보담당관실 02-6788-3655 담당 서기관 유재민 위 원 회 국방위원회 입법조사관 (02-6788-5305) 국회 국방위, 전임 한미연합사령관 3인 면담 - 국방위원장을 포함한 여·야 7인의 위원과 전임 한미연합사령관 3인 면담 - 국회 국방위원회(위원장 이헌승)의 여·야 국방위원들(이헌승 국방위원장, 김병주·신원식·성일종·임병헌·김영배·배진교 위원)은 오늘(10.26.) 오후, 국회에서 한미동맹재단 초청으로 내한한 빈센트 브룩스, 커티스 스카파로티, 로버트 에이브람스 전(前) 한미연합사령관 등을 만나 한미동맹과 북핵 문제 등 양측의 주요 관심 사안에 대해 심도 있게 논의하였다. 이헌승 국방위원장은 인사말에서 한미동맹은 한반도는 물론 동북아와 전세계의 평화와 안정을 유지하는 중추적인 역할을 충실히 수행해 왔다고 평가하며, 한반도를 둘러싼 안보정세가 그 어느 때보다 엄중한 지금, 한미동맹의 중요성은 갈수록 커지고 있다고 강조하였습니다. 또한, 이헌승 국방위원장은 국방에는 여야가 없다는 국방위원회의 격언을 인용하며, 동북아와 세계 평화를 위해서는 한(韓)미(美)가 따로 없으며, 북핵 문제 등 한반도의 평화와 안정을 위해서는 한국과 미국이 한마음으로 함께 대응해 - 1 - 나가는 것이 필요하다고 강조하였습니다. 빈센트 브룩스 전 한미연합사령관은 6.25 전쟁 휴전 이후 한국에서 전사한 92명의 미국군에 대한 기념비 건립을 위해 대한민국 국회에서 지원해 줄 것을 부탁했고, 참석한 국방위원들은 이에 대해 적극 지원하겠다는 의사를 표명 하였습니다. 김병주 국방위원회 민주당 간사위원은 전임 한미연합사 부사령관으로서 국방위원회 위원 자격으로 오늘 같이 근무했던 한미연합사령관들을 만나게 되어 감회가 새롭다고 말하며, 한미동맹의 발전을 위해 최선의 지원을 다하 겠다고 밝혔습니다. 또한, 전임 한미연합사령관과 함께 국회를 방문한 정승조 한미동맹재단 회장은 3인의 전임 한미연합사령관이 동시에 한국을 방문한 것은 이번이 처음이며, 2011년부터 2018년까지 한미연합사령관으로 근무하였던 3명이 국회를 찾은 것이라는 의미를 설명하였습니다. 양 측은 그 외 북핵 문제와 주한미군전우회에 대한 지원 강화 문제 등에 대해서도 심도 있는 의견을 교환하였습니다. 이헌승 국방위원장은 마지막으로 오늘 면담을 통해 향후 한미동맹이 더욱 발전되고 견고해 질수 있기를 희망한다고 밝혔습니다.//끝.']"
21,"['【붙 임】 국방위 전임 한미연합사령관 3인 면담 사진 1, 2, 3 - 2 - [파일: [보도자료] 국회 국방위, 전임 한미연합사령관 3인 면담.txt] 보 도 자 료 보도일시 배포 즉시 보도 배포일시 2022. 10. 26.(수) 공보담당관실 02-6788-3655 담당 서기관 유재민 위 원 회 국방위원회 입법조사관 (02-6788-5305) 국회 국방위, 전임 한미연합사령관 3인 면담 - 국방위원장을 포함한 여·야 7인의 위원과 전임 한미연합사령관 3인 면담 - 국회 국방위원회(위원장 이헌승)의 여·야 국방위원들(이헌승 국방위원장, 김병주·신원식·성일종·임병헌·김영배·배진교 위원)은 오늘(10.26.) 오후, 국회에서 한미동맹재단 초청으로 내한한 빈센트 브룩스, 커티스 스카파로티, 로버트 에이브람스 전(前) 한미연합사령관 등을 만나 한미동맹과 북핵 문제 등 양측의 주요 관심 사안에 대해 심도 있게 논의하였다. 이헌승 국방위원장은 인사말에서 한미동맹은 한반도는 물론 동북아와 전세계의 평화와 안정을 유지하는 중추적인 역할을 충실히 수행해 왔다고 평가하며, 한반도를 둘러싼 안보정세가 그 어느 때보다 엄중한 지금, 한미동맹의 중요성은 갈수록 커지고 있다고 강조하였습니다. 또한, 이헌승 국방위원장은 국방에는 여야가 없다는 국방위원회의 격언을 인용하며, 동북아와 세계 평화를 위해서는 한(韓)미(美)가 따로 없으며, 북핵 문제 등 한반도의 평화와 안정을 위해서는 한국과 미국이 한마음으로 함께 대응해 - 1 - 나가는 것이 필요하다고 강조하였습니다. 빈센트 브룩스 전 한미연합사령관은 6.25 전쟁 휴전 이후 한국에서 전사한 92명의 미국군에 대한 기념비 건립을 위해 대한민국 국회에서 지원해 줄 것을 부탁했고, 참석한 국방위원들은 이에 대해 적극 지원하겠다는 의사를 표명 하였습니다. 김병주 국방위원회 민주당 간사위원은 전임 한미연합사 부사령관으로서 국방위원회 위원 자격으로 오늘 같이 근무했던 한미연합사령관들을 만나게 되어 감회가 새롭다고 말하며, 한미동맹의 발전을 위해 최선의 지원을 다하 겠다고 밝혔습니다. 또한, 전임 한미연합사령관과 함께 국회를 방문한 정승조 한미동맹재단 회장은 3인의 전임 한미연합사령관이 동시에 한국을 방문한 것은 이번이 처음이며, 2011년부터 2018년까지 한미연합사령관으로 근무하였던 3명이 국회를 찾은 것이라는 의미를 설명하였습니다.']"
22,"['양 측은 그 외 북핵 문제와 주한미군전우회에 대한 지원 강화 문제 등에 대해서도 심도 있는 의견을 교환하였습니다. 이헌승 국방위원장은 마지막으로 오늘 면담을 통해 향후 한미동맹이 더욱 발전되고 견고해 질수 있기를 희망한다고 밝혔습니다.//끝. 【붙 임】 국방위 전임 한미연합사령관 3인 면담 사진 1, 2, 3 - 2 - [파일: [보도자료] 국회 국방위, 한국형 3축체계 구축을 위한 예산 의결 (1).txt] 보 도 자 료 보도일시 배포 즉시 보도 배포일시 2022. 11. 4.(금) 미디어담당관실 02-788-3655 서기관 유재민 위 원 회 국방위원회 미디어지원관 (02-6788-5303) 국회 국방위, 한국형 3축 체계 구축을 위한 예산 의결 - 군 전투역량 강화를 위한 「2023년도 국방예산안」 수정 의결 - - 군 급식의 질 제고 및 군 장병 처우 개선 예산 등도 함께 증액 - - 집행 가능성 낮은 사업은 합리적 감액 - 국회 국방위원회(위원장 이헌승)는 오늘(11.4.) 전체회의를 열어 2023년도 국방예산안을 수정 의결하였다. 국방위는 정부가 제출한 세출예산안* 대비 약 9,700억 원 증액, 약 1,866억 원 감액하여 총 약 7,834억 원을 증액하였다. *국방부, 병무청, 방위사업청, 5·18민주화운동 진상규명조사위원회 소관 국회 국방위원회는 2023년도 국방예산 심사결과, 북한의 핵·미사일 위협 으로부터 대한민국의 안보와 국민의 안전을 지킬 수 있도록, 강력한 안보 태세 확보를 위한 한국형 3축 체계 구축을 위한 예산을 집중적으로 증액 의결하였다. 이와 더불어 열악한 환경에서 근무하는 군 장병들의 처우를 개선하기 위한 예산 등도 함께 증액 의결하였다. 국방위원회는 정부에서 제출한 2023년도 예산안을 오늘 심의·의결함으로써 국회 예산안 심사의 첫 시작을 알렸다. - 1 - < 국방위원회 2023회계연도 예산안 심사 결과 > (단위 : 백만원) 소 관 회 계 명 증 액 감 액 증 감 일반회계 368,778 -33,329 335,449 국방․군사시설 490 -1,290 -800 국방부 이전특별회계 주한미군기지 - -80 -80 이전특별회계 5·18민주화운동 일반회계 204 - 204 진상규명조사위원회 병무청 일반회계 5,718 -19,927 -14,209 방위사업청 일반회계 594,840 -131,967 462,873 합 계 970,030 -186,593 783,437']"
23,"['국방위원회는 2023년도 국방예산안을 심사하면서 병사·생도 등 영내자를 대상 으로 선호도가 높은 로컬푸드 공급을 위해 기본급식 예산 약 582억원, 부사관의 야간· 휴일근무에 대한 합리적 보상을 위하여 야간·휴일수당 약 250억원을 증액하였다. 또한, 한국형 3축 체계(Kill-Chain)의 핵심전력 획득을 통한 우리 군의 전투역량 강화를 위해 F-X 2차 사업 200억원, 230mm급다련장 사업 1,738억 8,200만원, K-21보병전투차량 2차 사업 800억 3,300만원을 증액하였다. 한편, 국방위원회는 사업의 추진 상황과 법령의 근거 여부 등을 꼼꼼히 살핀 후, 집행 가능성이 부진할 것으로 예상되는 사업은 합리적으로 감액하였다. 방위사업청 소관 예산 중 시험평가 일정 지연을 고려하여 중요시설경계시스템 사업에서 208억 1,700만원, 기술이전 협의 등으로 개발업체 계약이 지연됨에 따라 130mm 유도로켓-Ⅱ 사업에서 195억 1,900만원을 감액하였다. - 2 - 국방부 소관 예산에서는 연례적으로 집행이 부진한 주한미군 방위비분담금 군 사시설개선 사업에서 203억 2,500만원을 감액하였다. 이번 심사에 대해 국회 국방위원회 신원식 예산결산심사소위원회 위원장은 “정부가 제출한 안을 면밀하게 살펴 불요불급한 예산은 과감히 감액했다”며 “반면에 열악한 근무 여건으로 사기가 저하되고 있는 우리 군 장병의 처우 개선을 위하여 필수적인 예산과 대한민국의 안보와 국민의 안전을 지킬 수 있도록 군 전투역량을 강화하는 예산은 증액함으로써 국민의 세금이 적재적소에 사용되도록 하였다”고 말했다. - 3 - [파일: [보도자료] 국회 국방위, 한국형 3축체계 구축을 위한 예산 의결.txt] 보 도 자 료 보도일시 배포 즉시 보도 배포일시 2022. 11. 4.(금) 미디어담당관실 02-788-3655 서기관 유재민 위 원 회 국방위원회 미디어지원관 (02-6788-5303) 국회 국방위, 한국형 3축 체계 구축을 위한 예산 의결 - 군 전투역량 강화를 위한 「2023년도 국방예산안」 수정 의결 - - 군 급식의 질 제고 및 군 장병 처우 개선 예산 등도 함께 증액 - - 집행 가능성 낮은 사업은 합리적 감액 - 국회 국방위원회(위원장 이헌승)는 오늘(11.4.) 전체회의를 열어 2023년도 국방예산안을 수정 의결하였다. 국방위는 정부가 제출한 세출예산안* 대비']"
24,"['약 9,700억 원 증액, 약 1,866억 원 감액하여 총 약 7,834억 원을 증액하였다. *국방부, 병무청, 방위사업청, 5·18민주화운동 진상규명조사위원회 소관 국회 국방위원회는 2023년도 국방예산 심사결과, 북한의 핵·미사일 위협 으로부터 대한민국의 안보와 국민의 안전을 지킬 수 있도록, 강력한 안보 태세 확보를 위한 한국형 3축 체계 구축을 위한 예산을 집중적으로 증액 의결하였다. 이와 더불어 열악한 환경에서 근무하는 군 장병들의 처우를 개선하기 위한 예산 등도 함께 증액 의결하였다. 국방위원회는 정부에서 제출한 2023년도 예산안을 오늘 심의·의결함으로써 국회 예산안 심사의 첫 시작을 알렸다. - 1 - < 국방위원회 2023회계연도 예산안 심사 결과 > (단위 : 백만원) 소 관 회 계 명 증 액 감 액 증 감 일반회계 368,778 -33,329 335,449 국방․군사시설 490 -1,290 -800 국방부 이전특별회계 주한미군기지 - -80 -80 이전특별회계 5·18민주화운동 일반회계 204 - 204 진상규명조사위원회 병무청 일반회계 5,718 -19,927 -14,209 방위사업청 일반회계 594,840 -131,967 462,873 합 계 970,030 -186,593 783,437 국방위원회는 2023년도 국방예산안을 심사하면서 병사·생도 등 영내자를 대상 으로 선호도가 높은 로컬푸드 공급을 위해 기본급식 예산 약 582억원, 부사관의 야간· 휴일근무에 대한 합리적 보상을 위하여 야간·휴일수당 약 250억원을 증액하였다. 또한, 한국형 3축 체계(Kill-Chain)의 핵심전력 획득을 통한 우리 군의 전투역량 강화를 위해 F-X 2차 사업 200억원, 230mm급다련장 사업 1,738억 8,200만원, K-21보병전투차량 2차 사업 800억 3,300만원을 증액하였다. 한편, 국방위원회는 사업의 추진 상황과 법령의 근거 여부 등을 꼼꼼히 살핀 후, 집행 가능성이 부진할 것으로 예상되는 사업은 합리적으로 감액하였다. 방위사업청 소관 예산 중 시험평가 일정 지연을 고려하여 중요시설경계시스템 사업에서 208억 1,700만원, 기술이전 협의 등으로 개발업체 계약이 지연됨에 따라 130mm 유도로켓-Ⅱ 사업에서 195억 1,900만원을 감액하였다. - 2 - 국방부 소관 예산에서는 연례적으로 집행이 부진한 주한미군 방위비분담금 군 사시설개선 사업에서 203억 2,500만원을 감액하였다.']"
25,"['이번 심사에 대해 국회 국방위원회 신원식 예산결산심사소위원회 위원장은 “정부가 제출한 안을 면밀하게 살펴 불요불급한 예산은 과감히 감액했다”며 “반면에 열악한 근무 여건으로 사기가 저하되고 있는 우리 군 장병의 처우 개선을 위하여 필수적인 예산과 대한민국의 안보와 국민의 안전을 지킬 수 있도록 군 전투역량을 강화하는 예산은 증액함으로써 국민의 세금이 적재적소에 사용되도록 하였다”고 말했다. - 3 - [파일: [보도자료] 국회 국방위원회, 남수단 한빛부대 현장방문 (1).txt] 보 도 자 료 보도일시 배포 즉시 보도 배포일시 2023. 7. 10.(월) 공보담당관실 02-6788-3655 행정실장 김건식 위 원 회 국방위원회 미디어지원관 (02-6788-5305) 국회 국방위원회, 남수단 한빛부대 현장방문 - 2013년 국회 비준으로 파병, 올해로 10년간 재건지원 임무 수행 중 - - 현 위원장(국민의힘)과 전 위원장(더불어민주당) 여야 함께 파병부대 응원 - - 유엔 남수단 임무단(UNMISS)에 선진국 파병부대로서 역할 확대 검토 요청 - 국회 국방위원회(위원장 한기호) 소속 위원, 국방부, 합동참모본부는 7월 3일부터 7일까지 한빛부대(대한민국 남수단 재건지원단)를 격려하기 위해 남수단을 방문하였다. 국방위원회의 한빛부대 방문은 지난 2015년에 방문한 이후 이번이 두 번째로, 파병 10주년*을 기념하여 이루어졌다. *한빛부대(대한민국 남수단 재건지원단)는 2013년 국회 비준을 통해 아프리카 남수단에 파병되어, 남수단 주 보급로 3개 구간 2,186㎞를 보수하는 등 사회기반 시설을 구축하고 있으며, 한빛 직업학교, 한빛 농장을 운영하여 지역주민의 기술 역량 및 자립의지를 강화하도록 지원하고 있다. 이에 한빛부대는 UNMISS 내 UN PKO 군의 모범사례로 꼽히고 있으며, 지역주민들로부터 ‘신이 내린 선물’로 평가받고 있다. - 1 - 특히, 이번 방문단에는 현 국방위원장인 국민의힘 한기호 위원과 20대 국회 후반기 국방위원장인 더불어민주당 안규백 위원이 동행하여, 여야가 함께 한빛부대의 평화유지 활동을 응원한다는 점에서 큰 의미가 있었다. 한기호 국방위원장 등 방문단은 한빛부대 방문에 앞서 7월 3일 남수단 수도인 Juba에서 남수단 대통령비서실장 바르나바 마리알 벤자민 (Barnaba Marial Benjamin)과 환담을 진행하였다. 바르나바 대통령 비서실장은']"
26,"['지난 10년간 남수단 재건을 지원해온 한빛부대의 적극성과 성실성에 감사 인사를 전하였고, 한기호 위원장은 한빛부대 활동과 교민 안전에 대한 남수단 정부의 지속적인 관심과 지원을 당부하였다. 또한, 안규백 위원은 8년 전에 비해 안정된 남수단 환경에 놀라움을 표하면서, 대한민국 국회도 남수단 발전을 위한 지원방안을 검토할 것이라 언급하였다. 한기호 위원장과 안규백 위원을 포함한 방문단은 다음날 한빛부대가 주둔하고 있는 Bor로 이동하여 부대방문 일정을 진행하였다. 방문단은 주요 직위자 간담회를 통해 부대 활동 사항을 보고 받고 건의 사항을 수렴하고, 이후 280여 명의 부대원과 만찬 간담회를 진행하여 부대원 한명 한명과 교감하며 그간의 노고를 격려하였다. 이날 김기현 국민의힘 당대표도 영상 축사를 통해 한빛부대의 노고에 감사를 표했다. 한기호 위원장과 안규백 위원은 부대원의 안전과 건강 유지를 최우선으로 강조하였고, 파병부대의 어려운 여건에 대해 국회 차원에서도 관심을 가질 것이라 약속하였다. - 2 - 대표단은 한빛부대 방문일정을 마치고, Juba로 돌아와 남수단 교민행사를 진행하였다. 남수단에는 민간인과 정부 파견 인원 등을 포함하여 약 10여 명의 자국민이 거주 중이다. 이날 간담회에서는 최근 남수단 정세를 평가 하고, 대한민국과 남수단 간의 교류 필요성과 그 방안 등을 논의하였다. 이어서 방문단은 남수단 유엔 평화유지군을 총괄하는 남수단 유엔임무단 특별대사(UNMISS SRSG / United Nations Mission in South Sudan Special Representative of the Secretary General)와 면담을 진행하였다. SRSG는 남수단 재건 작전에 한빛부대가 기여하고 있는 역할을 높게 평가하였고 한빛부대가 앞으로도 중요한 임무를 계속 수행해주길 요청하였다. 한기호 위원장은 더욱 효과적인 UN 평화유지 활동을 위해 UNMISS 지휘부 내 한국 측의 관여가 커져야 한다고 강조하였다. 안규백 위원도 이 점에 공감하며 한빛부대가 선진국 파병부대로서 적합한 활동과 역할을 수행할 수 있도록 UNMISS에 심도 깊은 검토를 요구하였다. 한기호 국방위원장과 안규백 위원은 이번 출장을 통해 해외파병 인원의 열악한 근무 환경에 주목하였고, 이를 고려한 근무여건 및 수당 등 제도 개선 필요성에 공감하였다. 또한 국제사회에 한국의 역할이 확대될 수']"
27,"['있도록 해외파병 부대에 우수한 인력이 지속적으로 투입되어야 함을 강조 하였다. //끝. - 3 - [사진1] 남수단 대통령 비서실장 환담 [사진2] 한빛부대 방문 - 4 - [사진3] 남수단 유엔임무단 특별대사와 악수하는 한기호 국방위원장 - 5 - [사진4] Bor공항에 도착한 방문단 - 6 - [파일: [보도자료] 국회 국방위원회, 남수단 한빛부대 현장방문.txt] 보 도 자 료 보도일시 배포 즉시 보도 배포일시 2023. 7. 10.(월) 공보담당관실 02-6788-3655 행정실장 김건식 위 원 회 국방위원회 미디어지원관 (02-6788-5305) 국회 국방위원회, 남수단 한빛부대 현장방문 - 2013년 국회 비준으로 파병, 올해로 10년간 재건지원 임무 수행 중 - - 현 위원장(국민의힘)과 전 위원장(더불어민주당) 여야 함께 파병부대 응원 - - 유엔 남수단 임무단(UNMISS)에 선진국 파병부대로서 역할 확대 검토 요청 - 국회 국방위원회(위원장 한기호) 소속 위원, 국방부, 합동참모본부는 7월 3일부터 7일까지 한빛부대(대한민국 남수단 재건지원단)를 격려하기 위해 남수단을 방문하였다. 국방위원회의 한빛부대 방문은 지난 2015년에 방문한 이후 이번이 두 번째로, 파병 10주년*을 기념하여 이루어졌다. *한빛부대(대한민국 남수단 재건지원단)는 2013년 국회 비준을 통해 아프리카 남수단에 파병되어, 남수단 주 보급로 3개 구간 2,186㎞를 보수하는 등 사회기반 시설을 구축하고 있으며, 한빛 직업학교, 한빛 농장을 운영하여 지역주민의 기술 역량 및 자립의지를 강화하도록 지원하고 있다. 이에 한빛부대는 UNMISS 내 UN PKO 군의 모범사례로 꼽히고 있으며, 지역주민들로부터 ‘신이 내린 선물’로 평가받고 있다. - 1 - 특히, 이번 방문단에는 현 국방위원장인 국민의힘 한기호 위원과 20대 국회 후반기 국방위원장인 더불어민주당 안규백 위원이 동행하여, 여야가 함께 한빛부대의 평화유지 활동을 응원한다는 점에서 큰 의미가 있었다. 한기호 국방위원장 등 방문단은 한빛부대 방문에 앞서 7월 3일 남수단 수도인 Juba에서 남수단 대통령비서실장 바르나바 마리알 벤자민 (Barnaba Marial Benjamin)과 환담을 진행하였다. 바르나바 대통령 비서실장은 지난 10년간 남수단 재건을 지원해온 한빛부대의 적극성과 성실성에 감사 인사를 전하였고, 한기호 위원장은 한빛부대 활동과 교민 안전에 대한']"
28,"['남수단 정부의 지속적인 관심과 지원을 당부하였다. 또한, 안규백 위원은 8년 전에 비해 안정된 남수단 환경에 놀라움을 표하면서, 대한민국 국회도 남수단 발전을 위한 지원방안을 검토할 것이라 언급하였다. 한기호 위원장과 안규백 위원을 포함한 방문단은 다음날 한빛부대가 주둔하고 있는 Bor로 이동하여 부대방문 일정을 진행하였다. 방문단은 주요 직위자 간담회를 통해 부대 활동 사항을 보고 받고 건의 사항을 수렴하고, 이후 280여 명의 부대원과 만찬 간담회를 진행하여 부대원 한명 한명과 교감하며 그간의 노고를 격려하였다. 이날 김기현 국민의힘 당대표도 영상 축사를 통해 한빛부대의 노고에 감사를 표했다. 한기호 위원장과 안규백 위원은 부대원의 안전과 건강 유지를 최우선으로 강조하였고, 파병부대의 어려운 여건에 대해 국회 차원에서도 관심을 가질 것이라 약속하였다. - 2 - 대표단은 한빛부대 방문일정을 마치고, Juba로 돌아와 남수단 교민행사를 진행하였다. 남수단에는 민간인과 정부 파견 인원 등을 포함하여 약 10여 명의 자국민이 거주 중이다. 이날 간담회에서는 최근 남수단 정세를 평가 하고, 대한민국과 남수단 간의 교류 필요성과 그 방안 등을 논의하였다. 이어서 방문단은 남수단 유엔 평화유지군을 총괄하는 남수단 유엔임무단 특별대사(UNMISS SRSG / United Nations Mission in South Sudan Special Representative of the Secretary General)와 면담을 진행하였다. SRSG는 남수단 재건 작전에 한빛부대가 기여하고 있는 역할을 높게 평가하였고 한빛부대가 앞으로도 중요한 임무를 계속 수행해주길 요청하였다. 한기호 위원장은 더욱 효과적인 UN 평화유지 활동을 위해 UNMISS 지휘부 내 한국 측의 관여가 커져야 한다고 강조하였다. 안규백 위원도 이 점에 공감하며 한빛부대가 선진국 파병부대로서 적합한 활동과 역할을 수행할 수 있도록 UNMISS에 심도 깊은 검토를 요구하였다. 한기호 국방위원장과 안규백 위원은 이번 출장을 통해 해외파병 인원의 열악한 근무 환경에 주목하였고, 이를 고려한 근무여건 및 수당 등 제도 개선 필요성에 공감하였다. 또한 국제사회에 한국의 역할이 확대될 수 있도록 해외파병 부대에 우수한 인력이 지속적으로 투입되어야 함을 강조 하였다. //끝. - 3 - [사진1] 남수단 대통령 비서실장 환담 [사진2] 한빛부대 방문 - 4 -']"
29,"['[사진3] 남수단 유엔임무단 특별대사와 악수하는 한기호 국방위원장 - 5 - [사진4] Bor공항에 도착한 방문단 - 6 - [파일: [보도자료] 소령 정년, 45세에서 50세로 5년 연장 (1).txt] 보 도 자 료 보도일시 배포 즉시 보도 배포일시 2023. 3. 23.(목) 공보담당관실 02-6788-3655 서기관 김건식 위 원 회 국방위원회 미디어지원관 (02-6788-5305) 소령 정년, 45세에서 50세로 5년 연장 - 전체회의에서 소령의 정년을 연장하는 「군인사법」 일부개정법률안 등 의결 - 국회 국방위원회(위원장 한기호)는 오늘(3.23.) 오전 9시 30분에 전체회의를 열어 법률안심사소위원회에서 심의·의결한 「군인사법」 개정안, 「군인의 지위 및 복무에 관한 기본법」 개정안 등 소관 법률안을 의결하였다. 이날 국방위원회에서 의결된 법률안 중 「군인사법」 개정안은 연령정원이 60세 미만인 직업군인들 중 소령 계급의 연령정년을 45세에서 50세로 5년 연장 하는 내용이다. 이 법률안은 지난 2020년 8월에 발의되어 법안심사 소위에서 심도 있게 논의되어 왔다. 현재 소령의 정년은 45세로 1993년 정년이 연장된 이후 지난 27년 동안 현재의 짧은 정년을 유지해 오고 있어 사회의 정년연장 추세를 반영하지 못 한다는 지적이 제기되어 왔다. 또한, 그간 출산율 감소로 점차 병역가용 자원이 감소하는 상황에서 숙련된 간부를 활용하고 우수한 장교 자원 모집을 위해서는 - 1 - 지나치게 짧은 소령의 정년을 연장할 필요가 있다는 의견이 많았다. 이에 국방위원회에서는 군인의 직업안정성을 강화하고 군의 전투력을 상승 시키기 위하여 다른 계급(대령: 56세, 중령: 53세, 원사: 55세, 상사: 53세)에 비해 연령 정년이 특히 낮은 소령 계급의 정년을 5년 연장하는 「군인사법」 개정안을 의결하였다. 한편, 국방위원회는 오늘 군 내 발생한 성추행 및 성폭력 행위 등에 대한 신고의무를 규정하고, 성폭력 행위 등으로 피해를 입은 피해자를 보호하기 위한 법률·의료 지원 등의 근거를 마련하는 「군인의 지위 및 복무에 관한 기본법」 개정안도 함께 의결하였다. 이날 한기호 국회 국방위원장은 “현재 다른 계급에 비해 특히 낮은 소령 계급의 정년을 연장함으로써 군의 전문성을 제고하는 한편, 최근 사회적으로 큰 충격을 주었던 군내 성범죄 문제 해결을 위한 제도적 방안을 마련하기 위하여']"
30,"['관련 법률안을 심도 있게 심사한 결과, 오늘 해당 법률안을 여야 구분 없이 초당적으로 협력하여 의결하였다”고 말했다. 【붙 임】 한기호 국방위원장 사진 - 2 - [파일: [보도자료] 소령 정년, 45세에서 50세로 5년 연장.txt] 보 도 자 료 보도일시 배포 즉시 보도 배포일시 2023. 3. 23.(목) 공보담당관실 02-6788-3655 서기관 김건식 위 원 회 국방위원회 미디어지원관 (02-6788-5305) 소령 정년, 45세에서 50세로 5년 연장 - 전체회의에서 소령의 정년을 연장하는 「군인사법」 일부개정법률안 등 의결 - 국회 국방위원회(위원장 한기호)는 오늘(3.23.) 오전 9시 30분에 전체회의를 열어 법률안심사소위원회에서 심의·의결한 「군인사법」 개정안, 「군인의 지위 및 복무에 관한 기본법」 개정안 등 소관 법률안을 의결하였다. 이날 국방위원회에서 의결된 법률안 중 「군인사법」 개정안은 연령정원이 60세 미만인 직업군인들 중 소령 계급의 연령정년을 45세에서 50세로 5년 연장 하는 내용이다. 이 법률안은 지난 2020년 8월에 발의되어 법안심사 소위에서 심도 있게 논의되어 왔다. 현재 소령의 정년은 45세로 1993년 정년이 연장된 이후 지난 27년 동안 현재의 짧은 정년을 유지해 오고 있어 사회의 정년연장 추세를 반영하지 못 한다는 지적이 제기되어 왔다. 또한, 그간 출산율 감소로 점차 병역가용 자원이 감소하는 상황에서 숙련된 간부를 활용하고 우수한 장교 자원 모집을 위해서는 - 1 - 지나치게 짧은 소령의 정년을 연장할 필요가 있다는 의견이 많았다. 이에 국방위원회에서는 군인의 직업안정성을 강화하고 군의 전투력을 상승 시키기 위하여 다른 계급(대령: 56세, 중령: 53세, 원사: 55세, 상사: 53세)에 비해 연령 정년이 특히 낮은 소령 계급의 정년을 5년 연장하는 「군인사법」 개정안을 의결하였다. 한편, 국방위원회는 오늘 군 내 발생한 성추행 및 성폭력 행위 등에 대한 신고의무를 규정하고, 성폭력 행위 등으로 피해를 입은 피해자를 보호하기 위한 법률·의료 지원 등의 근거를 마련하는 「군인의 지위 및 복무에 관한 기본법」 개정안도 함께 의결하였다. 이날 한기호 국회 국방위원장은 “현재 다른 계급에 비해 특히 낮은 소령 계급의 정년을 연장함으로써 군의 전문성을 제고하는 한편, 최근 사회적으로 큰 충격을 주었던 군내 성범죄 문제 해결을 위한 제도적 방안을 마련하기 위하여']"
31,"['관련 법률안을 심도 있게 심사한 결과, 오늘 해당 법률안을 여야 구분 없이 초당적으로 협력하여 의결하였다”고 말했다. 【붙 임】 한기호 국방위원장 사진 - 2 -']"
