avg_delivery_min,avg_order_value,review_cnt,ad_spend,store_category,discount_rate,monthly_revenue
27.6,24778,75,1604390,Pizza,15.2,5420362
44.2,20924,94,278974,Chicken,,2656345
35.3,26991,85,155616,Pizza,17.5,3332158
32.2,8410,108,59546,Cafe,10.0,1638453
33.9,17233,63,111035,Korean,,2218473
37.2,12262,73,375611,Dessert,5.3,2409270
41.2,29241,57,471123,Pizza,,3399324
25.0,21649,77,391566,Pizza,,3526738
24.6,19925,60,224898,Korean,19.0,2661554
46.0,17267,79,43946,Chicken,22.0,2377910
30.9,22543,83,177190,Chicken,12.2,3546663
20.8,15938,78,44450,Dessert,,2272532
39.4,10222,125,36507,Cafe,,1553153
39.6,25427,69,145303,Pizza,18.6,2510870
19.7,20599,80,182373,Chicken,,3181668
37.3,18078,59,247199,Korean,,2104015
42.4,8370,117,178609,Cafe,,1677090
38.7,16035,72,183600,Korean,5.3,2256980
41.3,24275,73,54586,Pizza,14.8,2615640
21.0,9496,102,110334,Cafe,4.1,1763882
38.3,23082,58,35938,Pizza,14.6,2343411
32.0,19984,98,24162,Chicken,,3428766
30.2,8599,75,217024,Dessert,9.0,2333666
43.7,12977,79,65693,Dessert,6.2,1798768
49.8,26363,84,241167,Pizza,,2926369
52.9,18579,73,291246,Korean,6.2,2260496
48.1,24413,116,73115,Chicken,,3497750
33.9,18220,42,192432,Korean,,2075941
38.5,18980,57,70709,Korean,,1956895
42.7,9760,118,27407,Cafe,22.0,1404822
36.2,24771,74,132441,Pizza,7.7,3060440
36.3,10673,84,82335,Dessert,,1391260
43.2,27535,109,84388,Chicken,,3252453
34.4,20870,83,582755,Chicken,,3338806
27.7,20335,94,35403,Chicken,,3059358
30.9,19085,63,163006,Korean,,2708599
41.3,18630,64,54144,Korean,,1857747
35.0,18488,83,248167,Chicken,15.3,3447926
38.4,20807,56,152359,Korean,14.5,2234613
41.7,8765,109,162547,Cafe,,1177985
31.3,19223,80,56350,Chicken,,2520655
42.6,27972,59,65041,Pizza,,2530889
38.8,10564,132,251965,Cafe,,1787804
22.7,18839,104,494788,Chicken,15.4,3846775
49.4,29443,67,176221,Pizza,16.0,3260976
30.0,26647,54,58531,Pizza,,3763831
18.4,21975,94,157377,Chicken,14.8,3843981
24.5,25976,96,836703,Chicken,,5208318
24.8,9398,99,130247,Cafe,,1842813
35.5,17930,62,386435,Korean,,2323201
32.3,16349,49,66369,Korean,,1851125
31.6,19455,56,116027,Korean,,2237116
41.2,26192,93,196988,Pizza,,3348323
38.4,9037,117,164902,Cafe,6.3,1359081
38.2,7025,116,65000,Cafe,,1031905
39.1,25325,61,62795,Pizza,,2778995
41.2,21826,95,264574,Chicken,12.3,2902462
15.0,5666,106,311292,Cafe,,1921985
31.4,14320,60,402303,Korean,,2539129
15.0,19413,54,508079,Korean,9.6,3113114
35.4,5000,99,133645,Cafe,,1053620
35.0,22514,74,93553,Chicken,,2916633
45.5,7805,123,353642,Cafe,,1449046
46.9,28271,65,212289,Pizza,,2904495
37.0,7766,116,54682,Cafe,,1538604
30.0,10649,106,52488,Cafe,,1291000
39.9,8008,93,177867,Cafe,,1075275
29.7,22284,108,104133,Chicken,6.9,3349485
35.0,19842,63,117489,Korean,13.6,2288000
44.9,20844,88,283020,Chicken,,2968705
29.4,20491,45,220241,Korean,,2701620
43.1,19516,75,347717,Chicken,12.3,2760613
41.8,25736,75,25592,Pizza,12.4,2845445
25.5,20307,62,146967,Korean,,2882537
44.7,19650,66,209190,Korean,,1979888
42.0,26791,85,35383,Chicken,,3270436
36.0,20091,100,71064,Chicken,,2943199
27.4,5552,116,61259,Cafe,,1138622
26.4,6514,120,122101,Cafe,,1513446
29.6,26651,62,441322,Pizza,13.9,3446419
40.4,10245,109,605203,Cafe,,1899352
25.4,22256,76,62556,Chicken,7.6,2998693
39.4,22193,57,182863,Pizza,,2549233
22.6,19917,55,187641,Korean,6.9,2464588
33.0,14938,56,163627,Korean,,1999811
36.1,20897,61,165120,Korean,,2514424
59.5,32144,65,153007,Pizza,13.1,2615136
21.2,22916,91,462917,Chicken,,3941472
49.7,19458,59,289879,Korean,11.9,2490745
36.5,7768,112,51386,Cafe,4.7,1336709
39.1,13474,60,226800,Korean,,1493993
36.2,7493,120,245032,Cafe,6.4,1807202
39.4,19268,84,154387,Chicken,,2479079
33.5,18382,67,296673,Chicken,,3252011
49.5,26306,96,139484,Chicken,5.2,2788635
30.4,9682,109,140874,Cafe,,1169143
46.3,22949,82,132222,Chicken,,2929648
28.6,17227,62,23877,Korean,,2487214
34.4,17568,65,112525,Korean,20.3,2633952
24.3,14411,89,70308,Dessert,,2213092
39.6,11919,81,46448,Dessert,9.3,1797819
49.5,10327,94,377929,Cafe,,1073888
34.2,17510,48,179623,Korean,,2456505
33.0,11145,84,117170,Dessert,,1511865
23.9,21483,68,76375,Pizza,27.0,2999471
32.7,5000,108,152083,Cafe,9.8,1452348
19.1,21346,96,265241,Chicken,,3932009
25.9,18141,60,61925,Korean,11.1,2903472
37.3,14785,60,119537,Korean,,1637829
48.2,11914,75,240314,Dessert,,1814826
63.1,22134,68,25500,Chicken,,1990669
29.1,12610,75,114599,Korean,9.1,1795125
49.4,19712,93,85120,Chicken,5.8,3069314
37.4,10018,89,107816,Cafe,,1411048
33.5,18968,48,80334,Korean,,2243790
39.3,22116,65,133967,Pizza,10.8,2461887
35.6,25396,68,559136,Pizza,12.3,3659658
36.1,11556,120,92606,Cafe,15.3,1374233
30.9,23943,101,151542,Chicken,,3639080
21.0,8762,122,591871,Cafe,19.7,1712237
19.6,7830,103,77283,Cafe,9.9,1696712
41.5,7427,102,512465,Cafe,15.2,1383220
32.2,19170,56,120512,Korean,15.7,1954772
29.0,22488,103,499201,Chicken,20.2,4201234
35.1,19574,60,218689,Korean,,2466709
42.9,22330,100,153420,Chicken,,3161435
36.8,24047,76,113862,Chicken,12.3,2801377
28.4,18236,64,72840,Korean,,1995203
47.3,19962,62,127501,Korean,5.8,1506294
50.8,11177,107,246012,Cafe,12.9,1170042
39.9,15989,49,118748,Korean,,2097994
44.7,7480,75,93148,Dessert,3.9,1598634
47.4,12859,105,98186,Cafe,,1453735
46.3,22642,89,265462,Chicken,,2780661
41.1,5000,115,319776,Cafe,9.6,1107361
41.0,16215,56,70370,Korean,,2646184
40.2,13930,82,70289,Dessert,19.4,1569186
24.0,21301,85,162549,Chicken,11.8,3090109
42.0,23720,74,407287,Pizza,,2999996
21.4,21502,59,300150,Korean,9.4,3119953
27.1,19382,79,44080,Chicken,,2997091
48.0,20005,88,97148,Chicken,,2545228
43.4,12528,95,56998,Dessert,15.9,1776708
49.9,9976,135,96881,Cafe,,1563252
32.3,23241,91,433122,Chicken,15.6,3642599
23.5,20278,64,38452,Korean,,2512056
32.6,22496,110,32865,Chicken,6.7,3654310
36.0,10223,102,61846,Cafe,10.8,1703962
35.8,21352,107,151009,Chicken,7.6,3566549
46.3,18157,49,197176,Korean,,1557497
31.4,25269,74,170281,Pizza,0.8,3090128
38.5,12538,90,307366,Dessert,,2313844
25.1,19931,72,29283,Korean,10.5,3141301
39.5,10388,121,310493,Cafe,11.6,1656959
35.0,18111,54,93486,Korean,,2262325
27.5,6977,94,215441,Cafe,12.5,1706694
32.6,22169,78,41627,Chicken,,2736337
33.2,8930,87,120477,Cafe,18.5,1623099
32.3,25483,63,144967,Pizza,,3356130
52.7,30516,78,302503,Pizza,,3492509
34.0,16691,56,33760,Korean,,2251114
32.6,13056,77,122989,Dessert,,2029835
15.0,20671,61,50365,Korean,,3051787
26.1,18245,68,179808,Korean,,2414971
32.4,14845,102,223467,Cafe,11.4,2489572
28.1,21055,92,336039,Chicken,,3127579
48.8,25810,65,78216,Pizza,,2462312
33.4,23003,72,251961,Pizza,,3143177
47.9,21121,80,356457,Chicken,,2935503
35.6,12622,76,32230,Dessert,15.4,2119514
35.4,24116,85,195854,Chicken,,3256024
34.1,9798,118,258346,Cafe,,1425886
35.0,21148,68,97564,Korean,,2633834
52.2,11763,81,45553,Dessert,,1192486
15.0,17170,72,255151,Korean,,3196333
15.0,24760,67,45965,Korean,,2819019
29.6,22986,99,104044,Chicken,6.5,3682239
35.1,10201,74,116209,Dessert,28.8,1242724
41.9,10264,88,212708,Dessert,10.4,1471191
39.7,22643,65,72689,Pizza,0.7,2673924
31.2,14341,79,69396,Dessert,,1386608
45.2,11089,78,129882,Dessert,,1960058
45.3,9318,108,268434,Cafe,13.4,1214655
36.8,21841,105,748036,Chicken,16.9,4155754
44.6,26829,71,35928,Pizza,,3061400
37.7,6883,116,154434,Cafe,9.2,1198574
29.4,19311,92,50313,Chicken,,2412032
42.0,18561,66,271114,Korean,,2870304
36.1,26502,76,56637,Pizza,4.1,2820101
35.0,18831,60,69949,Korean,10.6,2504294
49.7,9976,83,74894,Dessert,7.5,1364006
15.0,19694,68,112903,Korean,10.2,3291155
20.8,16140,66,155407,Korean,,2629498
23.1,23696,80,176700,Pizza,13.3,3432742
31.4,15640,62,119448,Korean,11.1,2114679
32.5,21253,63,41412,Korean,15.3,2483881
19.9,10584,112,214803,Cafe,13.2,2309111
25.1,26512,78,115022,Pizza,,3179514
26.4,21118,55,303955,Korean,3.3,3429557
59.6,29032,97,68122,Chicken,,2741963
53.0,20727,61,33304,Pizza,10.0,2312684
30.9,10154,87,116778,Dessert,11.0,1818348
31.4,7460,124,338409,Cafe,18.3,1473387
23.5,15873,57,136489,Korean,,2194765
15.9,15306,58,102284,Korean,20.1,2259604
33.8,17251,51,59812,Korean,,1886634
25.0,14958,60,489657,Korean,16.5,2473273
34.2,9838,98,52658,Cafe,,1664315
19.0,18129,67,67167,Korean,0.0,2579968
27.4,10203,113,189335,Cafe,18.5,1719846
36.5,10269,104,27185,Cafe,,1282077
38.7,10508,111,332674,Cafe,7.5,2086317
39.2,17066,53,197719,Korean,19.0,2190810
21.8,30303,69,246380,Pizza,,3590956
43.5,9586,112,187539,Cafe,9.5,1419925
27.0,20344,70,105488,Pizza,15.1,3131828
41.3,15494,67,51263,Korean,,1738882
34.9,13649,74,107279,Korean,11.3,2439926
21.2,12043,80,54998,Dessert,,2178041
31.8,21695,90,177047,Chicken,,3393138
38.7,20829,89,228815,Chicken,,3125657
41.1,27027,84,391090,Chicken,18.8,3156782
33.6,10372,97,161565,Cafe,,1714604
50.3,13815,79,251427,Dessert,,2008003
45.1,19672,87,94611,Chicken,5.4,2523820
32.4,9502,73,81849,Dessert,,1875541
42.5,18092,46,175288,Korean,,2436600
54.3,9433,120,88086,Cafe,,1427287
54.6,5000,120,148835,Cafe,14.0,1115848
22.7,17549,60,51343,Korean,20.8,2418162
25.7,18035,55,59275,Korean,,2315036
49.8,21462,85,199501,Chicken,,2434144
24.4,9967,65,243921,Dessert,11.7,2271923
21.8,7651,108,54542,Cafe,14.1,1626995
30.1,11558,68,205200,Dessert,,1939927
39.2,25227,63,78359,Pizza,18.3,2464473
34.0,23512,82,121595,Chicken,7.2,3481743
28.5,27702,66,372802,Pizza,,3804520
28.3,17264,71,228945,Korean,14.7,3047899
27.9,16860,64,226827,Korean,9.6,2340510
26.2,26094,60,552539,Pizza,17.0,3483281
57.8,26527,64,68333,Pizza,,2316180
38.0,16914,69,54532,Korean,16.7,1936842
43.9,10976,112,67343,Cafe,,1634226
30.1,11449,115,97895,Cafe,,1506441
33.1,28229,61,18244,Pizza,,3149386
27.9,13446,107,101651,Cafe,8.2,2473233
15.0,19834,81,77621,Chicken,,3144505
21.2,22035,91,224640,Chicken,15.8,3107801
16.9,22028,80,159083,Chicken,,3273293
15.0,8755,118,74213,Cafe,,1937864
23.0,23377,67,192378,Pizza,,3400213
48.2,18286,102,214027,Chicken,8.6,2947543
34.6,18232,53,64888,Korean,17.8,2089562
47.9,16079,53,80889,Korean,,1711227
39.1,25215,56,20231,Pizza,12.7,2836769
42.8,23015,68,50147,Pizza,,2944145
26.0,15251,44,66255,Korean,9.6,2134622
40.2,18586,72,127335,Korean,,2615400
42.3,9377,116,56328,Cafe,,1199853
29.2,19448,58,79577,Korean,,2129943
40.6,30465,59,45025,Pizza,10.7,2922290
40.7,22693,92,137604,Chicken,,2306258
29.5,19213,62,168690,Korean,,2698210
23.8,9306,76,165568,Dessert,10.8,2105682
23.2,14783,70,121193,Korean,,2055285
35.9,25957,92,34975,Chicken,0.9,3417655
38.3,15691,51,73078,Korean,,1569249
27.1,15390,60,86630,Korean,21.1,2244535
35.3,17902,48,86908,Korean,,2300974
40.7,17775,78,127418,Korean,,2963666
41.2,15744,57,375375,Korean,8.9,2836000
50.5,17238,62,229791,Korean,,2004210
47.8,12073,111,54461,Cafe,,1095580
25.0,6985,108,206482,Cafe,,1426528
51.8,18516,68,200283,Chicken,,2083773
29.7,24356,88,62969,Chicken,,3129939
45.4,10231,102,236651,Cafe,13.4,1384605
35.7,23449,75,105551,Pizza,7.6,3214787
30.9,21045,60,38843,Pizza,,2570767
16.9,16138,64,172717,Korean,,2233848
33.3,17863,66,142745,Korean,,2308079
19.4,20914,69,100018,Korean,,2889852
44.7,15409,59,116458,Korean,,1730643
50.2,8789,110,67506,Cafe,4.7,1012097
27.0,23688,88,195507,Chicken,,3660926
38.0,12047,54,115900,Korean,,1660681
27.7,24584,105,137092,Chicken,,3708013
28.7,6044,112,159685,Cafe,11.2,776139
42.7,18830,65,47647,Korean,16.7,1748792
34.6,25617,69,58678,Pizza,11.0,3102259
52.4,20711,52,20482,Korean,,1891784
30.2,13377,80,188535,Dessert,3.0,2057232
45.0,12057,65,45501,Korean,0.0,1473809
36.0,23038,81,133426,Pizza,,2649299
43.0,12346,71,161464,Dessert,,1757293
30.5,11513,80,194294,Dessert,14.9,1987312
34.5,26194,76,45800,Pizza,,3468237
33.8,26973,66,113905,Pizza,,3212118
26.6,10521,103,456558,Cafe,9.2,2038866
41.6,24464,66,472928,Pizza,,4060693
41.5,13384,54,264370,Korean,,1960865
40.9,7861,120,157195,Cafe,22.3,1134607
50.4,10041,105,53700,Cafe,10.1,1441177
49.5,22274,73,213234,Pizza,,2618514
31.3,23578,100,105750,Chicken,3.0,3243900
38.7,24271,90,187901,Chicken,,2929146
28.8,9317,92,72328,Cafe,,1533866
35.2,10341,80,104496,Korean,,2027176
29.0,14805,53,136840,Korean,,2185539
51.2,26715,77,146133,Chicken,,3713089
38.6,20634,96,178122,Chicken,,3717172
32.8,13040,56,75500,Korean,,2042959
46.9,25088,79,40971,Chicken,6.2,3005537
15.0,22033,94,440240,Chicken,9.6,3809694
15.0,24762,98,879097,Chicken,9.6,5214861
43.0,22692,83,171645,Chicken,8.5,3241056
35.6,10146,100,41608,Cafe,3.6,1615483
37.5,22908,80,64647,Chicken,21.6,2823306
21.7,13744,70,180330,Dessert,13.8,2330199
34.8,17694,83,350859,Dessert,10.6,2777320
55.0,24428,99,45476,Chicken,,2564772
43.2,18049,78,108638,Chicken,,2856127
36.7,10117,89,140364,Cafe,,1651258
30.6,27854,67,239644,Pizza,,3821031
31.1,12007,103,91160,Cafe,,2190052
15.0,23933,80,34344,Pizza,,3521981
37.6,11912,114,197246,Cafe,16.5,1915479
43.5,11319,111,295104,Cafe,,1636077
19.2,28431,85,112327,Chicken,10.7,3743627
28.4,23125,73,165950,Pizza,,3380390
23.4,16731,63,82097,Korean,,2256613
25.3,8235,109,61000,Cafe,14.3,1077025
35.5,23774,68,272771,Pizza,,3493657
15.0,15775,55,163610,Korean,,2691109
41.1,5000,114,177645,Cafe,7.2,1372281
42.5,16913,62,399089,Korean,9.9,2508445
32.5,25923,70,51605,Pizza,9.0,2515671
15.0,16767,65,77159,Korean,3.3,2339871
25.0,16838,74,136161,Dessert,,1941421
47.3,18033,55,76404,Korean,,1706003
15.0,15228,77,224528,Dessert,19.6,2407887
31.5,25654,62,103293,Pizza,,2808433
23.2,11066,108,54243,Cafe,0.0,1823525
43.0,25698,56,126483,Pizza,15.8,2672939
28.2,28422,66,137519,Pizza,,2708118
39.0,12140,75,253468,Dessert,,1587797
40.7,19240,54,164351,Korean,,1972533
53.4,9916,109,173540,Cafe,10.8,1529978
33.0,17279,53,155047,Korean,,1990719
38.8,10012,107,103225,Cafe,,1777349
20.1,23586,78,67661,Korean,,3335614
46.9,8324,107,151194,Cafe,11.9,1741679
27.4,10049,127,91927,Cafe,18.5,1331362
29.4,25144,89,463752,Chicken,,3891144
34.8,11851,102,351158,Cafe,,1879565
19.4,25029,74,199091,Pizza,,2931079
37.3,19042,70,162433,Pizza,18.7,2752412
44.7,23292,93,111846,Chicken,,3287200
37.9,5000,107,43754,Cafe,,1364984
19.1,15675,71,100943,Dessert,6.2,2190842
33.8,18424,68,130140,Korean,,2507615
42.4,20499,61,144179,Korean,,1815590
16.2,15745,64,174709,Korean,6.3,2342148
24.3,5119,124,250775,Cafe,,1257772
43.8,22652,100,68977,Chicken,,2982930
37.7,24916,69,69479,Pizza,,2802949
39.1,7771,106,383054,Cafe,11.7,1446257
53.6,22212,84,222355,Chicken,4.2,2788383
39.7,18919,81,87784,Dessert,11.9,2489231
41.6,27086,68,110137,Pizza,,3068483
62.1,20624,70,110534,Korean,,1814164
32.9,24110,107,123070,Chicken,,2962033
27.0,25699,92,175149,Chicken,13.5,3862431
39.3,17525,68,911860,Korean,,3424995
39.4,12863,72,139672,Korean,,1969480
29.7,11529,82,203888,Dessert,12.0,1991054
24.7,24029,83,31134,Chicken,,3740697
58.1,19575,94,81416,Chicken,,2242484
38.3,24559,57,320712,Pizza,,3925271
27.7,7271,99,165562,Cafe,,1550842
44.2,15755,83,3583,Dessert,,1958075
33.9,26874,82,205760,Pizza,,3081787
32.5,23629,75,556698,Chicken,11.5,4444269
40.6,23554,84,24307,Chicken,9.6,2911708
22.1,11907,86,404642,Dessert,,2325928
38.5,9494,133,13065,Cafe,,1705729
54.1,9037,77,254141,Dessert,,1599531
39.7,12534,50,119173,Korean,,2092937
31.2,25375,64,18311,Pizza,,2995657
29.9,9810,93,171469,Cafe,17.0,1275971
30.9,21023,51,301317,Korean,,2498278
32.5,12928,97,160549,Cafe,20.2,1874810
31.2,12925,100,191589,Cafe,16.5,2002370
44.2,15505,52,86328,Korean,,2128315
17.7,21119,78,27069,Chicken,,3124045
43.6,26201,74,208718,Pizza,14.0,3562179
31.2,28330,88,486528,Chicken,,3899490
38.8,25700,82,296236,Chicken,,3886099
23.7,24798,73,24464,Chicken,,2571659
48.3,21031,88,35715,Chicken,,2299199
47.5,9792,75,60990,Dessert,10.9,1616149
44.6,26972,69,33553,Pizza,,3545098
19.9,15248,52,124318,Korean,18.2,2517745
43.3,11404,76,164387,Dessert,0.9,2146585
39.0,24713,63,38217,Pizza,9.7,2632133
18.9,25982,80,223452,Chicken,9.1,4338951
34.8,24113,60,194100,Pizza,,2951740
38.6,11902,62,77398,Korean,11.7,1861196
40.6,13261,81,104530,Dessert,,1649922
36.8,7252,109,25220,Cafe,16.0,1288510
37.9,9107,117,91990,Cafe,9.5,1342963
49.7,17783,52,120711,Korean,,1835372
47.3,11316,94,137344,Dessert,,1703911
15.0,19976,77,162486,Korean,,3275857
31.8,14168,64,145895,Korean,,1903285
33.4,16707,72,97127,Korean,7.1,1987976
17.5,26710,66,150874,Pizza,,3892483
35.9,16465,61,267499,Korean,,2033730
47.5,7978,77,111174,Dessert,0.0,1067814
24.1,10671,122,154712,Cafe,,2109492
38.4,20808,68,103395,Korean,,1996474
25.8,17888,66,71528,Korean,,2424415
28.3,13098,74,182326,Korean,,2439462
49.8,10765,102,76962,Cafe,,1811344
29.6,20850,64,163434,Pizza,11.9,3161425
39.6,18772,64,122743,Korean,,2065007
16.3,22781,69,94099,Pizza,,3337827
53.6,15100,69,92294,Korean,8.7,1386337
41.0,23895,89,79918,Pizza,5.4,2533217
33.2,11542,85,32164,Dessert,,1664676
40.8,23389,72,163009,Pizza,,2998876
20.9,10472,120,144421,Cafe,,2200113
46.8,23885,61,236803,Pizza,,2720213
31.8,20450,63,78439,Korean,,2510862
33.0,18703,52,546644,Korean,,2839287
30.1,16256,58,88562,Korean,6.8,2285249
29.2,6835,112,59585,Cafe,,1356581
41.9,20881,69,54193,Pizza,18.4,1922700
37.6,9727,103,29975,Cafe,11.2,1316147
41.5,24114,65,408950,Pizza,,3604925
34.9,12070,74,359368,Korean,17.6,2207049
40.1,23661,73,194045,Pizza,,3178334
30.8,15747,52,58593,Korean,,2022365
57.3,21939,66,511070,Korean,,2342771
19.3,5000,99,90569,Cafe,,1497351
47.6,8397,75,96764,Dessert,8.4,2003111
48.7,11775,114,378910,Cafe,12.2,1977767
26.5,21392,72,203287,Korean,4.3,2746662
57.3,7138,115,698108,Cafe,10.8,1189541
45.0,16420,55,146419,Korean,8.2,2091971
44.7,13541,66,87345,Dessert,9.6,1207001
35.3,5000,110,73556,Cafe,7.5,1474588
32.8,13347,68,27382,Korean,10.3,1993518
32.9,17298,60,96026,Korean,,2338305
38.9,21875,54,299815,Korean,11.3,3147819
49.0,10911,91,193748,Dessert,0.8,1771897
36.8,22252,89,121965,Chicken,,3498211
25.9,27834,60,54138,Pizza,2.9,3073707
43.2,14267,109,143882,Cafe,13.5,1646631
44.2,7558,127,269817,Cafe,15.0,979710
41.5,17958,63,169367,Korean,,2047665
42.5,16555,80,137123,Dessert,7.3,2374876
32.3,18195,102,63429,Chicken,,2723700
25.7,11569,120,240144,Cafe,,2124370
26.3,6454,111,9796,Cafe,5.2,1522206
18.6,9256,106,163003,Cafe,16.5,2219292
37.4,11393,73,937999,Dessert,16.9,2389650
34.2,15605,64,35902,Korean,,2225616
30.6,6542,107,98928,Cafe,8.3,1429444
15.0,22691,91,119243,Chicken,19.1,3637157
22.5,24489,89,82883,Chicken,,3780841
46.2,17676,46,274951,Korean,15.9,2184198
28.4,18175,53,175117,Korean,8.9,2092253
38.6,19428,55,135549,Korean,,2220386
21.1,19571,87,227082,Chicken,0.0,3413853
49.4,23849,83,121619,Chicken,,3149434
33.6,11048,107,1527493,Cafe,,2776211
37.9,15509,109,135445,Cafe,,1898397
58.3,21060,84,140291,Chicken,22.5,2416661
50.2,20855,91,30542,Chicken,5.0,2704625
31.9,19922,72,77690,Korean,,2182820
29.1,11048,96,300484,Cafe,,1724225
31.7,20662,90,41228,Chicken,,2277315
40.1,16992,68,21358,Korean,18.2,2046520
33.9,23353,78,123143,Chicken,20.9,3154817
31.0,19931,90,359275,Chicken,7.8,3430699
49.7,16974,65,124138,Korean,7.7,1939335
33.9,9224,122,91706,Cafe,5.1,1883387
58.0,11490,111,27132,Cafe,,819432
35.9,7489,125,172310,Cafe,18.7,1552192
52.9,5000,94,203672,Cafe,,1130098
38.6,5000,120,28850,Cafe,,1150653
44.6,18851,93,297412,Chicken,4.2,2839957
27.8,21717,76,221417,Pizza,,3615539
26.5,8613,89,296885,Cafe,,1342559
39.6,19028,81,191390,Chicken,0.0,2875910
44.9,7243,105,202439,Cafe,10.1,1289399
35.4,20065,76,182011,Chicken,,2778413
22.1,7899,99,240392,Cafe,,1762402
21.4,28306,75,28008,Pizza,,3427815
20.7,13655,69,36113,Dessert,,1859284
17.3,12040,92,66599,Dessert,5.5,2378322
36.1,7847,99,108163,Cafe,,1284806
46.3,7917,119,163694,Cafe,,1303505
34.9,25819,61,155592,Pizza,,2960427
15.0,23460,102,293294,Chicken,,3922961
33.1,22731,74,300753,Pizza,,3147031
33.4,22091,100,59715,Chicken,,2556013
56.0,12921,60,145235,Korean,18.5,2222900
20.4,18529,54,60900,Korean,,2707048
31.1,26905,78,103223,Pizza,11.8,3121662
52.1,17300,51,155233,Korean,,2153465
39.5,26541,91,7850,Chicken,,3516808
40.6,19797,72,825911,Chicken,,3875112
36.1,18544,59,188787,Korean,,1779367
38.3,21910,84,74510,Chicken,,2565672
42.8,24749,82,560813,Pizza,0.0,3102715
26.9,17714,68,90881,Korean,10.6,2145193
43.8,25268,70,133421,Pizza,17.1,3066976
21.3,27120,69,81272,Pizza,,3393290
38.3,25444,102,449927,Chicken,4.2,3974673
36.8,17994,41,110333,Korean,,1713942
28.8,11038,123,135244,Cafe,7.9,1564043
34.8,16246,65,314353,Korean,,2652100
28.8,23915,86,191637,Chicken,,4115138
24.3,10095,70,114894,Dessert,,1837646
31.5,14727,83,291723,Dessert,,2149462
24.0,30527,54,914409,Pizza,,5372677
38.2,21695,92,154690,Chicken,,2892455
23.5,5000,107,131749,Cafe,,1758138
42.1,7630,113,137551,Cafe,8.8,1679106
23.2,25080,95,342351,Chicken,0.4,3853857
29.3,10383,105,74302,Cafe,,2015351
28.8,18622,50,96047,Korean,,1783522
48.3,20522,56,35077,Korean,,2204613
38.3,10211,114,46544,Cafe,,1609368
32.9,21044,67,79301,Korean,,2970835
40.0,20299,68,114748,Korean,,2156092
15.0,28804,73,494110,Pizza,,4645964
34.6,12897,88,184249,Dessert,,1498438
55.0,11263,107,57849,Cafe,,1277158
36.3,24232,71,67028,Pizza,,2528780
35.7,10496,62,360427,Dessert,19.4,1950083
40.5,22267,61,295533,Korean,,3129375
44.0,22541,97,122733,Chicken,10.6,2904995
15.0,24012,106,84223,Chicken,,3342499
18.2,18309,76,295137,Korean,,2489741
37.1,23534,69,54208,Pizza,,2332060
27.9,22027,72,164205,Chicken,27.3,2771319
48.1,25590,100,739237,Chicken,,3919882
31.8,19388,50,141426,Korean,,2145913
15.7,13721,53,64522,Korean,,1946453
22.3,11462,100,166632,Dessert,13.6,2090934
15.0,22456,70,82392,Korean,10.9,3165683
32.7,17466,69,39338,Korean,,2277386
33.1,17499,72,210255,Chicken,10.6,2173583
30.8,26733,85,293465,Chicken,5.3,4121560
45.8,10706,118,93575,Cafe,,1532184
47.0,21825,91,88739,Chicken,,3205958
33.3,17071,49,55603,Korean,15.6,2542566
15.0,20706,62,106436,Korean,,2665032
41.2,23645,68,76523,Pizza,,2725922
40.6,11871,95,53446,Cafe,,1374619
38.1,10355,98,545240,Cafe,2.7,2189273
44.8,9612,98,174284,Cafe,11.0,1244548
23.4,25364,62,189693,Pizza,,3185219
55.1,17563,56,243280,Korean,,1969455
25.4,24614,89,222365,Chicken,4.8,4123470
42.5,6837,127,86229,Cafe,,1447199
18.1,17945,79,149237,Chicken,6.6,3460145
25.7,26536,72,96763,Pizza,,3572003
50.2,23578,98,170419,Chicken,,2623138
32.4,26201,74,157724,Pizza,,3504380
43.4,26019,68,88355,Pizza,,2839753
37.4,8199,118,41432,Cafe,11.1,1472229
34.0,13969,88,134893,Dessert,,1578753
48.6,8886,118,101909,Cafe,3.8,1500362
32.6,23782,64,26448,Pizza,,3026547
17.2,21220,93,180120,Chicken,,3225860
27.0,27052,86,259762,Chicken,14.4,4032440
40.5,5000,98,907031,Cafe,12.7,1493344
39.0,19249,51,87754,Korean,14.3,2039437
19.3,17802,98,77985,Chicken,14.8,2899187
27.8,11729,80,49400,Dessert,6.4,1897672
29.2,7916,99,141798,Cafe,,1238886
31.3,12787,53,141083,Korean,,2086051
21.2,22973,87,62706,Chicken,,3900780
28.7,17050,50,104329,Korean,,2232321
27.7,12752,72,24645,Korean,,2097106
42.7,14099,77,251789,Dessert,5.8,1733174
43.1,25588,92,64777,Chicken,,2918075
33.5,25725,82,116719,Chicken,,2630270
31.1,9897,104,38326,Cafe,,1571624
36.4,18115,56,75310,Korean,,1998216
26.8,21320,73,95949,Korean,,2430455
23.5,13206,109,118921,Cafe,21.5,1969804
25.6,11834,110,176140,Cafe,,2007897
28.7,9646,84,379461,Dessert,12.0,2387355
23.4,9503,105,215651,Cafe,,1562087
36.6,23099,92,259102,Chicken,10.9,3648796
42.3,20476,79,381601,Pizza,18.9,2324019
19.1,13173,78,189286,Dessert,9.4,2328793
35.3,30682,95,116527,Pizza,24.4,2714862
32.8,13600,69,269019,Dessert,,2166834
38.4,28684,63,283128,Pizza,13.7,3081021
34.9,25457,64,201612,Pizza,,3573429
20.5,17817,64,37479,Korean,19.2,2113978
22.4,25953,63,61211,Pizza,,2472497
35.3,19960,94,96313,Chicken,4.1,2874370
45.3,6591,101,223898,Cafe,19.5,1101745
15.0,12166,103,117968,Cafe,13.6,1907578
38.5,15431,67,297968,Dessert,10.6,2377808
46.9,9522,81,343670,Dessert,,1307845
33.5,24420,76,313196,Chicken,,3147339
40.5,24783,66,314796,Pizza,10.9,2843452
28.0,25850,70,52347,Pizza,,3475055
33.8,23151,98,176549,Chicken,17.5,3589945
18.8,20486,59,73808,Korean,,3070866
15.0,18207,59,32080,Korean,,2744075
44.4,28525,67,95346,Pizza,14.4,2134128
25.2,22774,80,346292,Chicken,,3548971
30.4,13560,75,173484,Dessert,,2239597
21.1,19917,90,602893,Chicken,15.8,4344156
20.9,17397,68,138279,Dessert,19.5,2427923
33.3,23175,84,850423,Chicken,24.7,3620313
27.7,26782,65,138312,Pizza,1.8,3293294
38.8,13980,54,122178,Korean,9.7,2409933
39.5,6943,107,43120,Cafe,,1059980
38.2,28095,80,291763,Pizza,13.0,2990666
37.4,12717,81,80302,Dessert,,1982785
50.8,20216,74,71511,Pizza,,2102745
24.3,20596,61,334446,Korean,,2687314
34.5,20641,85,303102,Chicken,,3613086
46.3,21528,60,296822,Korean,5.8,2351156
47.6,17780,47,89814,Korean,5.9,1862999
20.8,9512,123,115205,Cafe,9.8,1813070
31.9,11947,106,114389,Cafe,,2165783
48.6,22756,70,224417,Pizza,,2767165
40.1,22518,63,415858,Pizza,11.0,3370177
37.0,24509,64,161097,Pizza,7.3,3611286
32.8,27068,75,582544,Pizza,,4030541
31.2,14673,64,245979,Korean,11.6,2017315
37.9,13830,66,99450,Korean,,2032258
32.5,11059,117,232865,Cafe,10.8,2126610
34.6,23493,63,469770,Pizza,11.9,3173033
35.8,17019,68,593551,Korean,,2787946
28.2,5000,115,310134,Cafe,12.0,1551677
40.3,7303,112,122490,Cafe,16.3,907516
64.1,17981,70,100901,Korean,,1543776
17.2,24326,86,190252,Chicken,15.1,3033836
38.2,10072,71,457909,Dessert,7.1,1652919
27.4,13143,92,169781,Cafe,16.6,2112069
40.8,16289,46,172624,Korean,8.5,2363307
35.5,23292,77,125037,Pizza,17.1,3035330
42.6,25843,106,92312,Chicken,12.4,2863128
46.8,25529,82,105402,Pizza,21.1,3210968
36.9,20620,90,133731,Chicken,5.1,3230016
46.3,8612,100,474362,Cafe,,1390789
15.0,25383,80,99060,Chicken,,3498493
50.9,21666,58,125159,Korean,,2231524
38.8,9958,84,60051,Dessert,3.7,1614854
45.8,17894,56,212894,Korean,,1857595
22.8,18225,53,358108,Korean,,2736175
26.7,19534,84,440139,Chicken,9.1,3827649
36.5,8861,109,141201,Cafe,9.7,1276587
34.8,25013,64,189991,Pizza,,3348444
37.8,14851,81,106129,Dessert,,2122155
45.8,25019,90,183077,Chicken,,3849892
17.3,21177,109,154264,Chicken,4.1,3826321
44.7,17465,72,125726,Korean,,2339011
35.1,10661,114,133981,Cafe,10.7,1967326
33.0,10537,75,172264,Dessert,,1538590
20.3,10472,102,94838,Cafe,,1844458
40.0,8780,108,98839,Cafe,,1273214
15.0,19577,83,470305,Chicken,,3604497
41.5,9608,61,1049353,Dessert,8.9,2312851
20.1,25618,95,45787,Chicken,,4030731
35.5,17609,53,43812,Korean,,1860752
33.8,26101,65,55800,Chicken,,3382181
46.7,16716,53,110483,Korean,3.5,1735708
33.2,18728,59,245701,Korean,5.2,2215211
28.1,23982,68,192577,Korean,0.0,2351146
29.9,19357,77,137705,Chicken,,3046352
47.7,5000,95,183211,Cafe,,811817
40.4,25216,79,68980,Chicken,,2644458
31.1,19933,106,98711,Chicken,,3242039
32.6,11948,65,118086,Dessert,,2005208
19.3,23535,68,33788,Pizza,9.1,3033617
38.9,9670,105,47392,Cafe,8.0,1250474
17.4,19624,83,48923,Chicken,12.7,3406872
42.5,11550,75,221136,Dessert,15.5,1610161
36.3,19125,55,146025,Korean,25.6,2234912
58.9,19479,78,195653,Chicken,11.9,2993912
24.0,10250,68,27544,Dessert,18.7,2195821
34.0,8132,105,36622,Cafe,,1315358
53.0,21428,69,203989,Pizza,2.0,2753129
46.9,7944,117,12995,Cafe,9.9,1270318
28.0,9297,102,319640,Cafe,2.4,1989706
37.2,21001,101,27906,Chicken,,2791913
35.0,17322,64,235608,Korean,,2486223
37.8,21950,89,58946,Chicken,0.3,2813573
28.0,16361,59,277720,Korean,22.4,2273057
34.1,26728,67,1562466,Pizza,,5849663
19.0,25590,84,19471,Chicken,,3134662
36.4,7839,108,209305,Cafe,,1301120
39.5,26213,66,28246,Pizza,,2787041
32.7,24401,63,168832,Pizza,,3600936
18.8,22914,104,101705,Chicken,,3846675
44.9,25914,81,133129,Chicken,8.8,2615407
38.6,13272,82,57867,Dessert,,2108123
27.7,5000,97,224062,Cafe,15.6,1402171
32.2,26135,71,37668,Pizza,,2395948
20.0,15082,83,324019,Dessert,11.5,2203810
24.7,24446,66,86495,Pizza,15.2,3071675
29.6,20489,54,39069,Korean,,2397827
47.3,7275,107,429852,Cafe,,1295396
28.6,14286,73,113706,Korean,11.1,2135291
41.4,9353,118,552029,Cafe,,1905889
29.6,7609,60,318804,Dessert,15.6,1075078
37.5,8401,114,63369,Cafe,12.3,1329923
33.6,25217,82,112112,Chicken,,3324021
43.7,13226,55,132201,Korean,19.7,1883463
29.7,8801,83,406887,Dessert,3.4,1985794
19.3,15420,49,170291,Korean,,2756934
21.2,17842,61,138176,Korean,11.9,2458894
29.7,17086,60,102267,Korean,,2629078
22.5,21498,61,115243,Korean,9.6,2478191
39.1,24386,108,340756,Chicken,,3429398
30.3,10238,110,120356,Cafe,11.2,1572103
58.7,22364,90,87487,Chicken,14.0,3322537
17.6,18983,55,76393,Korean,,2394263
37.0,15845,62,77052,Korean,10.8,1520572
23.7,24143,96,39088,Chicken,0.0,3295779
30.1,15220,58,65838,Korean,,2115304
36.4,11088,108,397911,Cafe,,1949440
15.0,20965,46,101719,Korean,5.4,2612068
37.4,22527,74,210823,Chicken,,3581176
54.0,21559,94,16519,Chicken,,2688960
30.5,23001,92,189074,Chicken,10.9,3470979
37.6,10846,70,105468,Korean,,1690923
45.2,18756,66,81642,Korean,,2074899
33.4,24717,75,138693,Pizza,,2965999
29.2,17873,78,80708,Korean,,2676640
15.0,10766,99,21942,Cafe,,1889518
41.4,21813,89,250959,Chicken,,3043396
33.9,19149,98,145752,Chicken,,2297070
24.9,21646,81,93348,Chicken,,2840002
36.3,25169,69,55398,Pizza,,3252976
29.2,25287,76,37025,Pizza,,3071677
29.7,18405,62,143539,Korean,,2337169
41.1,24598,92,436263,Chicken,16.6,3106712
21.6,15285,64,141178,Korean,14.9,2123624
45.5,22439,109,39697,Chicken,,2723135
21.0,12225,110,143679,Cafe,13.3,2325427
28.4,13663,61,114987,Korean,,1566696
54.2,22449,83,239541,Chicken,,2860547
46.3,10537,85,194976,Dessert,,1784888
36.0,17073,58,11010,Korean,,2453614
25.6,19738,88,185617,Chicken,,3160084
29.7,8576,127,53770,Cafe,11.6,1408430
35.7,22603,55,38479,Korean,,2208656
35.4,14839,66,103205,Korean,9.8,2152323
34.1,15076,68,166712,Korean,,2368197
34.7,8745,70,32295,Dessert,8.1,898591
32.9,22319,58,210851,Korean,,2467596
20.6,16844,58,221000,Korean,,2976566
29.8,17936,55,124596,Korean,,2212475
44.1,16993,64,59943,Korean,9.0,2505299
21.3,6639,119,54816,Cafe,24.2,1332390
33.1,17412,65,272663,Korean,,2130805
26.8,15146,96,35820,Cafe,,2431128
36.1,12480,133,281201,Cafe,13.5,2010456
31.1,22868,73,105144,Pizza,14.0,3135044
49.8,19619,55,111144,Korean,,1893891
40.1,22921,82,30601,Pizza,,2473928
21.9,5000,119,106710,Cafe,9.3,1307782
41.7,20549,49,196048,Korean,13.2,2855208
27.3,27900,63,41197,Pizza,,4128431
29.2,27615,73,178824,Pizza,12.6,4051011
38.1,16825,54,128857,Korean,7.2,1741133
30.1,11583,82,71700,Dessert,10.9,1182522
43.9,23874,91,237752,Chicken,,2834626
27.3,9979,116,20608,Cafe,14.4,2048087
28.8,11016,76,158355,Dessert,1.8,1686719
28.4,17952,93,438360,Chicken,,3309934
29.3,25285,66,379725,Pizza,,3948989
46.0,24698,101,163913,Chicken,,3418067
41.3,22006,75,94269,Pizza,,2510892
52.1,10597,103,72157,Cafe,15.5,1293928
57.7,18829,54,94175,Korean,,1943767
24.7,23875,89,185404,Chicken,,3127116
35.7,24180,90,62909,Chicken,,2885079
23.2,16264,67,219957,Korean,,2540442
27.2,13958,55,661176,Korean,3.2,2805695
28.7,20666,103,114204,Chicken,16.5,3767563
24.4,20223,62,40935,Korean,,2506113
24.5,16645,49,40923,Korean,,2679618
33.6,23265,62,223351,Pizza,,2678865
22.8,5000,109,114399,Cafe,17.7,1368930
43.4,29382,87,242005,Pizza,17.5,2985391
25.8,24064,100,78303,Chicken,13.3,3508537
63.1,13925,84,233222,Dessert,,1730150
30.5,11419,107,105726,Cafe,15.2,1851036
35.7,19442,51,66786,Korean,,2867302
22.0,17389,71,87068,Korean,,2865039
52.1,8591,105,46056,Cafe,,1643956
46.2,16931,60,589326,Korean,,2532603
38.0,15587,103,111095,Cafe,2.2,1975031
21.5,13390,83,200959,Dessert,,1784437
37.1,16840,54,78100,Korean,,2204156
23.8,19164,51,51725,Korean,13.7,2067134
49.6,9473,86,99523,Dessert,21.9,1306786
43.1,12761,99,289584,Cafe,9.2,2146019
36.0,16347,43,79115,Korean,12.8,2605887
15.0,13253,89,59804,Dessert,16.5,2140562
25.2,14665,88,135892,Dessert,0.0,2483870
41.9,9962,116,178879,Cafe,,1463846
47.1,9236,118,446648,Cafe,14.2,1289616
46.1,18027,54,159253,Korean,0.0,2416085
19.1,17859,54,200876,Korean,6.1,3162781
38.0,7558,117,213345,Cafe,18.6,1323221
45.2,20876,79,47707,Chicken,,2502282
18.4,12699,102,55525,Cafe,14.2,1818814
34.9,24729,65,50419,Pizza,17.3,2777079
37.7,16036,63,41338,Korean,13.3,1648084
32.0,7709,91,226753,Cafe,15.3,1550934
16.5,20751,70,151340,Korean,,3194751
31.7,26689,68,127880,Pizza,,3073589
31.7,19401,53,15079,Korean,,2530449
33.5,8356,127,621337,Cafe,,1509230
29.4,10433,101,58679,Cafe,21.1,1448493
30.6,20391,79,619518,Chicken,,3917605
34.6,8351,105,37641,Cafe,,1553965
39.4,27425,57,62650,Pizza,6.3,3283238
32.0,11186,123,20598,Cafe,,1333783
30.9,22545,66,160323,Pizza,,3366732
35.9,9861,72,49724,Dessert,14.0,1351985
15.8,22272,89,50861,Chicken,,3748027
39.8,13315,113,40024,Cafe,,1678751
35.0,13211,64,223492,Korean,5.5,2187787
35.4,25696,61,212016,Pizza,,2686990
44.6,5560,108,511383,Cafe,,1623564
15.5,20414,94,69333,Chicken,,3639646
15.3,17089,58,142957,Korean,,2073366
37.7,10949,81,42778,Dessert,,1740701
34.9,20666,96,91786,Chicken,,2898003
36.7,9018,103,79235,Cafe,24.8,1097895
30.4,16662,60,173999,Korean,6.8,1843377
41.6,8344,78,270727,Dessert,11.6,1761208
44.3,19950,63,265163,Korean,,2532032
39.8,19882,62,61145,Korean,,2135632
32.4,27108,65,266738,Pizza,26.9,2939858
15.0,8148,49,115842,Dessert,,1425400
42.7,18747,69,92556,Korean,,2034919
47.2,23690,91,68080,Chicken,,3051439
41.4,22422,62,76673,Pizza,4.8,3238514
26.2,25023,77,483641,Pizza,,3698063
41.7,21709,79,153457,Chicken,11.6,2761956
43.6,13605,107,137990,Cafe,18.2,1863569
50.6,29811,79,97290,Pizza,,2737461
26.2,20839,68,849183,Pizza,,3264545
32.7,31235,58,340870,Pizza,9.6,3250716
42.5,6712,103,67400,Cafe,,858459
35.6,20452,61,96409,Korean,,2371156
23.8,14426,61,101099,Dessert,16.1,2339406
39.1,22511,60,134854,Pizza,12.6,2236681
40.8,26233,60,68478,Pizza,,2778817
35.9,17731,60,170468,Korean,,1992672
37.2,19386,57,383432,Korean,,2752615
32.4,25577,70,41955,Pizza,,3254927
49.8,20991,56,48666,Korean,,2416347
26.0,12188,72,81529,Dessert,,1787996
29.1,21580,79,84610,Chicken,,3250448
35.1,11740,117,593635,Cafe,11.0,2088663
43.8,13451,82,267430,Dessert,4.8,1750681
20.0,23830,88,255430,Chicken,20.0,3441930
21.9,20339,88,97125,Chicken,,3021710
15.0,6387,103,95435,Cafe,,1274985
35.3,7581,118,37567,Cafe,,1440678
23.8,20448,91,224277,Chicken,18.2,2782094
31.2,10965,114,177742,Cafe,,1722433
41.6,14440,91,335724,Dessert,7.1,2245691
28.6,21612,84,101375,Chicken,11.3,3784800
37.3,21577,63,107133,Korean,16.4,2492800
32.0,25421,89,137487,Chicken,,3498680
41.7,22608,84,244939,Chicken,7.0,2999846
39.8,15945,69,37015,Korean,,1989207
28.1,21938,62,216229,Korean,,2433085
33.3,8847,130,118048,Cafe,,1569730
45.4,22315,107,51449,Chicken,5.3,1919158
38.9,11151,87,22642,Dessert,,1999703
21.0,15776,60,107588,Korean,,2277125
41.6,14328,55,382092,Korean,,2026788
24.2,26582,71,458170,Pizza,,3332944
49.1,10041,58,159460,Dessert,,1171109
45.2,25649,52,576570,Korean,,3524523
37.9,15285,59,115948,Korean,,1527914
36.6,14857,60,257272,Korean,,1993446
32.9,10275,83,83639,Cafe,19.5,1359364
41.8,25823,101,79504,Chicken,,3263075
31.3,18161,61,69790,Korean,17.2,2659524
37.4,19431,74,23082,Korean,,2686159
43.7,17391,89,336018,Chicken,7.1,3028305
29.4,10306,74,71822,Dessert,10.7,1643191
28.8,6316,93,63202,Cafe,4.2,1473180
23.1,17262,81,46689,Chicken,,2759673
24.4,18292,62,101901,Korean,15.9,1951150
16.7,12393,76,491905,Korean,15.9,2698432
42.3,18695,88,640670,Chicken,,3078822
53.1,23657,76,31779,Pizza,,2384422
49.3,22922,76,90372,Pizza,,2311674
18.7,12991,75,52458,Dessert,21.1,1798162
42.2,12764,83,264585,Dessert,15.4,2146145
49.2,14234,59,150923,Dessert,18.4,1956730
30.4,13881,59,72113,Dessert,14.9,1639710
36.0,20852,61,127173,Korean,,2421844
15.0,17995,57,81905,Korean,,2834182
37.7,22759,95,436544,Chicken,11.3,3793688
24.4,10279,123,185872,Cafe,,1767905
37.0,18354,61,205070,Korean,,2599263
19.4,24007,72,14210,Pizza,14.7,3311215
40.4,8169,116,113757,Cafe,15.8,1501344
45.2,6956,115,635277,Cafe,14.4,1380828
27.2,19054,56,346678,Korean,,2891999
23.6,17765,61,27380,Korean,,2248960
15.0,16342,51,93387,Korean,,2680197
32.3,23344,69,45891,Pizza,14.1,3129792
29.2,5974,129,471714,Cafe,,1741419
19.5,27447,55,145899,Pizza,,3776994
39.5,22197,105,64926,Chicken,,3460087
30.5,19843,89,123324,Chicken,12.2,2919863
24.2,24021,65,14904,Chicken,,3637990
29.5,23599,59,50376,Pizza,,2516992
45.7,21484,71,123550,Pizza,21.5,2675646
41.0,20553,48,236047,Korean,,2668601
33.7,10657,78,25392,Dessert,16.2,1317730
41.2,16978,53,88462,Korean,25.1,2298762
23.4,12103,95,269142,Dessert,18.5,2076053
35.3,20856,58,37575,Korean,11.8,2044527
36.5,18050,63,144148,Korean,,2138733
30.3,22002,58,126504,Pizza,3.8,3272145
39.4,19360,61,472953,Korean,9.5,3003334
27.2,20788,84,99821,Chicken,7.9,2883916
40.1,26720,83,104607,Chicken,7.7,3241860
40.5,17997,63,237807,Korean,,2255012
15.0,5000,100,41530,Cafe,,1283654
46.9,25893,79,100563,Pizza,,3756897
15.0,29861,53,83339,Pizza,4.6,3461200
28.8,25940,99,107379,Chicken,,3445782
45.3,13577,124,236564,Cafe,11.0,2020684
31.8,15451,58,186946,Korean,10.8,2290360
20.3,20280,52,65927,Korean,,2555969
24.1,16195,62,133868,Korean,,1951032
45.3,12561,93,395379,Dessert,,1835765
15.8,8818,60,61707,Dessert,,2103658
46.3,23389,70,134777,Pizza,,3199085
34.4,7309,124,102818,Cafe,11.2,1160623
23.1,24246,102,114101,Chicken,4.7,3280945
29.2,11002,118,32556,Cafe,22.5,1877873
24.8,9692,117,370963,Cafe,,1618876
43.7,18624,87,64587,Chicken,,2481602
42.3,17221,49,272694,Korean,,2364585
17.8,16135,61,72995,Korean,15.6,2284106
31.0,14174,83,72754,Dessert,,2116486
26.4,24945,89,316711,Chicken,,3326477
47.9,14641,84,265762,Dessert,,1964791
21.5,16112,54,141801,Korean,,1887350
51.0,5000,93,220613,Cafe,8.2,1094583
34.7,13583,63,95264,Korean,13.0,1934994
23.4,21554,56,119199,Korean,,3005736
28.2,16997,55,70682,Korean,,2664271
27.0,16123,55,247335,Korean,,2037959
22.3,16107,73,68907,Dessert,14.2,2131401
35.9,25163,94,393711,Chicken,1.8,3692303
22.7,9061,107,93207,Cafe,,1547627
15.0,21266,106,121985,Chicken,7.1,3701827
31.2,21670,85,220186,Chicken,19.7,3423274
17.0,9568,114,122313,Cafe,,1672541
27.5,22000,40,94553,Korean,,2207666
25.9,13056,69,117152,Dessert,12.5,2531069
26.3,26815,84,245316,Pizza,6.5,2676822
55.0,27923,66,70613,Pizza,19.6,2418050
35.6,19076,97,108473,Chicken,12.0,2723530
37.5,19887,51,120992,Korean,11.1,1885154
17.2,11264,88,239645,Dessert,15.6,2297043
28.5,15710,95,110788,Chicken,,3044597
37.2,12680,55,509857,Korean,,2047557
24.8,19455,92,105875,Chicken,,3480805
44.1,26328,54,99221,Pizza,5.4,2366909
23.0,9284,118,104655,Cafe,5.4,1593661
32.1,25461,77,41854,Pizza,,3161648
29.1,29877,74,52358,Pizza,,3227686
36.6,14827,74,78489,Korean,,2307238
28.6,11931,78,297721,Dessert,8.3,2098942
32.3,22761,100,116862,Chicken,6.6,3217402
32.6,7159,92,81433,Cafe,22.7,1234896
27.7,18071,78,320128,Korean,,2617614
39.9,8000,88,415064,Dessert,9.5,1673575
37.4,25525,85,327601,Chicken,,3207984
