rank,img_src,img_title,mx4d,dolby,atmos,mega_only,summary,score,title,booking_rate,release_date,like
1위,https://img.megabox.co.kr/SharedImg/2025/11/27/YiSbqEf6OvFcDoLoQCipDojOHqMCwKG4_420.jpg,주토피아 2,0,0,0,1,"더 화려해진 세계, 더 넓어진 주토피아!
디즈니의 가~~장 사랑스러운 콤비 '주디'와 '닉'이 돌아온다!
 
미스터리한 뱀 ‘게리’가 나타난 순간,
주토피아가 다시 흔들리기 시작했다!
 
혼란에 빠진 도시를 구하기 위해
환상의 콤비 ‘주디’ & ‘닉’이 잠입 수사에 나서고
상상 그 이상의 진실과 위협을 마주하게 되는데...!
 
11월, 초특급 추적 어드벤처가 펼쳐진다!",9.4점,주토피아 2,예매율 54.2%,개봉일 2025.11.26,1.7k
2위,https://img.megabox.co.kr/SharedImg/2025/10/31/DKYhkABpLAlpTChUcbPRDUqBX4r6e5BO_420.jpg,위키드: 포 굿,0,0,0,1,"“너로 인해 완전히 달라졌어, 내가”

전혀 다르지만 서로에게 가장 소중한 친구가 된
‘엘파바’(신시아 에리보)와 ‘글린다’(아리아나 그란데).
쉬즈에서의 마법같았던 둘의 우정은 오즈의 마법사와 그를 둘러싼 비밀들을 알게 되면서
다른 길을 선택할 수밖에 없게 내몰린다.

사람들의 시선을 더 이상 두려워하지 않게 된 사악한 마녀 ‘엘파바’와
사람들의 사랑을 받으면서도 모든 걸 잃을까 두려운 착한 마녀 ‘글린다’.

서로 대척점에 서게 된 두 사람은 거대한 여정의 끝에서
운명을 영원히 바꿀 선택을 마주하게 된다.",8.4점,위키드: 포 굿,예매율 7.1%,개봉일 2025.11.19,1.6k
3위,https://img.megabox.co.kr/SharedImg/2025/11/04/zRSHfdUWIaRvX73R2mpB6a5WHEyqilwA_420.jpg,극장판 주술회전: 시부야사변 X 사멸회유,0,0,0,1,"2018년 10월 31일
시부야 역 주변에 갑자기 ‘장막’이 내려지고, 다수의 일반인이 갇히게 된다.
그곳에 홀로 뛰어든 현대 최강의 주술사, 고죠 사토루.
그러나 그곳에는 고죠의 봉인을 꾀하는 주저사·주령들이 기다리고 있었다.

시부야에 집결하는 이타도리 유지를 비롯한 수많은 주술사들.
전례 없는 대규모 주술전 「시부야사변」이 시작된다—.
그리고 싸움은, 최악의 주술사 카모 노리토시가 꾸민 데스 게임 「사멸회유」로 이어진다.
「시부야사변」을 거쳐, 마굴로 변한 전국 10개의 결계(콜로니).

대혼란의 한가운데, 이타도리의 사형 집행인으로 특급 주술사 옷코츠 유타가 나타난다.
절망 속에서도 싸움을 계속하는 이타도리.
무정하게도 칼날을 겨누는 옷코츠.
가속해가는 저주의 혼돈.
같은 스승을 둔 이타도리와 옷코츠, 두 사람의 사투가 시작된다——.",0점,극장판 주술회전: 시부야사변 X 사멸회유,예매율 5.5%,개봉일 2025.12.03,1.2k
4위,https://img.megabox.co.kr/SharedImg/2025/11/10/QbA0Xu2pYIIskq4gziFxbiq6eL9N2i0w_420.jpg,정보원,0,0,0,1,"“나 오늘 거기 털고 옷 벗는다”

공들인 작전 실패로 강등당한 후
열정도, 의지도, 수사 감각도 모두 잃은 형사 오남혁.
이제 그가 바라는 것은 오로지 한탕과 은퇴뿐.

밀수 조직에 심어둔 정보원 조태봉을 이용해 인생 역전을 꿈꾸지만
의리도, 믿음도 없는 조태봉은 숨겨뒀던 돈을 챙겨 빠르게 손절을 하고,
뒤늦게 밀수 조직 사무실에 도착한 오남혁은 낯선 무리에게 납치를 당한다.

이 일로 얼떨결에 목숨이 걸린 범죄 사건에 휘말리게 된 오남혁과 조태봉은
각자의 목적을 위해 동상이몽 공조 수사를 시작하는데…",0점,정보원,예매율 5.5%,개봉일 2025.12.03,120
5위,https://img.megabox.co.kr/SharedImg/2025/11/07/nsOm6ZHz6sFsfDNiZXluV3aEw4ymvmHm_420.jpg,윗집 사람들,0,0,0,1,"세상의 부부들은 정말 밤마다 사랑을 나눌까?
너희도 솔직해지고 싶지 않아?

불같던 결혼 생활은 사라지고 무미건조한 일상만 남은 정아(공효진)와 현수(김동욱).
요즘 두 사람을 가장 괴롭히는 건, 매일 밤 지나치게 활기찬 소리를 내는
윗집 부부 김 선생(하정우)과 수경(이하늬)이다.
정아는 이사 공사 소음을 참아준 윗집 부부를 위해
예의상 저녁 식사 자리를 마련하고
그날 저녁, 식탁에 마주 앉은 윗집 부부는 정아와 현수에게
전혀 예상하지 못한 제안을 하게 되는데…

이것은 소음인가 신호인가
위아래 없는 섹다른 영화가 온다!",8.2점,윗집 사람들,예매율 4.4%,개봉일 2025.12.03,211
6위,https://img.megabox.co.kr/SharedImg/2025/10/24/fIJpT1BgMnoaQaAYbXF8Z9bKxjmWMZWQ_420.jpg,극장판 체인소 맨: 레제편,0,0,0,1,"인기 애니메이션 '체인소 맨' 첫 공식 극장판 국내 상륙!
압도적 배틀 액션이 스크린에서 폭발한다!

데블 헌터로 일하는 소년 ‘덴지’는 조직의 배신으로 죽음에 내몰린 순간
전기톱 악마견 ‘포치타’와의 계약으로 하나로 합쳐져
누구도 막을 수 없는 존재 ‘체인소 맨’으로 다시 태어난다.

악마와 사냥꾼, 그리고 정체불명의 적들이 얽힌 잔혹한 전쟁 속에서
‘레제’라는 이름의 미스터리한 소녀가 ‘덴지’ 앞에 나타나는데…
‘덴지’는 사랑이라는 감정에 이끌려 지금껏 가장 위험한 배틀에 몸을 던진다!",9.5점,극장판 체인소 맨: 레제편,예매율 2.9%,개봉일 2025.09.24,5.4k
7위,https://img.megabox.co.kr/SharedImg/2025/10/20/fIwkU2Lnmv8AZzLk9gDbdlhDNSk2WFy6_420.jpg,반지의 제왕: 두 개의 탑,0,0,0,1,"2002년 12월, 운명을 건 최후의 전쟁이 시작된다!
9명의 반지원정대는 사우론의 사악한 세력에 맞서 반지를 지켜냈지만 반지 원정대는 뿔뿔이 흩어지게 된다. 호빗족으로 절대반지에 유일한 내성을 보이는 '프로도'는 일행과 떨어져 '샘'과 함께 불의 산으로 모험을 감행하지만 새로운 위협을 맞이하고 사루만의 우르쿠하이 군대에게 잡혀간 '메리'와 '피핀'은 엔트 족의 영역에서 '트리비어드'라는 엔트 족에게 구출 받게 된다. 한편 '메리'와 '피핀'을 구하기 위해 우루쿠하이 군대를 추격하던 '아라곤'과 '레골라스', '김리'는 유령 숲에서 백색의 마법사로 부활한 마법사 '간달프'를 만나게 되고 악의 군주 '사우론'이 암흑세계의 두 개의 탑 '오르상크'와 '바랏두르'를 통합하여 점점 그 세력을 넓혀가고 있다는 사실을 듣게 된다. 이에 '아라곤'과 나머지 원정대는 중간계의 선한 무리의 통합을 이뤄 '사우론'의 강력한 세력을 견제해야하는 큰 임무를 맡게 된다. 하지만 동맹관계가 깨져 '곤도르' 왕국과 '로한'왕국으로 나뉜 인간 종족의 통합은 쉽지 않고 게다가 '로한'의 왕마저 '사루만'에게 동화되는데.. 결국 '사우론'은 서서히 중간계를 거대한 전쟁의 소용돌이로 몰고 가고 '아라곤' 또한 인간과 엘프, 난쟁이족, 그리고 엔트족 등을 통합하여 이에 맞설 준비를 한다. 결코 피할 수 없는 거대한 전쟁이 시작된 것이다.",9.7점,반지의 제왕: 두 개의 탑,예매율 2.8%,개봉일 2025.12.03,964
8위,https://img.megabox.co.kr/SharedImg/2025/11/12/huLnCjq5RIT0i8PBjnokfF4hjydVocVl_420.jpg,나우 유 씨 미 3,0,0,0,1,"나쁜 놈들 잡는 마술사기단, 훔치고, 속이고, 즐겨라!

한때 더러운 방식으로 돈을 모으는 재벌들을 시원하게 혼내주던 마술사기단 ‘포 호스맨’.

은퇴 후 평범한 삶을 살고 있던 그들에게 새로운 임무를 알리는 의미심장한 카드가 배달된다.
그렇게 다시 모이게 된 오리지널 ‘포 호스맨’은
자신들을 흉내 내던 신예 마술사들까지 영입하며 미션을 준비한다.

그들의 목표는 무기 밀매, 자금 세탁 등 더러운 돈에 물든 ‘하트 다이아몬드’를 훔치는 것.
하지만 다이아몬드를 훔치고, 통쾌한 쇼를 선보이려는 이들 앞에는 수많은 함정이 펼쳐지는데…

올가을, 더 통쾌해진 지상 최고의 쇼가 스크린에 펼쳐진다!",7.9점,나우 유 씨 미 3,예매율 2.7%,개봉일 2025.11.12,864
9위,https://img.megabox.co.kr/SharedImg/2025/11/05/nyjO3o2f1RsJaYYIJZKsIWHcucnZYeam_420.jpg,국보,0,0,0,1,"눈앞에서 아버지를 잃고 가부키 명문가 
하나이 한지로(와타나베 켄)에게 맡겨진 소년 키쿠오(쿠로카와 소야).

운명이 결정짓는 세계에 이방인으로 뛰어든 키쿠오(요시자와 료)는
명문가의 아들 슌스케(요코하마 류세이)와 부딪히며 라이벌로 성장하게 된다.

서로의 길을 시험하는 치열한 경쟁에 놓인 두 사람.
세상에 단 하나뿐인 이름 국보를 향해 달리기 시작하는데…

최고를 향한 열망, 서로를 뛰어넘어야 한다.",8.9점,국보,예매율 1.9%,개봉일 2025.11.19,930
10위,https://img.megabox.co.kr/SharedImg/2025/11/14/Y4DuBeHbydcuRxZpJoX88oCVMqqnRFpg_420.jpg,에이티즈 브이알 콘서트 : 라이트 더 웨이,0,0,0,1,"[KR] 
어느 날, 아지트에서 평화로운 시간을 보내던 ATEEZ에게 도착한 의문의 메시지.
그 순간, 모든 것이 변하기 시작했다.

사라진 ATINY…
마치 최면에 빠진 듯 몽환적인 폐허를 지나
불길이 휘몰아치며 무너져가는 세계와 짙은 안개의 다크시티 속으로-
정체 모를 존재에게 쫓기며 ATINY를 찾기 위한 반격을 시작하는 ATEEZ.

1초도 놓칠 수 없는 강렬한 몰입 ‘INCEPTION’, 
자유와 에너지로 폭발하는 글로벌 히트곡 ‘BOUNCY (K-HOT CHILLI PEPPERS)’,
절제된 카리스마의 정점 ‘Ice On My Teeth’ 까지!

세계가 인정한 퍼포먼스, 
K-POP의 최전선을 이끄는 ATEEZ의
첫 시네마틱 VR 콘서트 <LIGHT THE WAY>

함께일 때 완성되는 이야기
ATEEZ가 기다리는 또 다른 차원으로 지금, 당신을 초대한다.

—------------------------------------------------------------------------------

[JP]

ある日、アジトで穏やかな時間を過ごしていたATEEZに届いた、謎のメッセージ。
その瞬間、すべてが動き出した。


姿を消したATINY…
まるで催眠にかかったかのような夢幻の廃墟を抜け、
炎が渦巻き崩壊していく世界、濃い霧に覆われたダークシティへ―
謎の存在に追われながら、ATINYを戻すための反撃を始めるATEEZ。

一瞬たりとも目が離せない圧倒的没入感「INCEPTION」、
自由とエナジーが爆発するグローバルヒット曲「BOUNCY (K-HOT CHILLI PEPPERS)」
研ぎ澄まされたカリスマの極致「Ice On My Teeth」まで！

世界が認めるパフォーマンス、
K-POPの最前線を走り続けるATEEZの
初のシネマティックVRコンサート〈LIGHT THE WAY〉。

一緒にいることで完成する物語。
ATEEZが待つ異次元へ―今、あなたを招待する。



—------------------------------------------------------------------------------

[ENG]
One day, a mysterious message arrives for ATEEZ, 
who had been spending a peaceful time in their hideout.
At that moment, everything began to change.

ATINY has vanished…
As if under a spell, ATEEZ wanders through a dreamlike wasteland,
into a collapsing world engulfed in flames, and the Dark City veiled in dense fog.
Pursued by an unknown force, ATEEZ begins to fight back to find ATINY.

Experience an intense immersion where every second counts with INCEPTION, 
an explosion of freedom and energy in the global hit BOUNCY (K-HOT CHILLI PEPPERS),
and the pinnacle of refined charisma with Ice On My Teeth!

With world-class performances,
ATEEZ, who leads at the forefront of K-pop, unveils their
first cinematic VR concert, <LIGHT THE WAY>.

A story that’s completed only when we’re together.
ATEEZ now invites you to another dimension, where they await you.

[ENG] SHORTER
Welcome to the mysterious Dark City, 
where ATEEZ fights back against an unknown force to rescue ATINY.

From INCEPTION and BOUNCY (K-HOT CHILLI PEPPERS) to Ice On My Teeth,
you can’t miss a single second of this intense cinematic experience.

<ATEEZ VR CONCERT : LIGHT THE WAY>


[CN] 

正在基地享受宁静时光的ATEEZ，突然收到一条神秘讯息
那一刻起，一切开始了变化。
消失的ATINY…
如同被催眠般穿越梦幻的废墟
在烈焰席卷的崩塌世界与浓雾笼罩的暗黑之城中
被不明存在追逐的ATEEZ，为找回ATINY展开绝地反击。
每一秒都不容错过的强烈沉浸《INCEPTION》，
引爆自由能量的全球热门歌曲《BOUNCY（K-HOT CHILLI PEPPERS）》
极致克制中迸发魅力的《Ice On My Teeth》！
获世界认证的舞台实力，
引领K-POP前沿的ATEEZ
首部电影风格VR演唱会《LIGHT THE WAY》。
唯有相聚之时才能完成的故事。
ATEEZ正在等待，邀您此刻踏入跨越维度的时空邂逅。",0점,에이티즈 브이알 콘서트 : 라이트 더 웨이,예매율 1.8%,개봉일 2025.12.05,438
11위,https://img.megabox.co.kr/SharedImg/2025/08/28/GP7LkwFxSvP5uWfeV3MZLcoYGOSnXfbu_420.jpg,극장판 귀멸의 칼날: 무한성편,0,0,0,1,"혈귀로 변해버린 여동생 네즈코를 인간으로 되돌리기 위해 혈귀를 사냥하는 조직인 《귀살대》에 입대한 카마도 탄지로.

입대 후 동료인 아가츠마 젠이츠, 하시비라 이노스케와 함께 많은 혈귀와 싸우고, 성장하면서 세 사람의 우정과 유대는 깊어진다.

탄지로는 《귀살대》 최고위 검사인 《주》와도 함께 싸웠다.
「무한열차」에서는 염주・렌고쿠 쿄쥬로, 「유곽」에서는 음주・우즈이 텐겐,
「도공 마을」에서는 하주・토키토 무이치로, 연주・칸로지 미츠리와 함께 혈귀를 상대로 격렬한 전투를 벌였다.

그 후 다가올 혈귀와의 결전에 대비해 귀살대원들과 함께 《주》가 주도하는 합동 강화 훈련에 참가해 훈련을 받던 도중 《귀살대》의 본부인 우부야시키 저택에 나타난 키부츠지 무잔.
어르신의 위기에 달려온 《주》들과 탄지로였지만, 무잔의 술수로 의문의 공간으로 떨어지고 말았는데.

탄지로 일행이 떨어진 곳, 그곳은 혈귀의 본거지 《무한성》─
“귀살대”와 “혈귀”의 최종 결전의 포문이 열린다.",9.5점,극장판 귀멸의 칼날: 무한성편,예매율 1.6%,개봉일 2025.08.22,6.8k
12위,https://img.megabox.co.kr/SharedImg/2025/11/12/Y0cus9h7b9mC2LRjBsAWrZcjU9YcMrSk_420.jpg,죄의 목소리,0,0,0,1,"30여 년 전, 일본을 충격에 빠뜨린 대기업 협박 사건.
그 사건은 ‘아이의 목소리’가 담긴 협박 테이프만 남긴 채 미제로 남았다.
세월이 흘러, 신문기자 ‘아쿠츠 에이지’는 당시의 단서들을 다시 추적하기 시작하는데…
한편, 평범한 재단사 ‘소네 토시야’가 아버지의 유품 속에서
자신의 어린시절 목소리가 담긴 테이프를 발견한다.
운명처럼 마주한 두 남자는 단서를 따라 과거의 진실과 마주하게 되는데…",0점,죄의 목소리,예매율 1.1%,개봉일 2025.11.28,136
13위,https://img.megabox.co.kr/SharedImg/2025/10/30/1q8aMcPWpW80w1TQAc4e1Txu9FvYMcyX_420.jpg,가타카 [토치 레이디 PICK],0,0,0,1,"가타카의 주인공 빈센트는 자연이 섭리에 의해 태어난 인간이다. 반면 그의 동생 안톤은 유전자의 선택으로 태어났다. 빈센트는 약하고 병에 잘 걸리며 유전자적 열성인 근시이다. 빈센트의 꿈은 우주 비행이지만 그러한 약체 때문에 우주탐사팀을 보내는 회사인 가타카에서 청소부로 밖에 취직할 수 없다.

그러던 중 빈센트는 DNA 중개인을 통해 교통사고로 불구가 된 수영선수이자 유전학적으로 우성인 제롬 모로우를 소개받고 그의 유전인자를 돈으로 사게 된다. 그리하여 제롬의 유전인자로 가타카에 엘리트 사원으로 취직한 빈센트는 거기서 미모의 여성 아일린과 사랑에 빠지는데...",9.4점,가타카 [토치 레이디 PICK],예매율 1%,개봉일 2025.11.20,994
14위,https://img.megabox.co.kr/SharedImg/2025/11/05/CRa9QJ3v7l8WAyZDaGsNkm5Ygy0oQvG7_420.jpg,"오늘 하늘이 가장 좋아,라고 아직 말할 수 없는 나는",0,0,0,1,"무미건조한 일상을 반복하는 ‘토오루’.
그의 유일한 연결고리는 하나뿐인 친구 ‘야마네’와 아르바이트 동료 ‘삿짱’뿐이다.
어느 날, ‘토오루’는 캠퍼스에서 독특한 분위기를 풍기는 ‘사쿠라다’와 마주치고
사소한 우연이 이어지며 급속도로 가까워진다.
회색빛 같던 그들의 하늘이 색을 입기 시작하던 그때,
예기치 못한 사건이 그들의 진심을 흔들기 시작하는데…",7.2점,"오늘 하늘이 가장 좋아,라고 아직 말할 수 없는 나는",예매율 0.8%,개봉일 2025.11.26,141
15위,https://img.megabox.co.kr/SharedImg/2025/11/06/DZnKxEmmrIaiFnCk7CBhYUFsDdd1VdG2_420.jpg,힘,0,0,0,1,"격투기 마스터 ‘유신’은 형사 ‘무호’의 부탁을 받고 세리고등학교에 잠입하게 된다. 
그의 임무는 세리고에서 조직원을 잡아내는 것. 
한편, 소년가장으로 성실히 살아가던 ‘북’은 교내 최고 권력자인 ‘만호’ 패거리에게 찍혀 괴롭힘을 당하게 되고, 이를 지켜본 ‘유신’이 ‘북’을 통해 조폭들을 소탕할 계획을 세우며 ‘북’의 세계는 요동치기 시작하는데… 

'힘'을 가진 자, 운명에 순응할 것인가, 거스를 것인가?",0점,힘,예매율 0.6%,개봉일 2025.11.27,10
16위,https://img.megabox.co.kr/SharedImg/2025/07/03/0GoAHTskX2dA7wpSPXOtsf8XTq5hvf9e_420.jpg,킹 오브 프리즘 -유어 엔드리스 콜- 모두 빛나라! 프리즘 투어즈,0,0,0,1,"프리즘 쇼. 그것은 노래, 댄스, 프리즘 점프를 결합한 종합 엔터테인먼트 쇼!
<KING OF PRISM>은 그런 프리즘 쇼에 매료된 개성 넘치는 소년들이 관객을 더욱 설레게 하는 “프리즘스타”를 목표로 성장해 가는 이야기
이번 킹프리는 “프리즘☆투어즈”!
프리즘스타로서 만개하여 유닛을 결성한 SePTENTRION의 이치죠 신 등 7명이
타임머신을 타고 시간, 세계를 초월하여 프리즘 쇼의 시작점으로 여행을 떠납니다.",9.8점,킹 오브 프리즘 -유어 엔드리스 콜- 모두 빛나라! 프리즘 투어즈,예매율 0.5%,개봉일 2025.07.18,609
17위,https://img.megabox.co.kr/SharedImg/2025/09/11/TlQbttV7salc64NS4HDNYiNvi37Qoifk_420.jpg,세계의 주인,0,0,0,1,"반장, 모범생, 학교 인싸인 동시에 연애가 가장 큰 관심사인 열여덟 ‘이주인’.
어느 날, 반 친구 ‘수호’가 제안한 서명운동에 전교생이 동참하던 중
오직 ‘주인’만이 내용에 동의할 수 없다며 나 홀로 서명을 거부한다.

어떻게든 설득하려는 ‘수호’와 단호한 ‘주인’의 실랑이가 결국 말싸움으로 번지고,
화가 난 ‘주인’이 아무렇게나 질러버린 한마디가 주변을 혼란에 빠뜨린다.
설상가상, ‘주인’을 추궁하는 익명의 쪽지가 배달되기 시작하는데…….

인싸? 관종? 허언증? 거짓말쟁이?
“이주인, 뭐가 진짜 너야?”",9.2점,세계의 주인,예매율 0.5%,개봉일 2025.10.22,635
18위,https://img.megabox.co.kr/SharedImg/2025/11/17/auZuyjFSDGQNXlJ1NZussDax4IDjtbwm_420.png,2025 시네 텍스트-힙,0,0,0,1,"함께 ‘나’를 탐색하는 참여형 북콘서트

시네 텍스트-힙
텍스트 힙 열풍을 이끄는, MZ 세대가 사랑하는 SF 작가 천선란 작가와 함께합니다.

** 예매오픈일: 11/20(목)

바야흐로 독서의 시대. 
콘텐츠의 범람 속에, 독서는 단순한 취미를 넘어 
‘나를 알아가는’ 문화의 장이 되었습니다.
<시네 텍스트-힙>은 활자에서 뻗어난 다양한 미디어를 통해 
책을, 그리고 나를 들여다봅니다.

관찰, 변화, 경험, 수행. 
4가지로 나누어 우리의 ‘나’를 들여다보는 사유의 지평. 
오늘 이곳에서 사고하고 경험한 것들을, 함께 나누어 볼까요?

E1. 관찰하는 나: 경계 밖에서 타인의 삶을 바라보기
영화 <파과>
행사일: 12/4(목)
MC: 천선란 작가 / 게스트: 민규동 감독

E2. 변화하는 나: 흔들림 위에서 나다운 삶을 지속하기
드라마 <너를 닮은 사람>
행사일: 12/11 (목)
MC: 천선란 작가 / 게스트: 임현욱 감독, 신현빈 배우

E3. 경험하는 나: 세계 속을 개척하며 또다른 ‘나’를 발견하기 
공연 <천 개의 파랑>
행사일: 12/18 (목)
MC: 천선란 작가 / 게스트: 장한새 연출, 펜타곤 진호

E4. 수행하는 나: 나를 이루는 수많은 역할의 얼굴
영화 <얼굴>
행사일: 12/23 (화)
MC: 천선란 작가 / 게스트: 박정민 배우",0점,2025 시네 텍스트-힙,예매율 0.5%,개봉일 2025.12.04,94
19위,https://img.megabox.co.kr/SharedImg/2025/11/25/rXIsVXJuhyPKsBXZaHCWkFWBFBNVAbgW_420.jpg,[AGF2025] 영화 러브 라이브! 니지가사키 학원 스쿨 아이돌 동호회 완결편 제2장,0,0,0,1,"요즘 가장 최애인 스쿨 아이돌'을 뽑는 스쿨 아이돌 GPX(그랑프리).
오키나와에서 대성황을 이룬 이 이벤트에 참가하기 위해
때를 같이하여, 카린, 아이, 세츠나, 리나, 시오리코, 미아까지 6명은 또 다른 이벤트 장소를 방문했다.

전통문화가 숨 쉬는 교토, 인정과 활기가 넘치는 오사카, 이국의 정취가 감도는 항구 마을, 고베.
세 도시를 무대로 6명은 각각 활동을 개시한다.

그러던 중, 동호회의 멤버로서 스쿨 아이돌 활동을 즐기던 미아의 앞에 미아의 언니인 클로에 테일러가 나타난다.
한편, 한정된 시간 속에서 이상의 존재인 '유키 세츠나'로서 활동하는 나카가와 나나에게는 어떤 고민이 있었는데──.
동호회 멤버 각자의 마음까지 뒤흔들며
스쿨 아이돌 그랑프리는 예상을 뛰어넘는 성황을 이루는데......

12명과 1명의 소녀들이 자아내는 청춘 학원 드라마, 제2장.
또 하나의 두근거림의 이야기 개막──.",0점,[AGF2025] 영화 러브 라이브! 니지가사키 학원 스쿨 아이돌 동호회 완결편 제2장,예매율 0.4%,개봉일 2025.12.05,58
20위,https://img.megabox.co.kr/SharedImg/2025/10/10/E4dwmwxL9TXz47refQ3CpgxqNTc3Slax_420.jpg,난징사진관,0,0,0,1,"1937년, 젊은 우편 배달부 ‘아창’은 전쟁 속 목숨을 부지하기 위해
일본군 종군 기자 ‘이토 히데오’의 요청으로 난징의 한 사진관에서 사진을 인화하게 된다. 
 
사진관 주인 ‘진씨’ 가족과 그곳에 하나 둘 모인 피난민들
그리고 비밀리에 인화된 수백 장의 사진
그 사진 속에는 일본군의 참혹한 만행과 살아 남기 위해 숨죽인 평범한 이들의 모습이 담겨 있었다. 
 
정체가 드러날 위기 속, ‘아창’은 사진관을 임시 피난처로 지키며 
세상에 알려야 할 진실, 그 증거들을 모은다. 
그리고 마침내 숨겨둔 필름 한 통이 전 세계에 알려지며 진실이 밝혀지는데..",8.2점,난징사진관,예매율 0.4%,개봉일 2025.11.05,290
21위,https://img.megabox.co.kr/SharedImg/2025/11/25/sTtJeiu5L6xsIe2lM0x2puBgwxlDSMvt_420.jpg,[AGF2025] 극장판 총집편 걸즈 밴드 크라이 청춘광주곡,0,0,0,1,,0점,[AGF2025] 극장판 총집편 걸즈 밴드 크라이 청춘광주곡,예매율 0.3%,개봉일 2025.12.05,66
22위,https://img.megabox.co.kr/SharedImg/2025/10/24/MPFGb1hV92eI03N48f1ZYG1kKKy7b8KN_420.jpg,위키드,0,0,0,1,"자신의 진정한 힘을 미처 발견하지 못한 '엘파바'(신시아 에리보)
자신의 진정한 본성을 아직 발견하지 못한 ‘글린다'(아리아나 그란데)
 
전혀 다른 두 사람은 마법 같은 우정을 쌓아간다.
그러던 어느 날, '마법사'의 초대를 받아 에메랄드 시티로 가게 되고
운명은 예상치 못한 위기와 모험으로 두 사람을 이끄는데…

마법 같은 운명의 시작, 누구나 세상을 날아오를 수 있어",9.2점,위키드,예매율 0.3%,개봉일 2025.11.05,3.5k
23위,https://img.megabox.co.kr/SharedImg/2025/10/21/RMj8JgQmNEHgknU4EQWIl9MZ6yxUJ3Hq_420.jpg,극장판 주술회전: 회옥·옥절,0,0,0,1,"최강의 두 사람, 다시는 돌아갈 수 없는 푸른 봄
2006년 봄, 주술고등전문학교 시절의 고죠 사토루와 게토 스구루.
불사의 술식을 가진 주술계 핵심, 텐겐으로부터 의뢰가 도착한다.
의뢰는 두 가지, 텐겐과 적합자인 성장체 아마나이 리코라는 소녀의 ‘호위’와 ‘말소’.
두 사람은 주술계 존속을 위한 호위 임무에 나서지만
후시구로라 불리는 ‘주술사 킬러’가 암살을 노리고 나타난다.

최강의 주술사와 최악의 주저사가 된 고죠와 게토,
두 사람의 엇갈린 운명의 과거가 밝혀진다.",9점,극장판 주술회전: 회옥·옥절,예매율 0.3%,개봉일 2025.10.16,1.6k
24위,https://img.megabox.co.kr/SharedImg/2025/11/04/S4zgEQbHFR6vcspPJUgwlhcrIotNMDm6_420.png,KESSOKUBAND LIVE IN KOREA 「FROM SHIMOKITAZAWA」,0,0,0,1,"＜출연＞
青山吉能、 鈴代紗弓、水野朔、長谷川育美
아오야마 요시노 , 스즈시로 사유미, 미즈노 사쿠 , 하세가와 이쿠미

●밴드
三井律郎(Gt)、比田井修(Dr)、高間有一(Ba)、akkin(Gt)
미츠이 리츠오(Gt), 히다이 오사무(Dr), 타카마 유이치(Ba) , akkin(Gt)


■프로필
「봇치 더 록!」 애니메이션 내에서 결성된 록 밴드로,
고토 히토리(Gt.), 이지치 니지카(Dr.), 야마다 료(Ba.), 키타 이쿠요(Gt.Vo.)로 구성되어 있다.
2022년 12월에 발매된 앨범 「결속 밴드」는 큰 화제를 모으며,
2023년 오리콘 ‘디지털 앨범 부문 연간 판매량’ 1위와
Billboard JAPAN ‘연간 다운로드 앨범 차트’ 1위를 기록하였다.
2023년 5월에는 Zepp Haneda(Tokyo)에서의 첫 단독 공연을 성황리에 마쳤고,
2024년에는 ROCK IN JAPAN FESTIVAL을 비롯한 대형 페스티벌과 음악 프로그램 「Venue101」 등 에도 출연하며, 애니메이션의 틀을 넘어 새로운 팬층을 끌어모았다.
2024년에는 일본 전국 5대 도시에서 Zepp 투어 「We will」을,
2025년 2월에는 첫 아레나 단독 공연 「We will B」를 개최하였다.
애니메이션 2기의 제작도 확정 되며 그 기세는 더욱 거세지고 있다.
그 열기는 일본 국내에만 머물지 않고, 글로벌 무대에서도 활발한 활동을 이어가고 있다.",0점,KESSOKUBAND LIVE IN KOREA 「FROM SHIMOKITAZAWA」,예매율 0.3%,개봉일 2025.12.06,81
25위,https://img.megabox.co.kr/SharedImg/2025/09/25/0bSGBkoFyd8sjuj4CgiQFSeSHZdwsP7i_420.jpg,아이돌리쉬 세븐 퍼스트 비트! 극장총집편 전편,0,0,0,1,"『아이돌리쉬 세븐』 은 여기에서 시작되었다!

타카나시 사무소에 모인 일곱 명의 소년들!
이즈미 이오리, 니카이도 야마토, 이즈미 미츠키, 요츠바 타마키,
오오사카 소고, 로쿠야 나기, 나나세 리쿠는
‘IDOLiSH7’이라는 그룹명으로 연예계에 첫발을 내디딘다.

아이돌로서 무한한 가능성을 안고
기숙사 생활과 함께 본격적인 활동을 시작하지만,
서로 다른 꿈과 목표의 차이는 곧 갈등과 균열을 불러온다.

그러나 열정과 음악으로 다시 하나 되어 울려 퍼진 그들의 첫 비트!

아이돌리쉬 세븐의 운명적인 시작을 스크린에서 확인하라!",9.8점,아이돌리쉬 세븐 퍼스트 비트! 극장총집편 전편,예매율 0.2%,개봉일 2025.10.31,468
26위,https://img.megabox.co.kr/SharedImg/2025/11/07/nqDNHC1F51dXTDeRmW8xDFaovL1AmVuC_420.jpg,한란,0,0,0,1,"1948년 제주, 토벌대를 피해 한라산으로 피신하게 된 ‘아진’(김향기)은
딸 ‘해생’과 생이별을 한다.
‘아진’은 마을에 두고 온 딸 ‘해생’을 걱정하며 산에 오르던 중
군인들이 마을을 전부 불태웠다는 이야기를 듣게 되고, 딸을 찾아 하산을 결심한다.
딸을 구하러 가는 엄마 ‘아진’과 엄마를 찾아 산을 오르는 딸 ‘해생’의
살아남기 위한 생존 여정이 시작되는데…

11월 우리가 잊지 말아야 할 이야기가 온다!",8.5점,한란,예매율 0.2%,개봉일 2025.11.26,143
27위,https://img.megabox.co.kr/SharedImg/2025/11/25/h9Si7DX9jztPC9WmBmbDIgqkU0TJNVoS_420.jpg,[AGF2025] 페이트 스트레인지 페이크 EP 1-4,0,0,0,1,"마술사<마스터>와 영령<서번트>가
어떤 소원이든 이룰 수 있는 원망기 '성배'를 놓고 싸우는──'성배전쟁'.

일찍이, 일본에서 행해진 제5차 성배전쟁의 종결로부터 몇 년 뒤.
새로운 성배 출현의 징조가 미합중국 서부의 도시 스노필드에서 관측된다.
그리고 모여드는 마술사<마스터>와 영령<서번트>들──

결여된 클래스.
소환될 리 없는 서번트.
암약하는 국가.
전쟁을 위해 만들어진 도시.
──수많은 특이점으로 '성배전쟁'은 혼란에 빠지고 뒤틀려간다.

거짓 성배의 단상에서 춤추는 인간과 영령<서번트>들이 벌이는 향연의 막이 오른다──.",0점,[AGF2025] 페이트 스트레인지 페이크 EP 1-4,예매율 0.2%,개봉일 2025.12.05,32
28위,https://img.megabox.co.kr/SharedImg/2025/11/24/qnzstvr4ED7sIyPmV20rVWyFMyBEkE03_420.jpg,[AGF2025] 우마무스메 프리티 더비 새로운 시대의 문,0,0,0,1,"「우마무스메」－그들은 달리기 위해서 태어났다.

자유분방한 프리 스타일 경주에서 최강을 목표로 달려온 우마무스메 소녀, 폿케. '정글 포켓'.
충동적으로 관전한 『트윙클 시리즈』 경주에서 후지 키세키의 달리기에 충격을 받은 폿케는 자신도 『트윙클 시리즈』에 도전하기로 결심한다.

우마무스메들이 모이는 『트레센 학교』에 들어간 폿케는 후지 키세키를 키운 타나베 트레이너의 밑에서
평생에 단 한 번만 도전할 수 있는 『클래식 3관 경주』에 도전한다.
그곳에서 기다리고 있던 것은 폿케도 능가하는 실력을 가진 동세대의 라이벌들이었다.

변함없는 마음을 가슴에 품고 성실하게 노력을 이어가는 단츠 플레임.
자신에게만 보이는 『친구』를 쫓아 달리는 맨하탄 카페.
그리고 우마무스메가 가진 가능성의 그 끝을 좇는 매드 사이언티스트, 아그네스 타키온――.

자신의 긍지와 집념과 혼을 걸고 달리는 우마무스메들.
그 뜨겁고 격렬한 싸움이 새로운 시대의 문을 연다.

「상대가 누가 됐든 상관없어! 난 최강의 우마무스메가 되고 말 거야!!」",0점,[AGF2025] 우마무스메 프리티 더비 새로운 시대의 문,예매율 0.2%,개봉일 2025.12.05,36
29위,https://img.megabox.co.kr/SharedImg/2025/11/24/fdbLjX1TSPSLRZ4CaGzmLdhO8lfrj39F_420.jpg,[AGF2025] 극장판 프로젝트 세카이 부서진 세카이와 전해지지 않는 미쿠의 노래,0,0,0,1,"너에 대해서, 알려 줘. 그러면 노래를 알 수 있을지도 몰라

음반 가게에서 처음 듣는 미쿠의 노래를 듣게 된 호시노 이치카.
그녀는 모니터에서 처음 보는 모습의 ""하츠네 미쿠""를 보고 「미쿠?!」라고 소리를 낸다.
그 목소리에 놀란 미쿠는 이치카와 눈이 마주쳤지만 금방 사라지고 말았다.

며칠 뒤, 거리 공연을 마친 이치카의 스마트폰에 저번에 봤던 미쿠의 모습이 나타난다.
쓸쓸한 듯 고개를 떨구고 있는 미쿠에게 이치카가 조심스레 물어보니, 
노래를 전하고 싶은 사람들이 있는데 아무리 노래해도 그 노래가 전해지지 않는다고 말한다.

미쿠는 공연으로 많은 사람들의 마음에 노래를 전하는 이치카의 모습을 보고
이치카에 대해서 알면 자신도 이치카처럼 할 수 있을 거라고 생각해서 이치카를 찾아온 것이었다.
미쿠의 부탁에 이치카는 「나라도 괜찮다면」이라고 미소 지으며 대답하고, 하츠네 미쿠와 소년소녀들의 새로운 이야기가 시작된다.",0점,[AGF2025] 극장판 프로젝트 세카이 부서진 세카이와 전해지지 않는 미쿠의 노래,예매율 0.1%,개봉일 2025.12.05,27
30위,https://img.megabox.co.kr/SharedImg/2025/11/19/AX7YJXRdqyktGskIjCl2wz0z0Ok1kQ16_420.jpg,"거짓말, 뱀파이어가 어디 있어?",0,0,0,1,인간 청년 동하가 입주한 쉐어하우스에 살고 있는 뱀파이어 친구들을 만나게 되며 벌어지는 로맨스물. 나이답지 않게 의젓한 인간 청년 동하와 그에게 각자의 이유로 마음을 뺏긴 뱀파이어 4명의 아찔하면서도 짜릿한 동거 이야기.,0점,"거짓말, 뱀파이어가 어디 있어?",예매율 0.1%,개봉일 2025.11.22,21
31위,https://img.megabox.co.kr/SharedImg/2025/11/25/l6keZIWbEUHIjPEvCXvyDXTdc7F5YYF8_420.jpg,[AGF2025] RE:제로부터 시작하는 이세계 생활 4기 EP 1,0,0,0,1,"수문도시 프리스텔라의 사투에서 간신히 승리한 스바루 일행. 하지만 그 대가는 너무나도 컸다.
'폭식'의 권능에 당해 계속 잠들어 있는 렘, 기억을 빼앗긴 크루쉬, 그리고 이름을 빼앗겨 버린 율리우스.
이들을 구할 단서를 찾던 도중,  스바루는 모든 것을 내다보고 온갖 지식을 소유했다고 하는 '현자' 샤울라의 존재를 알게 된다.
다음 목적지는 현자가 살고 있는 '플레이아데스 감시탑'──그곳은, 최강의 '검성' 라인하르트조차 공략할 수 없었던 대사막 '아우그리아 사구'에 우뚝 솟은 세상 끝의 탑.
맹위를 떨치는 자연, 미지의 마수, 그리고 상상을 초월하는 위협이 일행의 앞을 가로막는다.
동료와 함께, 모든 것을 되돌리기 위해 목숨을 건 소년의 여행이 시작된다──",0점,[AGF2025] RE:제로부터 시작하는 이세계 생활 4기 EP 1,예매율 0.1%,개봉일 2025.12.05,25
32위,https://img.megabox.co.kr/SharedImg/2025/10/31/QjP63qjGWGuLakTk39mnf2Zk8Y040PCl_420.jpg,뱀파이어 헌터 D,0,0,0,1,"아득히 먼 미래, 뱀파이어들이 밤을 지배하는 시대.
그러나 그들의 세력은 점차 쇠퇴하고,
그들을 사냥하는 헌터들이 어둠 속에서 활약하기 시작한다.

그중 인간과 뱀파이어의 피를 함께 지닌 전설의 사냥꾼 ‘D’.
탁월한 사냥 실력과 압도적인 존재감으로 공포와 전설의 대상이 된 그는
어느 날 지주의 딸 ‘샤를로트’를 구해달라는 의뢰를 받는다.

그녀를 납치한 귀족 뱀파이어 ‘마이어 링크’,
그리고 그들을 둘러싼 괴수와 현상금 사냥꾼들.
사랑과 피, 운명이 뒤얽힌 추적 끝에서
인간과 뱀파이어의 숙명이 충돌한다.",9점,뱀파이어 헌터 D,예매율 0.1%,개봉일 2025.11.12,627
33위,https://img.megabox.co.kr/SharedImg/2025/11/03/5yze3h98KAa8T5Cahx2CMecbbAJloHAZ_420.jpg,SEVENTEEN WORLD TOUR [NEW_] IN JAPAN: LIVE VIEWING,0,0,0,1,"‘SEVENTEEN WORLD TOUR [NEW_] IN JAPAN: LIVE VIEWING’이 전 세계 극장에서 생중계됩니다!

새 시작을 향한 각오를 담은 월드투어 [NEW_]
‘무대 장인’ 세븐틴의 강렬한 퍼포먼스와 다채로운 솔로 무대를 극장에서 즐겨보세요.

인천에서 시작해 북미와 아시아를 거쳐 일본 투어의 포문을 여는 나고야 공연! 
세븐틴의 열정과 에너지가 전 세계 팬들에게 대형 스크린을 통해 생생하게 전해집니다.

11월 29일, 전 세계 극장에서 라이브 뷰잉으로 만나보세요.",0점,SEVENTEEN WORLD TOUR [NEW_] IN JAPAN: LIVE VIEWING,예매율 0.1%,개봉일 2025.11.29,65
34위,https://img.megabox.co.kr/SharedImg/2025/11/21/4NUhDLhdTKezXDs0rGeFmkmJpmyW6Xrm_420.jpg,석류의 빛깔,0,0,0,1,"“창문으로 세상을 봅니다
창문 너머에 세상이 있습니다”

18세기 아르메니아 시인 ‘사야트 노바’
그의 일생을 은유와 상징으로 담은 이미지를
색, 빛, 소리, 향기로 빚어낸
영화사에 다시 없을 경이로운 걸작",7.6점,석류의 빛깔,예매율 0.1%,개봉일 2025.11.26,82
35위,https://img.megabox.co.kr/SharedImg/2025/10/14/2SvOd0Z7VE98080Y83UZFvhg2UeqtwhL_420.jpg,보스,0,0,0,1,"갑작스러운 보스의 죽음! 차기 보스는 누구?!

보스 후보1. 차기 보스 0순위지만, 조직이 아닌 중식당 미미루로 전국구 평정을 꿈꾸는 순태(조우진)
보스 후보2. 조직 내 입지는 충분하나 운명처럼 만난 탱고에 인생을 건, 차기 보스 유력자 ‘강표’(정경호)
보스 후보3. 유일하게 보스를 갈망하지만, 그 누구도 보스감이라 생각하지 않는, 보스 부적격자 ‘판호’(박지환)

그리고
미미루 배달원으로 잠입한 언더커버 경찰 ‘태규’(이규형)까지 가세하며
치열한 보스 ‘양보’ 전은 예측불허 대혼란으로 치닫는데..

세력 전쟁보다 살벌한 보스 대결 양보 전쟁!
올 추석, 웃기는 놈이 보스다!",8.1점,보스,예매율 0.1%,개봉일 2025.10.03,540
36위,https://img.megabox.co.kr/SharedImg/2025/11/07/AA1QC2VWmoGWzozNjuekhjxtDTM4SfyE_420.jpg,극장판 나와 로보코,0,0,0,1,"누적 발행 부수 150만 부 돌파 히트작!
패러디에 미친 세계의 개그 폭탄이 터진다!

어느 날, 무릎 진동 알림과 함께 평행 세계에서 온
비슷하지만 다른, 다른 듯하지만 비슷한 로보코 군단이 쏟아진다!
해적왕 로보코 X 인류 구원 로보코 X 심쿵 유발 로보코 X 썰렁 개그 로보코
각기 다른 로보코들이 하나의 세계로? 이게 가능하다고!?

그 와중, 침략자 로보코의 등장으로 혼돈은 최고조에 이르고
로보코 VS 로보코 VS 로보코 구도 성립?!
터지는 액션, 쏟아지는 개그에... 마침내 무릎은 한계에 도달한다!

과연 이 혼돈의 세계를 무릎으로 제패할 로보코는 누구인가?
후 하얗게 불태웠다...",7.2점,극장판 나와 로보코,예매율 0.1%,개봉일 2025.11.26,157
37위,https://img.megabox.co.kr/SharedImg/2025/10/07/oMuifIUlLwuLmfDl9OSHEx4WTrEK4XPn_420.jpg,부고니아,0,0,0,1,"2025년, 기필코 지구를 지켜라!
벌들은 사라지고, 지구는 병들고 있고, 인류는 고통받고 있다.
거대 바이오 기업의 물류센터 직원인 ‘테디’는 이 모든 것이 은밀하게 진행되고 있는 외계인의 지구침공 계획 때문이고, 사장 ‘미셸’이 안드로메다에서 온 외계인이라고 굳게 믿는다.
오랜 준비 끝, 함께 사는 사촌 동생 ‘돈’과 함께 결국 ‘미셸’을 납치하는데 성공한 ‘테디’ 
그는 지하실에 ‘미셸’을 감금한 채 지구를 찾아온 이유와 앞으로의 음모를 캐묻지만
자신은 외계인이 아니라는 말만 반복하는 ‘미셸’
과연 ‘테디’는 ‘미셸’에게서 원하는 답을 얻고 지구를 지킬 수 있을까?",8.1점,부고니아,예매율 0.1%,개봉일 2025.11.05,619
38위,https://img.megabox.co.kr/SharedImg/2025/11/24/atc63o0MvVJy70xklHoXtlo3auq0QVFw_420.jpg,[AGF2025] 극장판 진격의 거인 완결편 더 라스트 어택,0,0,0,1,"이것이 최후의 ""진격""---!
거인의 위협으로부터 몸을 지키기 위해 거대한 벽을 쌓고 그 안에서 숨을 죽이고 살고 있는 인류.
백 년의 평화는 초대형 거인의 습격으로 파괴됐고, 어머니를 잃은 소년 엘런 예거는
모든 거인을 없앨 것을 맹세하고 거인과 싸우는 조사병단의 일원이 되었다.

글자 그대로 목숨을 건 싸움 속에서 엘런 예거는 자신도 거인이 되는 능력을 손에 넣었고
인류의 승리에 공헌하면서 조금씩 세계의 진실에 가까워지고 있었다. 이윽고 시간이 흘러 벽 밖으로 나간 엘런은
조사병단의 동료들과 갈라섰고 어떤 무시무시한 계획을 실행한다.

수많은 거인을 이끌고, 이 세계의 살아있는 모든 것들을 짓밟는 「땅울림」.

미카사와 아르민을 시작으로 남겨진 자들은 세계를 멸망시키려 하는 엘런을 막기
위해 최후의 싸움에 나선다.",0점,[AGF2025] 극장판 진격의 거인 완결편 더 라스트 어택,예매율 0.1%,개봉일 2025.12.05,29
39위,https://img.megabox.co.kr/SharedImg/2025/10/24/zP0l5AsreNvmgfUgLAtae2vFgO0otwIW_420.jpg,리코더 시험,0,0,0,1,"리코더를 '투투투' 불며 어루만지는, 휘어진 그늘 안의 어린 날.

가족들에게 별다른 애정을 받지 못하는 9살 은희는 리코더 시험을 잘 봐 칭찬을 받고 싶다. 은희가 리코더 시험을 준비하며 예민해져 있을 때, 가족들은 저마다의 이유로 통증을 경험하며 바쁘다.

※ 제 10회 미쟝센단편영화제 심사위원 특별상, 심사위원특별연기상 (2011)",8.5점,리코더 시험,예매율 0.1%,개봉일 2025.11.19,105
40위,https://img.megabox.co.kr/SharedImg/2025/11/05/1anLNUDcQGQwnRZum5eyl1MUH5GRIDC5_420.jpg,프레데터: 죽음의 땅,0,0,0,1,"위험이 도사리는 죽음의 땅
사냥할 것인가, 사냥당할 것인가
 
프레데터로서 존재를 증명하기 위해
우주에서 가장 위험한 행성으로 첫 사냥에 나선 ‘덱’
 
죽음의 땅에 도사린 모든 것으로부터 공격을 받던 순간
휴머노이드 ‘티아’를 만난다
 
최상위 포식자 칼리스크에 맞서게 된 둘은
생존과 각자의 목적을 위해 극한의 사투를 벌이게 되는데…",8.8점,프레데터: 죽음의 땅,예매율 0.1%,개봉일 2025.11.05,625
41위,https://img.megabox.co.kr/SharedImg/2025/11/07/3fbVuPXgOvrvW29y3LLWGOmxJywFttbC_420.jpg,투모로우바이투게더 브이알 콘서트 : 하트 어택,0,0,0,1,"골든아워로 물든 캠퍼스 광장.
MOA라는 이름이 새겨진 라커의 문이 열리는 순간, 
심장을 명중하는 특별한 만남이 다시 시작된다!

투모로우바이투게더와 함께하는 현실 판타지는 
캠퍼스를 벗어나 발아래 구름이 흐르는 핑크빛 하늘 위로 번져가고, 
멈출 수 없는 마음이 레이싱 트랙 위, 
제한 속도 따윈 잊은 채 부스터를 밟아 한계 너머로 질주한다.

시간이 멈춘 듯 얼어붙은 겨울 풍경과 신비로운 오로라, 
계절이 바뀌며 따스한 봄의 정원이 피어나는 순간까지.
MOA를 향한 TXT의 모든 마음이 노래가 되어 ‘현실 판타지’는 완성된다.

‘Love Language’ 의 설레는 고백, 
‘Danger’의 거침없는 퍼포먼스,
‘Beautiful Strangers’ 의 짙은 여운까지. 

한층 더 가까이 다가와 MOA의 심장을 폭발시킬  
투모로우바이투게서 브이알 콘서트 : 하트어택 
<TOMORROW X TOGETHER VR CONCERT : HEART ATTACK>
놓쳐서는 안 될 시공간으로 당신을 초대한다! 

被金色时刻浸染的校园广场
刻印着MOA之名的储物柜门开启的瞬间，
击中心脏的特别相遇再次开启！
与TOMORROW X TOGETHER共同书写的现实幻想
越过校园，在脚下流淌着云彩的粉色天际蔓延，
无法停止的心跳在赛车道上，
将限速抛诸脑后，踩下加速器超越极限地驰骋。

如同时间静止般凝固的冬日景色与神秘极光，
直至季节流转温暖春日花园绽放的时刻。
TXT向着MOA的所有心意化作歌声，「现实幻想」至此完成

《Love Language》令人悸动的告白，
《Danger》毫无保留的演绎，
《Beautiful Strangers》的浓郁余韵

更进一步靠近MOA，引爆无限心动的
《TOMORROW X TOGETHER VR CONCERT : HEART ATTACK》
邀您共赴这场不容错失的时空盛宴！

ゴールデンアワーに染まるキャンパス広場。
“MOA”と刻まれたロッカーの扉が開く瞬間、
心臓を撃ち抜く特別な出会いが再び始まる！
TOMORROW X TOGETHERと共にする“リアル・ファンタジー”は、
キャンパスを飛び出し、足元に雲が流れるピンク色の空へと広がっていく。
止められない想いはレーシングトラックの上で、
制限速度を忘れてブースターを踏み込み、限界を超えて疾走する。
時が止まったように凍りついた冬の景色と神秘的なオーロラ、
そして季節が巡り、温かな春の庭園が咲き誇る瞬間まで。
MOAへのTXTのすべての想いが歌となり、“リアル・ファンタジー”は完成する。
「Love Language」のときめく告白、
「Danger」の躍動感あふれるパフォーマンス、
「Beautiful Strangers」の深い余韻まで。
さらに近くに迫り、MOAの心を震わせる
「TOMORROW X TOGETHER VR CONCERT : HEART ATTACK」
見逃すことのできない時空間へ、あなたを招待する！

Step into a golden-hour dreamscape,
where a locker marked “MOA” opens the door to an extraordinary encounter.
The line between reality and fantasy blurs with TOMORROW X TOGETHER.
Cloud-kissed skies melt into pink sunsets and
high-speed races surge beyond the limit. 
Each scene bursts with emotion, energy, and imagination.
Frozen winter nights thaw into spring gardens in bloom,
as TXT’s love for MOA comes alive in every moment, every melody.
From the tender whispers of Love Language,
to the fierce performance of Danger,
and the lingering echo of Beautiful Strangers. 
This is more than a concert.
It's a VR experience that brings you closer than ever before.
Don’t miss TOMORROW X TOGETHER VR CONCERT : HEART ATTACK.",9.9점,투모로우바이투게더 브이알 콘서트 : 하트 어택,예매율 0.1%,개봉일 2025.10.10,1.2k
42위,https://img.megabox.co.kr/SharedImg/2025/10/02/jaZCtULQvN7rskNGC8eMCikWa844YD79_420.jpg,8번 출구,0,0,0,1,"또다시 제자리.
방심하는 순간 영원히 이곳에 갇힌다!
무한루프 속 이상 현상을 찾아 탈출하라!

끝없이 반복되는 지하도에 갇힌 ‘헤매는 남자’,
아래의 규칙에 따라 8번 출구로 탈출해야만 한다.

1. 단 하나의 이상 현상도 놓치지 말 것.
2. 이상 현상을 발견하면 즉시 되돌아갈 것.
3. 이상 현상이 없다면 앞으로 나아갈 것.
4. 8번 출구를 통해서 밖으로 나갈 것.",8.2점,8번 출구,예매율 0.1%,개봉일 2025.10.22,909
43위,https://img.megabox.co.kr/SharedImg/2025/11/24/9v4SRUbcUdFipdRYBAnQgXVYlmB0kPbm_420.jpg,"[AGF2025] 극장판 뱅드림! 잇츠 마이고!!!!! 전편: 봄의 양지, 방황하는 고양이",0,0,0,1,".....여기서 평생 기타 칠래

카나메 라나, 통칭 ""RiNG의 길고양이""는

라이브 하우스 『RiNG』에 신출귀몰하게 나타나서 기타를 치고 돌아가는 괴짜 소녀.

자유분방하게 살고 있는 라나지만, 그녀 역시 미아였던 걸까?

그런 길잃은 고양이가 라이브 하우스라는 보금자리에,
또 밴드「MyGO!!!!!」라는 '보금자리'에 자리 잡게 된 계기를 그린 이야기.",0점,"[AGF2025] 극장판 뱅드림! 잇츠 마이고!!!!! 전편: 봄의 양지, 방황하는 고양이",예매율 0.1%,개봉일 2025.12.05,17
44위,https://img.megabox.co.kr/SharedImg/2025/10/15/CYbIkC15WVdLKxPpWkEsBonwhMe8pO9b_420.jpg,사람과 고기,0,0,0,1,"돈 있어야 먹을 수 있고 혼자 먹기엔 서러운 음식, 고기.

폐지를 주우며 외롭게 살고 있는 형준(박근형)은
우연히 만난 비슷한 처지의 우식(장용), 화진(예수정)과 ‘공짜’로 고기를 먹으러 다니게 된다.
혼자가 아닌 셋이 고기를 먹기 위해 뭉치는 순간,
노인 3인방은 마침내 살아있음을 느끼고 세상과 연결되는 즐거움을 만끽하게 된다.
그러나 오래 가지 못하고 결국 덜미를 잡히고 마는데..

뉴욕타임즈가 극찬한 올해의 영화가 온다!",8.6점,사람과 고기,예매율 0.1%,개봉일 2025.10.07,212
45위,https://img.megabox.co.kr/SharedImg/2025/11/24/bYMfKbATh7Yqs8WL6o2S38y3ouscQmKr_420.jpg,"[AGF2025] 극장판 뱅드림! 잇츠 마이고!!!!! 후편: 노래하자, 우리가 될 수 있는 노래 & 필름 라이브",0,0,0,1,"여기서 시작하자, 다시 한번

이름 없는 밴드의 첫 공연은 대성공을 거뒀다...
...고 생각했는데, 그 공연을 이유로 뿔뿔이 흩어지는 멤버들.

멤버가 각자 다른 생각을 품고 있는, 이름도 없는 밴드는 어디로 향할 것인가.

길을 잃은 소녀들의 갈등을, 절규를 그린 이야기.",0점,"[AGF2025] 극장판 뱅드림! 잇츠 마이고!!!!! 후편: 노래하자, 우리가 될 수 있는 노래 & 필름 라이브",예매율 0.1%,개봉일 2025.12.05,13
46위,https://img.megabox.co.kr/SharedImg/2025/09/17/iU1Oy4bKSuPzSOaw60Xr0juc8nvA7WvN_420.jpg,나쁜계집애: 달려라 하니,0,0,0,1,"달리기로 전국을 제패한 전국구 육상 스타 '나애리'는
전학 간 빛나리 고등학교에서 딱 한 번 진 적이 있는 전 금메달리스트 '하니'와 다시 만나게 된다.
도심 골목에서 달리는 '스트릿 런'이라는 특별한 이벤트 경기에 참여하게 된 두 사람은
떠오르는 혜성 같은 신예 '주나비'와 맞붙게 되는데…
독하게 돌아온 '나애리'와 영원한 라이벌 '하니'는 경기에서 우승할 수 있을까?
청소년 국가대표 타이틀을 건, 심장이 쿵쾅대는 레이스가 시작된다!",8.5점,나쁜계집애: 달려라 하니,예매율 0.1%,개봉일 2025.10.07,380
47위,https://img.megabox.co.kr/SharedImg/2025/11/24/n0nk6wd1R5FAP1udmup9s8nVUQc3qohL_420.png,[AGF2025] 영화 코바야시네 메이드래곤 외로움쟁이 용,0,0,0,1,"""이 손을 놓고 싶지 않아. 이제 우린, 가족이니까.""

평범한 회사원 코바야시 씨.
코바야시 씨에게 이끌려 모인 드래곤들.
그중 하나 어린 드래곤 칸나에게 누군가가 찾아온다.
그 정체는 놀랍게도 칸나의 아버지였는데.",0점,[AGF2025] 영화 코바야시네 메이드래곤 외로움쟁이 용,예매율 0%,개봉일 2025.12.05,16
48위,https://img.megabox.co.kr/SharedImg/2025/09/02/R33T0Ge5B0mf7snaCOz2JIfBpmPGke2c_420.jpg,원 배틀 애프터 어나더,0,0,0,1,"자유를 외치는 혁명가 ‘밥 퍼거슨’(레오나르도 디카프리오).
16년이 흐른 뒤, 후유증으로 모든 걸 내려놓고 무너진 삶을 살고 있다.

그에게 남은 유일한 희망은 
세상 누구보다 소중한 딸 ‘윌라 퍼거슨’(체이스 인피니티)뿐.

자신의 몸도, 딸과의 관계도 엉망진창인 삶을 살아가던 중
과거의 숙적이었던 ‘스티븐 J. 록조’(숀 펜)가 딸을 납치한다.

딸을 찾기 위해서 옛 동료들의 도움이 절실하지만,
오래된 동료들은 만나기조차 쉽지 않은데…

지나온 시간만큼 더 지독해진 숙적을 상대로
끝나지 않는 싸움을 끝내기 위한 뜨거운 추격이 시작된다!",8.9점,원 배틀 애프터 어나더,예매율 0%,개봉일 2025.10.01,1.1k
49위,https://img.megabox.co.kr/SharedImg/2025/11/12/CAJPZ68sFR4plOW5Mjc6fmxmnIiEzj6o_420.jpg,피아니스트의 전설,0,0,0,1,"“피아노를 봐. 건반은 시작과 끝이 있지.
그건 무섭지가 않아. 무서운 건 세상이야“

1900년, 유럽과 미국을 오가는 버지니아 호에서 태어나 
평생을 바다 위에서 살아온 천재 피아니스트 ‘나인틴 헌드레드’.
유일한 친구인 트럼펫 연주자 ‘맥스’와 첫사랑이자 마지막 사랑 ‘퍼든’,
그의 소문을 듣고 찾아온 재즈 피아니스트를 만나며 
조금씩 바다 밖 세상을 배워가던 그의 인생에 새로운 변화가 찾아오는데...",9.1점,피아니스트의 전설,예매율 0%,개봉일 2025.11.26,852
50위,https://img.megabox.co.kr/SharedImg/2024/04/16/d7IdJ6SMb0q9qba7UjFJOumuaRbJVXnL_420.jpg,[오페라] 카르멘 @ THE MET,0,0,0,1,"저명한 영국 연출가 캐리 크래크넬이 메트에 데뷔해서 죽음에 이르는 열정의 스토리를 오늘날의 인신매매범 조직을 배경으로 무대 위에 재현한다. 메조소프라노 아이굴 아크메시나가 팜 파탈의 시금석이라고 할 카르멘 역을 맡아 세 명의 탁월한 출연진과 호흡을 맞춘다. 표트르 베차와가 카르멘의 연인 돈 호세 역을, 소프라노 엔젤 블루가 헌신적인 사랑의 대명사 미카엘라 역을 맡는다. 오만한 투우사로는 베이스 바리톤 카일 케텔슨이 출연한다. 다니엘레 루스티오니가 비제의 격정적인 음악을 지휘한다.

연출: 캐리 크래크넬
무대: 마이클 레바인
의상: 톰 스커트
조명: 가이 호어
영상: 로카필름/롤랜드 호바스
안무: 앤 이

다니엘레 루스티오니(지휘), 엔젤 블루(미카엘라), 아이굴 아크메시나(카르멘), 표트르 베차와(돈 호세), 카일 케텔슨(에스카미요)",9.5점,[오페라] 카르멘 @ THE MET,예매율 0%,개봉일 2025.11.20,61
51위,https://img.megabox.co.kr/SharedImg/2025/10/24/MBj7z8tJXN73y8Jkmz8BscR1e7IdUpMG_420.jpg,바람이 전하는 말,0,0,0,1,"조용필 「킬리만자로의 표범」, 박인수·이동원 「향수」
양희은 「하얀 목련」, 이선희 「알고 싶어요」
혜은이 「열정」, 최진희 「사랑의 미로」
김국환 「타타타」, 송창식 「상아의 노래」
임희숙 「진정 난 몰랐네」, 장사익 「눈동자」
뮤지컬 '명성황후' 「백성이여 일어나라」…

불후의 명곡들 뒤에는 60년간 3,000여 곡을 남기며
한국 대중음악의 황금기를 이끈 국민 작곡가 김희갑이 있었다.

그의 음악은 가왕 조용필을 비롯해 양희은, 송창식, 혜은이 등
당대 최고의 목소리를 통해 청춘을 물들이고 삶을 노래하며,
한 시대의 화양연화를 가장 빛나는 선율로 담아냈다.

그리고 그의 곁을 지킨 영원한 음악 파트너이자 짝꿍, 국민 작사가 양인자.
두 사람의 노래는 전 국민에게 위로와 감동을 주며 세월을 넘어 사랑받아 왔다.

10년에 걸쳐 담아낸 카메라의 기록 속에서 인생의 황혼에 이른 거장이 
건네는 따스한 위로와 노래로 쓴 인생이 스크린 위에서 새롭게 살아난다.",9.7점,바람이 전하는 말,예매율 0%,개봉일 2025.11.05,21
52위,https://img.megabox.co.kr/SharedImg/2025/10/17/eW0Cv2FmTeaO4rV2UiMWMMktAtBVAIMk_420.jpg,럭키 데이 인 파리,0,0,0,1,"""난 정말 운이 좋아.
너와 그날 마주치면서 내 삶은 완전히 달라졌어""

파리의 고급 아파트에 살며 저녁엔 사교 파티, 주말엔 별장에서 사냥을 즐기는
이상적인 상류사회 커플, '파니'(루 드 라쥬)와 '장'(멜빌 푸포).

어느 날, '파니'가 고등학교 동창 '알랭'(닐스 슈네데르)과 우연히 마주치면서
둘은 서로에게 점점 빠져들고, 예기치 못한 삶의 아이러니에 휘말리는데…",7.9점,럭키 데이 인 파리,예매율 0%,개봉일 2025.11.12,160
53위,https://img.megabox.co.kr/SharedImg/2025/11/07/cv24J2oF4jHsmrxzeWQmDJ2MpM6IgvB5_420.jpg,퍼스트 라이드,0,0,0,1,"“끝을 보는 놈, 해맑은 놈, 잘생긴 놈, 눈 뜨고 자는 놈, 사랑스러운 놈” 
10월, 뭉치면 더 웃기는 놈들의 대환장 코미디가 온다! 

어린 시절부터 한 몸처럼 붙어 다닌 24년 지기 사총사, 
태정(강하늘), 도진(김영광), 연민(차은우), 금복(강영석)의 꿈은 바로 함께 하는 여행! 

학창 시절에 이루지 못했던 꿈을 위해 생애 첫 해외여행을 떠나는 날, 
계획에 없던 옥심(한선화)까지 합류하며 이들의 여행은 점점 환장의 세계로 흘러가는데…!",7.8점,퍼스트 라이드,예매율 0%,개봉일 2025.10.29,644
54위,https://img.megabox.co.kr/SharedImg/2025/09/24/gnSBInCPT2rL1Sw2LrIcgc7xQKaLtEUC_420.jpg,그저 사고였을 뿐,0,0,0,1,"어느 날, 나를 지옥으로 이끌던 삐걱 소리가 다시 들렸다.
분명 그놈이다. 하지만 만약에 아니라면?

“그저 사고였을 뿐? 누군가는 그걸 평생 기억해”",8.9점,그저 사고였을 뿐,예매율 0%,개봉일 2025.10.01,386
55위,https://img.megabox.co.kr/SharedImg/2025/08/28/pLJnAy88WMUcZR3yXR4C9XJe32bUnm3D_420.jpg,프랑켄슈타인 : 더 뮤지컬 라이브,0,0,0,1,"“신을 믿어 지독하게. 하지만 그건 축복이 아니야, 저주를 통해서지.”

나폴레옹 전쟁의 참혹한 전장에서 시작된 과학자 빅터 프랑켄슈타인의 실험은 피조물을 탄생시키지만, 예기치 못한 피조물의 실종으로 파국을 맞이한다.

3년 뒤, 빅터 앞에 괴물이 되어 돌아온 피조물은 “교만한 창조주여, 내가 겪은 불행을 돌려주리라”는 저주와 함께 그의 운명을 뒤흔든다.

10년간 무대를 압도해온 한국 창작뮤지컬의 신화, 뮤지컬 〈프랑켄슈타인〉이 스크린에서 다시 살아난다.",9.7점,프랑켄슈타인 : 더 뮤지컬 라이브,예매율 0%,개봉일 2025.09.18,4.5k
56위,https://img.megabox.co.kr/SharedImg/2025/11/24/Y3JcXqulPiujc6fjGVjewlU08IB0E9Rf_420.jpg,[AGF2025] 괴수 8호: 미션 리컨,0,0,0,1,"괴수로 가득한 일본에서 괴물 사체 처리 작업을 하고 있는 ‘히비노 카프카’는
소꿉친구이자 방위대의 떠오르는 스타 ‘아시로 미나’의 모습을 보고
다시 한번 꿈에 도전하기로 결심한다.

어느 날 갑작스럽게 강력한 “괴수 8호”로 변신하게 된 ‘카프카’.
후배 ‘이치카와 레노’의 도움을 받아 정체를 숨긴 채,
그는 오랜 꿈이었던 방위대 시험에 합격하였고
‘미나’의 곁에 서는 것을 목표로 나아간다.

그러나 의문의 괴수가 방위대 기지를 공격하자,
‘카프카’는 절박한 상황 속에서 중요한 결정에 직면하게 되는데…

「호시나의 휴일」
휴일이란 방위대에게는 매우 드물게 평화로운 날.
긴 훈련 끝에 찾아 온 휴일에 방황하는 ‘레노’는 ‘이하루’와 함께
휴일을 보내는 ‘호시나’ 부대장을 미행해보기로 한다.
하지만 두 사람의 미행은 예상치 못한 방향으로 흘러가고 마는데…?!",0점,[AGF2025] 괴수 8호: 미션 리컨,예매율 0%,개봉일 2025.12.05,15
57위,https://img.megabox.co.kr/SharedImg/2025/11/25/6cZCPZ7qRNloTrfcJ4nUTys3FZRV11Rr_420.jpg,[AGF2025] 공주님 “고문”의 시간입니다 EP 13,0,0,0,1,"국왕군과 마왕군이 격돌하고 몇 해가 지났다.
왕녀이자 국왕군 제3 기사단 '기사단장'인 공주는 
마왕군에 붙잡혀 포로가 돼있었다.

'공주님 ""고문""의 시간입니다'

감금된 공주를 기다리고 있는 것은
고통에 몸부림 치게 되는 다양한 ""고문""......

따끈따끈한 갓 구운 토스트!
김이 나는 심야 라멘!
사랑스러운 동물들과의 놀이 시간!

사정없이 내밀어진 맛있는 미식 & 즐거운 놀이에 
공주는 ""고문""을 이겨내고 왕국의 비밀을 
사수할 수 있을 것인가?!",0점,[AGF2025] 공주님 “고문”의 시간입니다 EP 13,예매율 0%,개봉일 2025.12.05,6
58위,https://img.megabox.co.kr/SharedImg/2025/10/28/0RDPSFsx7LYNWwNX8e9CAxHZP2ATMtxI_420.jpg,넌센스,0,0,0,1,"의심스러운 죽음, 사라진 동료, 거액의 보험금, 그리고 한 남자.
냉정한 일처리로 유명한 손해사정사 유나(오아연)는
아빠의 부재로 괴로워하는 엄마(오민애)를 돌보는 한편
갑자기 사표를 낸 직장 동료를 대신해
의문의 사고로 사망한 고객의 사망 보험금 건을 맡게 된다.
거액의 보험금을 수령하게 될 사람은
사망자의 가족도 친척도 아닌 웃음치료사 순규(박용우)
“이 세상 모든 건 진짜예요. 동시에 가짜고. 중요한 건 마음이에요.”
사람들의 마음 속 상처를 치료한다는 순규와 대화를 나눌수록
유나의 마음도 자꾸만 흔들리는데…",8.6점,넌센스,예매율 0%,개봉일 2025.11.26,35
59위,https://img.megabox.co.kr/SharedImg/2025/11/20/GtPTSNOWjT0qO1DlWb0twIMdNvbwL0qh_420.jpg,나혼자 프린스,0,0,0,1,"매니저, 여권, 돈 한 푼 없이 낯선 이국 땅에 혼자 남겨진 아시아 프린스 ‘강준우’(이광수)가 펼치는 생존 코믹 로맨스",7.7점,나혼자 프린스,예매율 0%,개봉일 2025.11.19,127
60위,https://img.megabox.co.kr/SharedImg/2025/09/29/kexKnHpKgtF6vcQGDFVlddtEez493k8A_420.jpg,베이비걸,0,0,0,1,"누가 누구를 지배하는가
맨해튼의 호화로운 아파트, 자상한 예술가 남편과 사랑스런 두 딸, 로봇 자동화 회사의 CEO 로미(니콜 키드먼).
여성들의 롤모델로서 모든 것이 완벽해 보이는 삶이지만, 로미는 지배 당하고 싶은 자신의 욕망이 부끄럽다고 생각해 오랜 결혼생활에도 진정한 즐거움을 찾지 못했다.
출근길에서 목줄이 풀린 개를 완벽하게 통제하는 사무엘(해리스 디킨슨)이 회사의 인턴으로 들어와 무례한 질문을 하고 아무 일도 없었다는 듯 커피를 건네자 로미가 불편할 정도로 흥분한 것을, 이미 서로 눈치챈다.
단숨에 사무엘에게 사로잡힌 로미는 그의 놀잇감을 자처하고 둘만의 욕망 플레이는 점점 로미가 쌓아온 모든 것을 위태롭게 만드는데… 그럼에도 둘의 관계는 부인할 수 없이 뜨겁게 달아오르고, 더 이상 멈출 수 없다!",7.2점,베이비걸,예매율 0%,개봉일 2025.10.29,863
61위,https://img.megabox.co.kr/SharedImg/2025/11/20/BGOJjSjReBDzwJYWMCKSdMDyX3Q4Lb2l_420.jpg,벌새,0,0,0,1,"나는 이 세계가 궁금했다
1994년, 알 수 없는 거대한 세계와 마주한 14살 ‘은희’의
아주- 보편적이고 가장- 찬란한 기억의 이야기",0점,벌새,예매율 0%,개봉일 2025.12.03,74
62위,https://img.megabox.co.kr/SharedImg/2025/11/25/h2QfLR4oy5r9vqMhTi66dmCPbq4dnA6c_420.png,[AGF2025] 용사형에 처함 EP 1,0,0,0,1,"마왕현상이라고 불리는 마물들이 날뛰는 세계.
주인공 자이로 폴바츠와 동료인 도터 루즈러스는 숲속 깊은 곳에서 마물들과 싸우고 있었다.
그들은 '싸우다 죽어도 부활할 수 있는' 특별한 능력을 부여받고 인류를 위해 마왕현상의 마물들과의
싸움을 계속하고 있었다.

자이로, 도터, 그리고 성기사단의 단장인 파트셰 키비아는 계속해서 습격해 오는 마물들을 쓰러뜨렸다.

하지만 그들의 앞에 거대한 마물인 오드 고기가 나타난다.
오드 고기의 출현으로 궁지에 몰리게 된 자이로 일행.
오드 고기를 쓰러뜨리기 위해 자이로는 신비한 힘을 지닌 여신 테오리타의 힘을 빌린다.
테오리타의 도움으로 자이로는 강적이었던 오드 고기를 쓰러뜨리는데.",0점,[AGF2025] 용사형에 처함 EP 1,예매율 0%,개봉일 2025.12.05,7
63위,https://img.megabox.co.kr/SharedImg/2025/10/31/0gzn1STEfEDOL7D85TKK4xNB7WkRtKZx_420.jpg,통잠,0,0,0,1,"수년 째 난임 시술을 이어오던 지연과 도진은 반복된 실패의 무게 속에 지쳐있다. 
도진은 이제 그만 멈추자고 하지만, 지연은 마음을 놓지 못한다. 
“왜 내가 엄마가 될 수 없는 건데?”
같은 집 안에서 둘의 삶이 조금씩 다른 방향으로 흔들리기 시작한다.",8점,통잠,예매율 0%,개봉일 2025.11.19,16
64위,https://img.megabox.co.kr/SharedImg/2024/08/28/6yvX4gyeGorJ5dfBRKaqKfKPzISCfE4s_420.jpg,새벽의 모든,0,0,0,1,"한 달에 한 번, PMS(월경전증후군) 때문에
짜증을 억제할 수 없게 되는 ‘후지사와’(카미시라이시 모네).
한층 악화된 증상에 다니던 회사를 도망치듯 그만둔 그녀는
아동용 과학 키트를 만드는 작은 회사, ‘쿠리타 과학’으로 이직한다.
친절한 동료들과 가족 같은 회사 분위기에 차츰 적응해 가던 중,
직장 내 자발적 아웃사이더 ‘야마조에’(마츠무라 호쿠토)의 사소한 행동에
또 한 번 참지 못하고 크게 분노를 터뜨린다.
그러던 어느 날, 발작 증세를 보이며 쓰러진 ‘야마조에’가
극심한 공황 장애를 앓고 있다는 사실을 알게 되고,
서로의 고충을 나눈 두 사람 사이에는
친구도 연인도 아닌 특별한 우정이 싹트기 시작하는데…",8.2점,새벽의 모든,예매율 0%,개봉일 2024.09.18,281
65위,https://img.megabox.co.kr/SharedImg/2025/11/11/ZkIx4Yfo6DDMG2bb4UIxxoCSvFvT3hWS_420.jpg,콘티넨탈 `25,0,0,0,1,"오르솔리아는 루마니아의 도시 클루지에서 일하는 법원 집행관이다.
어느 날, 한 건물 지하실에 거주하는 노숙인을 퇴거시키라는 명령을 받는다.
하지만 예기치 못한 사건이 벌어지며 깊은 도덕적 위기에 빠지는데…
죄책감을 덜기 위한 오르솔리아의 분투가 이어지고,
그 모습이 때로는 진지하고 때로는 우스꽝스럽게 그려진다.",7.1점,콘티넨탈 `25,예매율 0%,개봉일 2025.11.19,69
66위,https://img.megabox.co.kr/SharedImg/2025/10/21/QyqzgijlMw9UHJpfj5Wuvj8vIpnUx2ue_420.jpg,마사이 크로스,0,0,0,1,"결연 후원으로 이어진 한국의 소녀 보미와 케냐의 소녀 나쉬파에.
부족의 전통에 따라 강제 결혼을 앞둔 나쉬파에는 보미에게 마지막 편지를 보낸다.

병마와 싸우던 보미는 아버지 요섭에게 간절히 부탁한다.
“아빠, 꼭 나쉬파에를 도와주세요…”

딸의 마지막 소원을 안고 10,000km 떨어진 낯선 케냐에 도착한 요섭.
하지만 그곳에서 요섭은 나쉬파에가 흔적도 없이 사라졌다는 소식을 듣게 된다.

요섭은 단 한 줄기 희망을 따라 나쉬파에를 찾아 나서는데…",8.7점,마사이 크로스,예매율 0%,개봉일 2025.11.20,12
67위,https://img.megabox.co.kr/SharedImg/2025/11/14/JS2TSIVybRDzl08Z9ew5rZwiSCYScIiA_420.jpg,프레디의 피자가게 2,0,0,0,1,"다시 밤이 되었습니다
마스코트들은 이제 밖으로 나가주세요

소문과 괴담에 휘말려 폐업한 ‘프레디의 피자가게’ 본점이 수십년 만에 다시 열리고, 
그곳에 오랫동안 잠들어 있던 신형 프레디와 친구들이 눈을 뜨게 된다. 
안면 인식 시스템을 가진 한층 더 기괴하고 오싹해진 신형 애니메트로닉스들은
이제 피자가게 밖으로 나와 세상을 공포에 몰아넣기 시작하는데…",0점,프레디의 피자가게 2,예매율 0%,개봉일 2025.12.03,388
68위,https://img.megabox.co.kr/SharedImg/2025/10/20/IVnFUV1AvVMy22LJ0S0j51Zz96Bkt196_420.jpg,속초에서의 겨울,0,0,0,1,"속초의 작은 바닷가 마을
생선 장수 어머니와 함께 지내는 ‘수하’는
펜션에서 일하던 중 프랑스에서 온 만화가 ‘얀 케랑’을 만난다.

이름도 얼굴도 모르는 프랑스 아버지를 둔 ‘수하’는
묘하게 그를 계속 신경을 쓰게 되고
친절을 넘어선 정을 주면서
요동치는 감정의 드로잉을 그리게 되는데…

당신은 왜 나에게 잘해주었나요?",8.2점,속초에서의 겨울,예매율 0%,개봉일 2025.11.26,54
69위,https://img.megabox.co.kr/SharedImg/2025/11/10/wLF5PirmXHqOlICH3tIq8gkp8Xt14sBH_420.jpg,인 더 로스트 랜드,0,0,0,1,"원하는 모든 걸 이루어 줄 수 있는 거대한 힘을 가졌으나
어떤 거절도 할 수 없는 운명을 지닌 마녀 앨리스는,
도시의 지배자 여왕에게 불가능한 요청을 받게 된다.

바로 인간 이상의 힘을 얻게 해달라는 것!

앨리스는 여왕의 요청을 들어주기 위해,
살아 돌아올 수 없는 로스트 랜드의 길을 아는 사냥꾼 보이스와
어둠의 힘을 찾아 짐승과 악마의 땅으로 나선다.

한편, 마녀의 존재를 부정하는 종교 집단은
앨리스를 처치하기 위해 그들을 추적하기 시작하는데…

인류의 운명을 결정할 디스토피아 블록버스터!",7.2점,인 더 로스트 랜드,예매율 0%,개봉일 2025.11.26,66
70위,https://img.megabox.co.kr/SharedImg/2020/12/10/Qvrsvdbm8e1BrkmbSssyWOXDeYILOk14_420.jpg,라라랜드,0,0,0,1,"황홀한 사랑, 순수한 희망, 격렬한 열정… 
이 곳에서 모든 감정이 폭발한다!
꿈을 꾸는 사람들을 위한 별들의 도시 ‘라라랜드’. 재즈 피아니스트 ‘세바스찬’(라이언 고슬링)과 배우 지망생 ‘미아’(엠마 스톤), 인생에서 가장 빛나는 순간 만난 두 사람은 미완성인 서로의 무대를 만들어가기 시작한다.",9.6점,라라랜드,예매율 0%,개봉일 2022.09.28,2k
71위,https://img.megabox.co.kr/SharedImg/2025/11/14/fVVECLwvbXnfJtk5UAPbQTKQpIdLqa6Z_420.jpg,애프터 미드나잇 리마스터링,0,0,0,1,"이탈리아 토리노의 영화박물관 야간 경비원 마르티노는
오직 영화가 세상의 전부인 외로운 씨네필이다.
햄버거가게 점원 아만다를 좋아하지만, 말 한마디 건넬 용기가 없다.

그러던 어느 날 밤, 경찰에 쫓기던 아만다가 박물관에 숨어들고
마르티노는 아만다와 함께 박물관 곳곳을 밤새도록 누빈다.
둘은 점차 가까워지지만, 아만다에겐 오래된 연인이 있는데…

이들의 이야기는 어디서 와서, 어디로, 어떻게 흘러갈까?
그 모든 사랑이 ‘애프터 미드나잇’ 영화가 되어 찾아온다",8.8점,애프터 미드나잇 리마스터링,예매율 0%,개봉일 2025.11.19,51
72위,https://img.megabox.co.kr/SharedImg/2025/09/17/FRNqKt4pbztmQXaLMu2ZIGP43ebJ9F8i_420.jpg,어쩔수가없다,0,0,0,1,"‘다 이루었다’는 생각이 들 만큼 삶에 만족하던 25년 경력의 제지 전문가 ‘만수’(이병헌).
아내 ‘미리’(손예진), 두 아이, 반려견들과 함께 행복한 일상을 보내던 만수는
회사로부터 돌연 해고 통보를 받는다.

“미안합니다. 어쩔 수가 없습니다.”

목이 잘려 나가는 듯한 충격에 괴로워하던 만수는,
가족을 위해 석 달 안에 반드시 재취업하겠다고 다짐한다.
그 다짐이 무색하게도, 그는 1년 넘게 마트에서 일하며 면접장을 전전하고,
급기야 어렵게 장만한 집마저 빼앗길 위기에 처한다.

무작정 [문 제지]를 찾아가 필사적으로 이력서를 내밀지만,
‘선출’(박희순) 반장 앞에서 굴욕만 당한다.
[문 제지]의 자리는 누구보다 자신이 제격이라고 확신한 만수는 모종의 결심을 한다.

“나를 위한 자리가 없다면, 내가 만들어서라도 취업에 성공하겠다.”",8.1점,어쩔수가없다,예매율 0%,개봉일 2025.09.24,1.7k
73위,https://img.megabox.co.kr/SharedImg/2023/05/25/TcvXVE9yPDJOVY4fn3WwV7mJsWHTIxdK_420.jpg,너의 눈을 들여다보면,0,0,0,1,"선천적 청각장애로 양쪽 귀가 들리지 않는 프로 복서 케이코.
재개발이 진행되고 있는 도쿄 도심의 작은 복싱 체육관에서 훈련을 거듭하며 다음 시합을 준비한다.

끊이지 않는 고민과 말로 표현할 수 없는 생각들이 마음에 쌓여만 가고,
체육관 회장에게 당분간 쉬고 싶다는 편지를 썼지만 끝내 보낼 수 없다.

그러던 어느 날, 케이코는 체육관이 문을 닫는다는 소식을 듣는다.",8.6점,너의 눈을 들여다보면,예매율 0%,개봉일 2023.06.14,225
74위,https://img.megabox.co.kr/SharedImg/2025/10/29/PJqSF0xAwWU39mDbfPzZyKs5ZFaTvHBF_420.jpg,나의 이름은 마리아,0,0,0,1,"떠오르는 신예 배우 마리아
어느 날, 유망한 이탈리아 감독의 눈에 띄어
할리우드 스타와 함께 새 영화의 주연으로 발탁된다.

모든 꿈이 이루어지는 듯했던 순간,
그 선택은 곧 악몽의 시작이 된다.

그 영화는 바로 ‘파리에서의 마지막 탱고’,
그녀의 이름은 마리아 슈나이더다.",6.5점,나의 이름은 마리아,예매율 0%,개봉일 2025.11.26,44
75위,https://img.megabox.co.kr/SharedImg/2025/11/25/XoVQ8nrhyj3nvMm91TBNhtfoCkwdVzSb_420.png,[AGF2025] 정반대의 너와 나 EP 1,0,0,0,1,"언제나 명랑하지만 주위의 시선을 신경 쓰는 여자, 스즈키와 
조용하지만 자신의 의견을 당당하게 말하는 남자, 타니.
정반대인 두사람이 서로를 존중하고, 깊이 이해하는 모습과 
친구들과의 학교생활을 그린 러브 코미디.",0점,[AGF2025] 정반대의 너와 나 EP 1,예매율 0%,개봉일 2025.12.05,5
76위,https://img.megabox.co.kr/SharedImg/2025/11/14/ooua9ikjvtAXmGazoLuU375DoCGDGqMa_420.jpg,우리의 이름,0,0,0,1,"지방의 공업고등학교로 전학 온 영현B.
우연히 자신과 이름이 같은 영현A를 만나 친구가 된다.

공고 생활에 익숙한 영현A는 자격증 준비에 서툰 영현B를 도와주고,
인문계 출신인 영현B는 대기업 입사를 꿈꾸는 영현A의 자기소개서 작성을 도와주며
서로의 부족한 부분을 채워간다.

결국 영현B와 A는 같은 대기업 입사를 두고 불가피하게 경쟁을 하는데,
친구이면서 경쟁할 수밖에 없는 상황에 놓인 두 영현.
우정과 경쟁, 청소년과 청년 사이에서 쓰라린 성장통을 겪으며 둘은 마침내 사회로 나아간다.",9점,우리의 이름,예매율 0%,개봉일 2025.11.26,18
77위,https://img.megabox.co.kr/SharedImg/2025/11/05/CvhMaLFTyFPnF9jEBgYd2KHFSsRQqWOr_420.jpg,왼손잡이 소녀,0,0,0,1,"“내가 악마의 손을 가졌대요”

싱글맘 슈펀은 시골에서 몇 년을 보낸 후 정이안, 정이징 두 딸과 타이베이로 돌아와 야시장에 국수 가게를 연다. 할아버지가 매일 같이 저주처럼 퍼부었던 “‘악마의 손’ 왼손을 쓰면 악마를 돕는다”는 말이 진짜였을까? 정이징이 왼손으로 나쁜 짓을 했기 때문일까? 할머니의 60번째 생신잔치, 3대에 걸친 가족의 비밀이 폭발하는데…",8.1점,왼손잡이 소녀,예매율 0%,개봉일 2025.11.12,153
78위,https://img.megabox.co.kr/SharedImg/2025/09/23/D1VQkXeszsdBSvS1bw9LzplLuSSHKnVE_420.jpg,마작,0,0,0,1,"급격한 경제 성장을 이루며 전 세계의 돈이 모이는 1990년대 타이베이,
네 청년 홍어, 소부처, 홍콩 그리고 룬룬은 모든 것을 함께 나눈다는 약속을 하며
청년 갱단을 조직해 한 집에서 살아간다.

남자친구와 재회하기 위해 무작정 타이베이를 찾았지만 갈 곳이 없어진 프랑스인 마르트.
갱단의 리더 홍어는 마르트를 이용하기 위해 접근하고, 
룬룬은 그녀에게 설레는 감정을 느끼기 시작한다.

한편, 홍어 아버지의 빚을 받아내려는 빚쟁이가 룬룬을 홍어로 착각해 
룬룬과 마르트를 납치하는 사건이 벌어지는데....",8.2점,마작,예매율 0%,개봉일 2025.10.15,729
79위,https://img.megabox.co.kr/SharedImg/2022/05/09/D7lzyEyxtVgY3wAQ2Lz9eRGiFHUZIHMh_420.jpg,애프터 양,0,0,0,1,"함께 살던 안드로이드 인간 ‘양’이 어느 날 작동을 멈추자
제이크 가족은 그를 수리할 방법을 찾는다.
그러던 중, ‘양’에게서 특별한 메모리 뱅크를 발견하고
그의 기억을 탐험하기 시작하는데…

무엇을 남기고 싶었어, 양?",8.4점,애프터 양,예매율 0%,개봉일 2022.06.01,514
80위,https://img.megabox.co.kr/SharedImg/2025/10/14/M0N13ZBzoSS57ZkDHrzuu32cMGV9s5UK_420.jpg,바얌섬,0,0,0,1,"전쟁을 나가던 배 한 척이 태풍에 침몰하면서
세 명의 수군이 어느 작은 무인도에 표류하게 된다.
순수한 성격의 꺽쇠, 포병 출신의 창룡, 그리고 게으름쟁이 몽휘.
섬 생활에 익숙해지던 어느 날,
꺽쇠는 뼈만 남은 여인의 시신을 발견하게 되고
설명할 수 없는 기이한 일들이 벌어지기 시작한다.",7.2점,바얌섬,예매율 0%,개봉일 2025.10.29,22
81위,https://img.megabox.co.kr/SharedImg/2025/10/07/KnmkzrPLm7BfGeIL8lxAe8Hmjcawzv3y_420.jpg,어쩌면 해피엔딩,0,0,0,1,"오늘 서울 하늘, 무척이나 맑음!

인간을 돕기 위해 만들어진 헬퍼봇 ‘올리버’와 ‘클레어’.
홀로 외로이 지내던 두 로봇은 우연한 기회에 함께 여행을 떠나고,
함께하는 시간이 익숙해질수록 ‘사랑’이라는 새로운 감정을 느끼기 시작한다.

My Favorite Love Story를 극장에서 만나세요!",8.3점,어쩌면 해피엔딩,예매율 0%,개봉일 2025.10.02,954
82위,https://img.megabox.co.kr/SharedImg/asis/system/mop/poster/2018/C4/174805-A188-41AD-81D7-BFD98D9F014F.large.jpg,탠저린,0,0,0,1,"크리스마스 이브, LA 도심에 탱탱볼 같은 그녀들이 떴다!

어디로 튈지 모르는 사랑스러운 트랜스젠더 ‘신디’는 자신이 자리를 비운 사이 
그녀의 남자친구 ‘체스터’가 진짜 여자(!)와 바람을 피웠다는 사실을 알게 된다. 
신디와 그녀의 절친 ‘알렉산드라’는 이 추문의 진상을 파헤치기 위해 LA 거리를 휘젓고 다닌다. 
크리스마스 이브에 시작된 골 때리는 그녀들의 바람둥이 소탕 작전, 과연 성공할 수 있을까?",8.8점,탠저린,예매율 0%,개봉일 2018.01.25,80
83위,https://img.megabox.co.kr/SharedImg/2025/11/20/tFIlh2k46mf49bKfngTk1GqOMqdbDGbY_420.jpg,동에 번쩍 서에 번쩍,0,0,0,1,"“어떻게 사는 게 좋은 건지 알 수는 없지만, 그래도 찾고 싶어”

취업 준비에 지친 두 친구, 설희와 화정은 일출을 보며 소원을 빌기 위해 즉흥적으로 바다 여행을 떠난다.
하지만 해를 보지 못하고 크게 싸우고, 각자 우연히 다른 사람들을 만나 예기치 않은 하루를 보낸다.
삶도 여행도 뜻대로 안 되지만, 두 친구는 그래도 오늘을 달린다.",6.5점,동에 번쩍 서에 번쩍,예매율 0%,개봉일 2025.11.26,13
84위,https://img.megabox.co.kr/SharedImg/2025/11/06/maVIMEhMHWXyQzeqZzXkTYLmBr8qfSmL_420.jpg,하얀 차를 탄 여자,0,0,0,1,"사람들은 누구나 거짓말을 하지.

폭설이 휘몰아친 새벽, 흉기에 찔려 피투성이가 된 은서(김정민)를 싣고
병원에 온 도경(정려원)은 그녀를 언니라 부르며 살려달라 도움을 청한다.

곧이어 현장에 도착한 경찰 현주(이정은)는
도경의 혼란스러운 진술 속 무언가 감춰진 진실을 직감하는데…

눈 속에 증거가 사라진 그날 밤,
모두가 다르게 기억하는 범인의 정체는 누구인가?",8.7점,하얀 차를 탄 여자,예매율 0%,개봉일 2025.10.29,137
85위,https://img.megabox.co.kr/SharedImg/2025/09/12/UuXPiPkb1Io2qiDE9JVCEAtsPaU196t4_420.jpg,베르메르: 위대한 전시회,0,0,0,1,"암스테르담 국립미술관과 마우리츠하위스 미술관이 엄선한
델프트의 거장, 요하네스 베르메르의 걸작들.

진주 귀걸이를 한 소녀, 우유를 따르는 하녀 등 
단 37점만 전해지는 그의 작품 앞에서
도슨트의 깊이 있는 해설과 함께 
그의 생애와 그림에 숨겨진 이야기들을 만난다.

빛과 고요 속에 담긴 베르메르만의 세계,
그가 남긴 17세기 풍경을
오늘, 다시 눈앞에 스크린으로 펼쳐낸다.",9.3점,베르메르: 위대한 전시회,예매율 0%,개봉일 2025.09.17,81
86위,https://img.megabox.co.kr/SharedImg/2024/05/20/6QICGKr6eRTIgcbduMLZbHUaofYYDPXc_420.jpg,[오페라] 로미오와 줄리엣 @ THE MET,0,0,0,1,"[시놉시스]
전성기를 구가하는 두 명의 가수, 소프라노 나딘 시에라와 테너 방자맹 베르냉이 셰익스피어 원작에 구노가 곡을 붙인 <로미오와 줄리엣>에서 비운의 연인으로 함께 한다. 야니크 네제-세갱이 메트 레퍼토리 중 가장 낭만적인 오페라 중 하나인 이 작품을 지휘한다. 바틀렛 셰어가 연출한 이번 공연에서는 두 원수 가문을 대표하는 인물인 머큐시오와 티볼트 역으로 바리톤 윌 리버먼과 테너 프레드릭 발렌타인, 장난꾸러기 시동 스테파노 역으로 메조소프라노 사만다 한키, 로렌스 신부 역으로 베이스 바리톤 알프레드 워커가 출연한다.

연출: 바틀렛 셰어
무대: 마이클 여건
의상: 캐서린 주버
조명: 제니퍼 팁튼
안무: 체이스 브록
결투 장면 연출: B. H. 배리

야니크 네제-세갱(지휘), 나딘 시에라(줄리엣), 사만타 행키(스테파노), 방자맹 베르냉(로미오), 프레데릭 밸런틴(티볼트), 윌 리버만(머큐쇼), 알프레드 워커(로렌스 신부)",9.6점,[오페라] 로미오와 줄리엣 @ THE MET,예매율 0%,개봉일 2025.12.04,67
87위,https://img.megabox.co.kr/SharedImg/2020/03/24/wxMyf3XEX3iMXTImr0RwqTtnWcgw9eOI_420.jpg,너의 새는 노래할 수 있어,0,0,0,1,"괜 찮 아 알 수 없 어
서점에서 일하는 ‘나’와 여자친구 ‘사치코’ 룸메이트 ‘시즈오’
친구와 연인 사이 세남녀의
마치 영원히 끝나지 않을 것 같은 청춘 스케치",7.4점,너의 새는 노래할 수 있어,예매율 0%,개봉일 2020.04.16,61
88위,https://img.megabox.co.kr/SharedImg/2025/11/27/vKqwSsBxIFD4mBMPmooXxvUo38f5sd04_420.jpg,콘크리트 마켓,0,0,0,1,"“이렇게 X된 세상에서 귀하게 주워온 것들, 황궁마켓으로 가져오세요!”

대지진 이후 유일하게 남은 아파트.
그곳에서 현금 대신 통조림이 화폐가 되고,
식량과 연료, 약품 등 무엇이든 사고파는 ‘황궁마켓’이 열린다.

“여기 주인이 되고 싶다는 생각해 본적 없어?”

통조림을 훔치기 위해 황궁마켓에 숨어든 ‘희로(이재인)’는
우연히 마켓 상인 회장인 ‘박상용(정만식)’에 대한 비밀을 알게 되고,
상용의 왼팔인 ‘태진(홍경)’에게 마켓의 새로운 주인이 될 수 있는 방법을 제안한다.

그러나 서로 다른 목적을 품은 두 사람의 거래가 시작되는 순간,
견고하던 황궁마켓의 질서가 흔들리기 시작하는데…

살아남고 싶다면, 거래하라!",0점,콘크리트 마켓,예매율 0%,개봉일 2025.12.03,117
89위,https://img.megabox.co.kr/SharedImg/2025/11/07/FKW328T59q4HMXJs6ztoLvdABoIF8aJe_420.jpg,맨홀,0,0,0,1,"지워지지 않는 어린 시절의 상처를 삼킨 채,
겉으로는 평범한 일상을 살아가는 고등학생 ‘선오’.

현실을 피해 향한 ‘맨홀’은 누나와 강아지 달이, 
그리고 여자친구 희주와의 소중한 기억이 깃든 곳이었지만, 
행복도 잠시, 그의 모든 것을 무너뜨릴 균열이 드러나기 시작하는데...

끝내 마주하게 될, 가장 깊은 심연의 구멍.
“맨홀에 아주 중요한 걸 두고 왔어, 같이 가지러 가줄래?”",10점,맨홀,예매율 0%,개봉일 2025.11.19,18
90위,https://img.megabox.co.kr/SharedImg/2025/11/12/6AJLzSAgPiN8PiVI3T1GAZuS0t0s62qI_420.jpg,직지루트; 테라 인코그니타,0,0,0,1,"상상하고, 증명하라! 당신이 알던 역사가 뒤집힌다!

구텐베르크와 고려 금속활자 주조의 연관성을 추적하던 제작진은
교황청 아카이브에서 고려 왕에게 보낸 교황의 편지를 찾아낸다

기쁨도 잠시…
해석의 근거가 부족하다는 학자들의 반발에 부딪힌 이들은
역사의 공백, 미지의 영역 ‘테라 인코그니타’를 알아내기 위해
편지의 발신지, 아비뇽으로 향한다

동서양 교류의 역사 사이 비어있는 행간을 좇던 이들은
바티칸과 안트베르펜, 하를렘, 스페인을 넘어 중앙아시아 사마르칸트를 거쳐
다시 시작점, 해인사 팔만대장경으로 돌아온 그때!

그토록 찾아헤맸던 단 하나의 가능성을 발견하게 되는데…",9.8점,직지루트; 테라 인코그니타,예매율 0%,개봉일 2025.11.12,18
91위,https://img.megabox.co.kr/SharedImg/2025/10/20/MzS00PcrJEeyUzcIBnQKqUQxWS3O39k2_420.jpg,반지의 제왕 : 왕의 귀환,0,0,0,1,"21세기 가장 위대한 걸작, 사상 최대의 마지막 전쟁이 시작됐다!
절대반지의 영원한 파괴를 위해, ‘프로도’와 그의 친구들, 엘프족 ‘레골라스’, 난쟁이족 ‘김리’, 두 명의 인간전사 ‘아라곤’과 ‘보로미르’, 그리고 마법사 ‘간달프’...등, 9명으로 이뤄진 ‘반지원정대’가 ‘불의 산’을 향하게 되고, 그들은 ‘사우론’의 사악한 세력에 맞서려 한다. 그러나 이들은 다시 뿔뿔이 흩어지게 되고, 암흑세계의 두 개의 탑을 통합하여 그 세력을 확장하고 있는 ‘사우론’은 서서히 중간대륙을 거대한 전쟁의 소용돌이로 몰아가며 ‘로한왕국’을 향해 진격을 시작한다. 이에 ‘아라곤’은 자유종족들을 통합하여 ‘사우론’에게 정면 대항하게 되는데..... ‘사우론’의 군대는 인간 종족을 멸망시키기 위해, 마지막으로 곤도르 왕국의 수도인 ‘미나스 티리스’를 공격한다. 과거의 위대함은 사라진 채 그 명맥만을 유지해오던 곤도르 왕국은 이제 그 어느 때보다도 왕이 절실하다. 하지만, ‘아라곤’이 왕위를 계승하여 자신의 운명을 마주 할 수 있을 것인가? 전투에 앞서, ‘간달프’는 필사적으로 흩어진 곤도르의 병력을 수습하고, ‘세오덴’은 로한의 전사들을 규합한다. 용기와 충성심에 불타 있기는 하지만, 인간의 군대는 곤도르로 빽빽이 몰려드는 적들에게 적수가 되지 못한다. 승리의 순간에도 희생이 따르고, 많은 이들을 잃어가면서도, 원정대는 ‘사우론’의 주의를 딴 곳으로 돌려 ‘프로도’가 임무를 달성할 수 있게 돕는다는 하나의 목표 아래, 그들 생애 가장 큰 전투를 치러 나간다. 한편, ‘프로도’는 위험한 적의 땅을 가로질러 가면서, 반지가 끊임없이 그의 의지와 인간성을 시험하자 점점 더 ‘샘’과 ‘골룸’에게 의지하게 되는데.",9.7점,반지의 제왕 : 왕의 귀환,예매율 0%,개봉일 2021.03.18,280
92위,https://img.megabox.co.kr/SharedImg/2024/10/10/PYjil2zMIUwkvcfZ5XA4KM9pGfNyWaA1_420.jpg,블루 자이언트,0,0,0,1,"""세계 최고가 될 거야, 반드시""
언제나 강가에서 홀로 색소폰을 불던 고등학생 '다이'는
세계 최고의 재즈 플레이어에 도전하기 위해 도쿄로 향한다.

""실력이 안 되면 같이 안 할 거니까""
우연히 재즈 클럽에서 엄청난 연주 실력을 뽐내는
천재 피아니스트 ‘유키노리’를 만나 밴드 결성을 제안하고,

""나도 드럼을 칠 수 있을까?""
'다이'의 고등학교 동창이자 평범한 대학생이던 '슌지'가
열정 가득한 초보 드러머로 합류하면서 밴드 'JASS 재스'가 탄생한다.

“전력을 다해 연주하자! 분명 전해질 거야”
목표는 최고의 재즈 클럽 '쏘 블루'! 10대의 마지막 챕터를 바친
JASS 재스의 격렬하고 치열한 연주가 지금, 바로, 여기서 시작된다!",9.4점,블루 자이언트,예매율 0%,개봉일 2024.10.18,262
93위,https://img.megabox.co.kr/SharedImg/2025/02/24/vO7oZzeE8s0TOXzAeYge6yuVOGE9i9bc_420.jpg,미키 17,0,0,0,1,"“당신은 몇 번째 미키입니까?”
친구 ‘티모’와 함께 차린 마카롱 가게가 쫄딱 망해 거액의 빚을 지고
못 갚으면 죽이겠다는 사채업자를 피해 지구를 떠나야 하는 ‘미키’.
기술이 없는 그는, 정치인 ‘마셜’의 얼음행성 개척단에서
위험한 일을 도맡고, 죽으면 다시 프린트되는 익스펜더블로 지원한다.
4년의 항해와 얼음행성 니플하임에 도착한 뒤에도 늘 ‘미키’를 지켜준 여자친구 ‘나샤’.
그와 함께, ‘미키’는 반복되는 죽음과 출력의 사이클에도 익숙해진다.
그러나 ‘미키 17’이 얼음행성의 생명체인 ‘크리퍼’와 만난 후 죽을 위기에서 돌아와 보니
이미 ‘미키 18’이 프린트되어 있다.
행성 당 1명만 허용된 익스펜더블이 둘이 된 ‘멀티플’ 상황
둘 중 하나는 죽어야 하는 현실 속에 걷잡을 수 없는 사건이 기다리고 있었으니…

“자알 죽고, 내일 만나”",8.7점,미키 17,예매율 0%,개봉일 2025.02.28,1.9k
94위,https://img.megabox.co.kr/SharedImg/2025/03/11/ZwjK1MQrizfUL04YLTiS6AY6rRxjUAPX_420.jpg,콘클라베,0,0,0,1,"교황의 예기치 못한 죽음 이후 새로운 교황을 선출하는 ‘콘클라베’가 시작되고,

로렌스(랄프 파인즈)는 단장으로서 선거를 총괄하게 된다.

한편 당선에 유력했던 후보들이 스캔들에 휘말리면서

교활한 음모와 탐욕이 수면 위로 드러나는데…",9점,콘클라베,예매율 0%,개봉일 2025.03.05,906
95위,https://img.megabox.co.kr/SharedImg/2025/03/19/t1aws8JYeDCKaCbRntA8oalmQ2UW33ua_420.jpg,진격의 거인 완결편 더 라스트 어택,0,0,0,1,"이것이 최후의 ""진격""---!
거인의 위협으로부터 몸을 지키기 위해 거대한 벽을 쌓고 그 안에서 숨을 죽이고 살고 있는 인류.
백 년의 평화는 초대형 거인의 습격으로 파괴됐고, 어머니를 잃은 소년 엘런 예거는
모든 거인을 없앨 것을 맹세하고 거인과 싸우는 조사병단의 일원이 되었다.

글자 그대로 목숨을 건 싸움 속에서 엘런 예거는 자신도 거인이 되는 능력을 손에 넣었고
인류의 승리에 공헌하면서 조금씩 세계의 진실에 가까워지고 있었다. 이윽고 시간이 흘러 벽 밖으로 나간 엘런은
조사병단의 동료들과 갈라섰고 어떤 무시무시한 계획을 실행한다.

수많은 거인을 이끌고, 이 세계의 살아있는 모든 것들을 짓밟는 「땅울림」.

미카사와 아르민을 시작으로 남겨진 자들은 세계를 멸망시키려 하는 엘런을 막기
위해 최후의 싸움에 나선다.",9.6점,진격의 거인 완결편 더 라스트 어택,예매율 0%,개봉일 2025.03.13,9.9k
96위,https://img.megabox.co.kr/SharedImg/2025/03/19/RX6SzRceGMlA23t6Y7pCDXTeeVOtN89n_420.jpg,백설공주,0,0,0,1,"동화 그 이상의 마법 같은 이야기
2025년 봄과 함께 찾아온 디즈니 최초의 프린세스

눈보라가 몰아치던 겨울 밤 태어난 백설공주.
온정이 넘치던 왕국에서 모두의 사랑을 받았지만,
강력한 어둠의 힘으로 왕국을 빼앗은 여왕의 위협에 숲으로 도망친다.
마법의 숲에서 간신히 살아남은 백설공주는
신비로운 일곱 광부들과 만나게 되며 새로운 세상을 마주하고,
마음속 깊이 숨겨진 용기와 선한 힘을 깨닫게 된다.
그리고 마침내, 빼앗긴 왕국을 되찾기 위해 여왕과 맞서 싸우기로 결심하는데…

<미녀와 야수>, <알라딘> 제작진이 선보이는 디즈니 판타지 뮤지컬 영화
눈부시게 아름다운 판타지와 환상의 음악이 선사하는 마법 같은 기적!",7.2점,백설공주,예매율 0%,개봉일 2025.03.19,656
97위,https://img.megabox.co.kr/SharedImg/2025/03/11/oDSeZ5pGTuHI6FZaFflt0DVX3e0pnQBf_420.jpg,플로우,0,0,0,1,"파도가 끝나는 곳,
고양이의 모험이 시작된다!

인간이 살았던 흔적만이 남아있는 세상,
홀로 집을 지키던 '고양이'는 갑작스러운 대홍수로
평화롭던 일상과 아늑했던 터전을 잃고 만다.

때마침 다가온 낡은 배에 올라탄 '고양이'는
그 안에서 '골든 리트리버', '카피바라', '여우원숭이', '뱀잡이수리'를 만나고
서로의 차이점을 극복하고 팀을 이뤄 험난한 파도를 헤쳐나간다.",8.9점,플로우,예매율 0%,개봉일 2025.03.19,877
98위,https://img.megabox.co.kr/SharedImg/2025/04/15/Hj90ADU6X23U6oquVOmBmH8aW6Aa0TQy_420.jpg,승부,0,0,0,1,"세계 최고 바둑 대회에서 국내 최초 우승자가 된 조훈현.
전 국민적 영웅으로 대접받던 그는 바둑 신동이라 불리는 이창호를 제자로 맞는다.

“실전에선 기세가 8할이야”
제자와 한 지붕 아래에서 먹고 자며 가르친 지 수년.
모두가 스승의 뻔한 승리를 예상했던 첫 사제 대결에서
조훈현은 전 국민이 지켜보는 가운데, 기세를 탄 제자에게 충격적으로 패한다.
오랜만에 패배를 맛본 조훈현과 이제 승부의 맛을 알게 된 이창호
조훈현은 타고난 승부사적 기질을 되살리며 다시 한번 올라갈 결심을 하게 되는데…",9.1점,승부,예매율 0%,개봉일 2025.03.26,586
99위,https://img.megabox.co.kr/SharedImg/2025/03/14/vKfqRUMxlGgE8asTfFJ2W6yqLrwF4nrx_420.jpg,로비,0,0,0,1,"""더럽게 싸움을 걸면, 어떻게 더럽게 싸우죠?""

연구밖에 모르는 스타트업 대표 창욱(하정우)은
라이벌 회사 대표 광우(박병은)의 뒷거래 때문에 기회도, 기술도 번번히 빼앗긴다.
그의 회사의 유일한 탈출구는 4조 원에 달하는 국책사업을 따내어, 한방에 자본을 확보하는 것!

하지만 로비에 있어선 한수 위인 광우는 조장관(강말금)을 일찌감치 포섭한 상황,
창욱은 눈을 돌려 조장관의 최측근이자 실무를 쥐고 있는 남편 최실장(김의성)에게 접근해
더러운 싸움에 참전하게 되는데...

마침내 뒷거래가 이뤄지는 골프장에
한날 한시 각자의 목적을 위해 모인 로비팀들,
이들의 진흙탕 로비가 펼쳐진다!",8.2점,로비,예매율 0%,개봉일 2025.04.02,235
100위,https://img.megabox.co.kr/SharedImg/2025/03/26/BFeyYnoQ5i7XfVbaXKaUxwgTru3wiEps_420.jpg,미스터 로봇,0,0,0,1,"인공지능 로봇으로 자동화된 근 미래.
K-ROBOT 인더스트리의 쇼케이스 현장에서
새로 출시된 로봇 ‘맥스’가 치명적인 사고를 일으키고,
로봇 관리대 대원(RCC) ‘한태평’은 그 과정에서 혼수상태에 빠지게 된다.
이후, '한태평'은 폐기 직전에 놓인 '맥스'의 몸으로 눈을 뜨게 되는데...

한편, K-ROBOT 인더스트리의 부사장이자 삼촌 '강민'에 의해 위험에 처한 소녀 '나나'.
그 순간 등장한 '맥스'에 의해 '강민'의 위협에서 탈출하고
두 사람의 특별한 여정이 시작된다!",7.9점,미스터 로봇,예매율 0%,개봉일 2025.04.04,78
101위,https://img.megabox.co.kr/SharedImg/2025/04/07/s0i7LcX7Tz1VplEdVH08xIFX0UYSzGzx_420.jpg,본회퍼: 목사.스파이.암살자,0,0,0,1,"기독교가 국가와 민족이라는 이름 아래 종속되어, 예수 그리스도를 온전히 따르는 삶이 희미해지던 시대. 

독일의 젊은 신학자 디트리히 본회퍼는 “오늘날의 기독교인은 과연 어떻게 살아야 하는가?”라는 질문을 던지며, 교리가 아닌 실천의 중요성을 일깨운다. 

그는 “교회는 악을 방관해서는 안 된다”는 확고한 신념을 품고 레지스탕스 활동에 참여하고, 결국 히틀러 제거라는 치명적인 음모에 연루된다. 

한때 평화를 설교하던 그가, 수많은 유대인을 구하기 위해 모든 것을 걸기로 결심하기까지 이 극적인 여정은 본회퍼가 선택한 길이 과연 역사의 물줄기를 바꿀 것이냐, 

아니면 자신의 모든 것을 앗아갈 것이냐는 물음을 남긴다. 

그의 헌신과 죽음은 오늘날까지도 ‘책임 있는 신앙’의 대표적 사례로 기억되며, 시대와 국가를 넘어서 신앙의 본질을 묻는 깊은 울림을 전한다.",9.3점,본회퍼: 목사.스파이.암살자,예매율 0%,개봉일 2025.04.09,78
102위,https://img.megabox.co.kr/SharedImg/2025/06/17/hyD90WztKpCzgo8I6pbFKX3eAggRXVvJ_420.jpg,라이언 일병 구하기,0,0,0,1,"국내 최초 4K 업스케일링 리마스터링 버전 재개봉 확정!
더욱 선명해진 영상미와 새롭게 업그레이드된 사운드까지!

2차세계대전이 종전을 앞둔 어느 날,
‘라이언 일병 구하기’ 임무를 지시받은 특수 부대의 마지막 여정!

부대를 이끄는 ‘밀러’대위, 그를 위시하는 7인의 병사들이
각자의 신념, 생명의 존엄성을 고뇌하며 전우애를 다지는데…

참혹한 제2차세계대전 당시 현장을
스크린에 그대로 새긴 세기의 명작이 찾아온다!

전세계를 충격과 감동에 빠트린
단 하나의 마스터피스가 시작된다!

==================
※ 호국보훈의 달 이벤트 안내 ※
<라이언 일병 구하기> 유료 관객 수 1명 당 100원이 국가 유공자 예우 및 복지를 위한 기부 플랫폼 '모두의 보훈 드림'에 기부됩니다. (~7/24)
==================",9.5점,라이언 일병 구하기,예매율 0%,개봉일 2025.06.25,1k
103위,https://img.megabox.co.kr/SharedImg/2025/06/25/ojTXKrieXmtbEYrc5Cvy8TU6gyV3g238_420.jpg,킹 오브 킹스,0,0,0,1,"가장 위대한 이야기 속으로 떠나는 시간 여행

영국의 소설가 ‘찰스 디킨스’는
아서 왕을 동경하는 개구쟁이 막내 아들 ‘월터’에게
진정한 왕 ‘예수’에 대한 이야기를 들려주기로 한다.
아버지의 실감 나는 이야기에 빠져든 ‘월터’는
어느새 2000년 전, ‘예수’가 태어난 순간으로 여행을 떠나게 된다.

‘월터’는 ‘예수’의 놀라운 기적과 끝없는 사랑을
가까이에서 지켜보며 점점 그에게 이끌리게 된다.
그러나 행복한 순간도 잠시,
‘예수’에게 닥쳐온 시련들과
그것을 담담히 받아들이는 모습을 통해
‘월터’는 아버지의 이야기 속에 감춰진 진심을 깨닫게 된다.",8.8점,킹 오브 킹스,예매율 0%,개봉일 2025.07.16,897
104위,https://img.megabox.co.kr/SharedImg/2025/07/31/apSSSEy7YaPAxQb4bwTCLnt0g4FSd0QR_420.jpg,슈퍼소닉,0,0,0,1,"“가능성에 한계를 두지마, 우리가 했다면 너도 할 수 있어”

도심 외곽의 변두리 지하 연습실에서 시작해
영국 인구 1/20을 들끓게 한 넵워스 공연까지
불과 3년 만에 한 도시를 넘어 국가를 그리고 전 세계를 뒤흔든 ‘오아시스’ 정신의 모든 것

Today's the day that all the world will see 오늘이 바로 온 세상이 보게 될 그 날이야
All your dreams are made 너의 모든 꿈들은 현실이 될 거야
- OASIS, [Morning Glory] 중",8.4점,슈퍼소닉,예매율 0%,개봉일 2025.08.29,1.3k
105위,https://img.megabox.co.kr/SharedImg/2025/08/21/vh8Mok1BNpSE1OvZCuz2x5zD1KhQFtQ2_420.jpg,3670,0,0,0,1,"종로3가, 6번 출구, 7시
여기서부터 시작이야
 
자유를 찾아 북에서 온 ‘철준’에게는 탈북자 친구들에게도 말할 수 없는 비밀이 있다.
어디에서도 속하지 못한 채 혼자만의 외로움을 견디던 ‘철준’은
우연히 만난 동갑내기 ‘영준’의 도움으로 이제껏 알지 못했던 세계와 마주한다.
‘영준’은 ‘철준’의 친구가 되어주고 ‘철준’ 역시 조금씩 마음을 열어간다.
하지만 인기남 ‘현택’의 등장과 함께 ‘철준’과 ‘영준’의 마음에 묘한 파장이 일어나며
두 사람의 관계는 예상치 못한 방향으로 가는데…
 
너를 통해
우리가 될 수 있었던 시간들",8.9점,3670,예매율 0%,개봉일 2025.09.03,172
106위,https://img.megabox.co.kr/SharedImg/2025/08/05/S9VrL3514I5wXuBqE6OoXu4ZZXBUu2YQ_420.jpg,3학년 2학기,0,0,0,1,"학창 시절의 마지막 3학년 2학기를 
학교가 아닌 낯선 공장에서 보내게 된 
중소기업 현장 실습생 열아홉 살 창우. 
사수의 냉정한 평가 속에서도 일의 즐거움과 동료애를 느끼며 
사회생활의 설렘과 두려움, 두근두근 단짠단짠을 맛본다. 
하지만 예기치 못한 동료와의 이별은 창우를 뒷걸음치게 하는데…

두근두근 첫걸음을 내딛는 우리 모두의 3학년 2학기,
작은 용기와 희망으로 채워 나간 그 처음을 만난다!",8.7점,3학년 2학기,예매율 0%,개봉일 2025.09.03,95
107위,https://img.megabox.co.kr/SharedImg/2025/08/21/pvmjKjj0vjFYmy6kA1jwnfUVXLfZjtlo_420.jpg,아기돼지 3형제: 도넛별 대모험,0,0,0,1,"뚠뚠 귀요미들 이번엔 우주로 총출동! 
냠냠~ 맛있는 도넛별에서 펼쳐지는 달콤 짜릿 우주 대모험! 

용감한 아기돼지 3형제, 별이 뚱이, 똘이는 우주 영웅 왕코박사를 만나러 도넛별로 향하던 중 
사고로 우주선이 얼음별에 불시착하고 만다. 그곳에서 만나 친구가 된 로봇 토토. 
하지만 토토는 악당 뺑코 박사에게 붙잡혀가고 도넛별과 우주에는 큰 위험이 닥치는데. . . 
토토를 구하고 도넛별과 우주의 평화를 지키기 위한 아기돼지3형제의 달콤하고 짜릿한
우주대모험이 시작된다.",9.4점,아기돼지 3형제: 도넛별 대모험,예매율 0%,개봉일 2025.09.04,22
108위,https://img.megabox.co.kr/SharedImg/2025/10/10/132uAYPNlgXjwkPxWj5lKilioXuZsuO6_420.jpg,안동,0,0,0,1,"안동, 그곳에 가면 살아갈 힘이 난다.

취준생으로 힘든 서울살이를 하던 딸 민아가 우울증으로 자살시도를 하는데,
때마침 엄마의 부름을 받고는 고향 <안동>으로 돌아간다.

오래된 종가집 고택을 힐링 게스트로 탈바꿈시킨 엄마.

그리고 바로 이곳을 삶과 죽음의 경계에 선 숙박객들이 찾아오고,
그들 역시 세상을 살아갈 힘을 얻게 된다.

세상을 살아갈 힘을 얻게 되는 영화<안동>은 힐링판타지 독립영화이다.

영화<안동>은 안동시의 지원으로 경북문화재단 콘텐츠진흥원에서 제작지원을 받았고,
독립영화 인정, 예술영화 인정을 받은 12세이상관람가 영화다.

8년 전 경북 스토리콘텐츠 공모전의 수상작, 권나연작가의 ‘특별한 하룻밤’을
김홍익감독이 직접 선택하고 발전시켜, 각색·제작·배급을 진행해서
8년에 걸쳐 힘들고 드물게 완성시킨 독립영화이다.",7.9점,안동,예매율 0%,개봉일 2025.10.16,10
109위,https://img.megabox.co.kr/SharedImg/2025/10/10/bpk3LBE0LOC5GG3awwVo5rNtBZBZexfR_420.jpg,디바 야누스,0,0,0,1,"Since 1978, CLUB JANUS 

한국 재즈의 전설 박성연이 만들어낸,
재즈의, 재즈에 의한, 재즈를 위한 아지트, 클럽 야누스. 

라이브 공연의 숨결과 박성연의 인터뷰를 따라
그녀가 꿈꾸고 가꾸어온 한국 재즈의 과거, 현재, 그리고 미래를 보여준다. 
재즈 뮤지션들의 이야기와 관객의 감동 속에서, 야누스는 공간을 넘어 
음악과 사람, 그리고 시대를 잇는 살아 있는 전설로 존재한다. 

“박성연이라는 사람이 야누스고, 
야누스가 박성연 선생님이에요”",9.6점,디바 야누스,예매율 0%,개봉일 2025.10.22,20
110위,https://img.megabox.co.kr/SharedImg/2025/10/28/WH0zvGroZqFARYEeDhxBpfHw0N5bpKHT_420.jpg,구원자,0,0,0,1,"축복의 땅이라고 불리는 오복리에 이사 온 '영범'(김병철)과 '선희'(송지효).
그곳에서 의문의 노인을 만난 뒤, 교통사고로 걷지 못하던 아들 '종훈'이 다시 걷게 되는 기적을 경험한다.
한편, ‘오복리’에서 홀로 아들 '민재'를 키우며 살아오던 '춘서’(김히어라)는 그의 가족에게 닥친 저주에 가까운 불행들이 ‘영범’ 가족과 관련이 있음을 알게 되는데…",7.3점,구원자,예매율 0%,개봉일 2025.11.05,142
111위,https://img.megabox.co.kr/SharedImg/2025/10/21/mYfESVorJoU827OlLaTZmJFC4vDMem3n_420.jpg,생명의 은인,0,0,0,1,"“이번엔 네가 나 좀 살려주면 안 되니?”
500만 원을 손에 쥐고 사회에 첫 발을 내디딘 열아홉 살 ‘세정’.
평생 꿈이었던 나만의 방을 위해 열심히 발품을 팔던 어느 날,
자신이 어릴 적 ‘세정’의 목숨을 구한 ‘생명의 은인’이라고 주장하는 수상한 시한부 ‘은숙’이 나타나
수술비 500만 원을 빌려달라는 황당한 부탁을 한다.
그녀의 말을 믿지 못하면서도 이상하게 마음이 끌리는 ‘세정’은

믿음과 의심 사이에서 ‘은숙’과 기묘한 동행을 시작하는데…",7.6점,생명의 은인,예매율 0%,개봉일 2025.11.05,24
112위,https://img.megabox.co.kr/SharedImg/2025/10/27/c5tXkga86zlkS4fKPDa8aOJrWCGlbaf5_420.jpg,투 헤븐,0,0,0,1,"부활을 믿는 성도를 위한 마지막 선택

기독교 장례문화는 변화가 필요하다
우리는 십자가의 사랑과 부활을 믿는 크리스천이다.
그러나 천국을 소망하며 살아가는 성도조차
이 세상을 떠나는 마지막 순간에
믿지 않는 사람들과 같은 장례식을 선택하는 경우가 있다.
그렇게 잘 믿었다고 평판을 받던 사람도
마지막에 불 신앙적인 모습으로 떠나게 된다

이러한 현실 속에서
오랜 세월 기독교 장례문화를 새롭게 세우기 위해
헌신한 한 사람이 있다
그는 “천국 환송 예배”를 만들었고
지금도 부활의 소망을 알리기 위해 힘쓰고 있다
영화는 그 한 사람의 노력과 이야기를 담아낸다",7.5점,투 헤븐,예매율 0%,개봉일 2025.11.05,9
113위,https://img.megabox.co.kr/SharedImg/2025/10/22/pQd9dZfEq27cgiH8EAi5QsQCLm0D3lgq_420.jpg,리플레이,0,0,0,1,"스캔들로 퇴출 위기에 몰린 아이돌 가수 은채는
갑작스러운 아버지의 부고와 함께 빚더미인 태권도장을 유산으로 물려받게 된다.
부상으로 선수생활을 그만두고 태권도장 사범이 된 희찬은
저마다의 사연을 갖고 있는 취미반 수강생들과 전국대회 우승을 목표로 훈련에 매진한다.

태권도장을 처분하기 위해 고향에 온 은채에게
전 남친인 재벌 2세 수열이 거절할 수 없는 위험한 제안을 하는데…

은채와 희찬, 취미반 수강생들은 산 넘어 산인 고난의 현생을 날려버리고,
제2의 인생을 새로 쓸 수 있을까?",8점,리플레이,예매율 0%,개봉일 2025.11.06,32
114위,https://img.megabox.co.kr/SharedImg/2025/11/04/oG2m4xxeru03ogk9U9ROtOrDYPXUxI1l_420.jpg,꼬마돼지 베이브와 타피티,0,0,0,1,"너~무 다른 꼬마돼지 ‘베이브’와 미어캣 ‘타피티’의
진정한 친구를 찾는 사막 대모험!
혼자 있고 싶은 ‘타피티’와
가족을 만들고 싶은 ‘베이브’는
가족을 지키다가 독사에 물린
‘타피티’의 할아버지를 위한 해독제인
전설 속 파란 꽃을 찾으러 사막으로 떠난다.
종도 달라, 성격도 달라!
험난한 모험은 계속되는 가운데,
‘타피티’와 ‘베이브’는 한 순간도 조용하지 않고 티격태격 다툰다.
굶주린 거대 독수리가 둘을 쫓고 있다는 사실도 모른 채!
너무 다른 두 친구,
과연 무사히 이 모험을 끝낼 수 있을까?",8.9점,꼬마돼지 베이브와 타피티,예매율 0%,개봉일 2025.11.13,22
115위,https://img.megabox.co.kr/SharedImg/2025/10/27/DiMmNCBygHs5CelnSVR783wQEze8sea1_420.jpg,"청춘, 레디 액션",0,0,0,1,"영화 감독을 꿈꾸는 ‘수찬’
하지만 현실은 김제시 용지면에서 밭일을 하는 처지다.

지루한 하루하루를 보내던 ‘수찬’은
여느때와 다름없이 절친 ‘수동’과 술을 마시며 현실을 한탄하다가,
불현듯 지금이 아니면 안 될 것 같다는 생각을 한다.

딱, 한 번만! 더 늦기 전에, 한 번만!
꿈을 좇아 떠나보겠다고!

그렇게 시작된 시골 청년들의 좌충우돌 영화 제작 도전기가 시작되는데…
과연 이들은 영화를 무사히 완성할 수 있을까?

우린, 아직 젊으니까!
꿈을 찾는 청춘들의 뜨거운 도전이 시작된다!",0점,"청춘, 레디 액션",예매율 0%,개봉일 2025.11,6
116위,https://img.megabox.co.kr/SharedImg/2025/11/20/mU19hDaieCuYLpYsgup5imu3YsHKHwiC_420.jpg,[연속상영] <극장판 주술회전: 회옥 · 옥절> <극장판 주술회전: 시부야사변 X 사멸회유> ,0,0,0,1,,0점,[연속상영] <극장판 주술회전: 회옥 · 옥절> <극장판 주술회전: 시부야사변 X 사멸회유> ,예매율 0%,개봉일 2025.12.02,93
117위,https://img.megabox.co.kr/SharedImg/2025/11/17/NHoX4YJHpykWRkZeYOJTYW69JkUHlgtu_420.jpg,러브 인 베트남,0,0,0,1,"가수를 꿈꾸는 ‘마나브’는
부모님을 여읜 후, 후견인인 삼촌을 따라 베트남으로 가게 된다

꿈을 잠시 접어둔 채 살아가던 어느날,
한 갤러리의 걸려있는 여자의 자화상을 보고 사랑에 빠진다

우연은 인연이 되고, ‘마나브’는 자화상의 주인공 ‘린’을 만나 사랑에 빠지지만,
‘마나브’가 잠시 인도로 돌아간 사이 ‘린’은 흔적도 없이 사라진다

‘린’을 찾기 위한 8년의 방황…
어느 날, ‘마나브’는 너무나도 뜻밖의 장소에서
운명처럼 ‘린’을 다시 만나게 되는데…",0점,러브 인 베트남,예매율 0%,개봉일 2025.12.03,5
118위,https://img.megabox.co.kr/SharedImg/2025/11/05/OF0lnzLum9Tc0TMiq93ODdbxIWnUOTXb_420.jpg,비상계엄,0,0,0,1,"대한민국 현대사 70년은 비상계엄과 시민저항의 역사였다. 
1948년 첫 정부 수립 이후 2024년까지, 대한민국은 총 16번의 계엄령을 선포했다. 
그때마다 헌정은 흔들렸고, 국민의 자유는 억압되었으며, 권력은 군홧발 아래 놓였다. 
그러나, 그 어둠의 순간마다 시민들은 거리로 나섰다. 
맨손으로, 맨몸으로, 이름 없이 빛을 들었다.",0점,비상계엄,예매율 0%,개봉일 2025.12.03,29
119위,https://img.megabox.co.kr/SharedImg/asis/system/mop/poster/2019/8B/AD4DE6-D90F-42AA-8BA8-ECF6126CA247.large.jpg,행복한 라짜로,0,0,0,1,"목가적인 삶의 풍경과 우화적 플롯, 그리고 시간 여행을 통한 마술적 리얼리즘
시간이 멈춘 것 같은 아름다운 시골 마을 인비올라타. 라짜로는 이웃들과 함께 마을의 지주인 후작 부인의 담배 농장에서 일하는 순박한 청년이다. 요양을 위해 마을을 찾아온 후작 부인의 아들 탄크레디와 라짜로는 둘만의 우정을 쌓는다. 자유를 갈망하는 탄크레디는 자신의 납치극을 꾸며 마을을 벗어나려고 결심하고, 라짜로는 그런 그를 돕는다. 한편, 납치 신고로 마을을 찾아온 경찰에 의해 이웃들은 뿔뿔이 흩어지게 되고 라짜로는 홀로 남게 되는데...",9점,행복한 라짜로,예매율 0%,개봉일 2025.12.03,329
120위,https://img.megabox.co.kr/SharedImg/2025/11/10/faZVetmzVcDrzEV5Al7pcv6S30zMQmG3_420.jpg,허들,0,0,0,1,"그해 겨울, 내가 허들을 넘는 속도보다 
불행이 나를 넘어가는 속도가 빨랐다. 

허들 유망주 고등학생 선수 ‘서연’(최예빈)은 실업팀 입단을 꿈꾸며 
하나뿐인 가족인 아빠(김영재)의 응원 속에 훈련에 매진하고 있었다. 
그러던 어느 날, 걸려온 한 통의 전화. 
대형 트럭을 운전하는 아빠가 도로에서 뇌졸중으로 의식을 잃었다는 것. 
아빠의 유일한 보호자이지만, 미성년자라 병원비를 마련할 수 없는 서연은 
실업팀에 입단하면 갚겠다는 차용증을 쓰고 친척에게 돈을 빌린다. 
하지만 육상부 ‘박 감독’(이중옥)은 대회 1등인 서연이 아닌 
친구이자 라이벌 ‘민정’(권희송)이 실업팀에 입단하게 되었다고 말한다.
 벼랑 끝에 몰린 서연은 결국 돌이킬 수 없는 선택을 하고 마는데…",8.5점,허들,예매율 0%,개봉일 2025.12.03,20
121위,https://img.megabox.co.kr/SharedImg/2025/11/20/eALXgRIJznQqE1OvfyHdNMN7rK8k8iJW_420.jpg,국가초기화,0,0,0,1,"“국민 여러분, 잘 지내고 계십니까?”

1960년, 정권이 무너지고 헌법은 새로 쓰였다.
정치가 멈추자, 1961년 군이 움직였다.
혼란의 한가운데에서, 한 남자가 국가의 운명을 다시 그리기 시작했다.
모든 것을 지우고, 다시 쓴 시간.
‘국가초기화’가 시작되었다.",0점,국가초기화,예매율 0%,개봉일 2025.12.04,3
122위,https://img.megabox.co.kr/SharedImg/2025/11/05/kINQV71NxHGyXXEKbfGX6gUaOc4oncJ0_420.jpg,고당도,0,0,0,1,"뇌사 상태의 아버지를 돌보던 간호사 ‘선영’.
아버지의 임종이 임박했다는 소식에
사채업자에게 쫓겨 도망 다니던 남동생 ‘일회’의 가족이 나타난다.
일회의 아내 ‘효연’의 실수로
미리 작성해 놓았던 부고 문자가 발송되고,
조카 ‘동호’의 의대 등록금이 급한 가족들은
아주 조금! 일찍! 아버지의 장례식을 준비하게 된다.
답이 보이지 않는 불행 속, 이 가족에게
두 번 다시 오지 않을 기회가 찾아오는데…

국가가 허락한 가족 비즈니스
떫디떫은 가족의 일사불란 장례사기극 개봉박두!",0점,고당도,예매율 0%,개봉일 2025.12.10,20
123위,https://img.megabox.co.kr/SharedImg/2025/11/17/YwhlhzpiSQ4NWRQ1sOzZyaoFPuR6guWJ_420.jpg,다잉,0,0,0,1,"“음악을 연주하는 순간 속에 희망이 있어요”

가족이란 이름으로 묶였지만
오랫동안 가족일 수 없던 사람들.
죽음이 가까워지자, 그들은 다시 가족이 된다.

오케스트라 지휘자 톰은 ‘죽음(Dying)’이라는 교향곡을 준비한다.
곁에는 기억을 잃은 아버지,
병마에 지쳐가는 어머니,
사랑과 술에 빠져 방황하는 여동생,
죽음만을 꿈꾸는 작곡가 친구가 있다.

그는 하루하루 음악을 붙잡으며
삶과 죽음 사이에서 흔들리는 이들을 마주한다.
그리고 마침내, 교향곡 ‘죽음’을 지휘를 마무리하는 순간,
톰의 삶에도 작은 변화가 깃든다.",0점,다잉,예매율 0%,개봉일 2025.12.10,33
124위,https://img.megabox.co.kr/SharedImg/2025/11/21/E5O8aDrZAlpBNNcoi9eQT8QfPKWqJoq3_420.jpg,더 러닝 맨,0,0,0,1,"독점 기업 ‘네트워크’의 지배 하에 모든 것이 통제되는 미래 사회.
직장에서 해고된 ‘벤 리처즈’(글렌 파월)는 아픈 딸의 약값을 마련하기 위해
최고의 시청률을 자랑하는 리얼리티 쇼 ‘더 러닝 맨’에 참가한다.

30일간 끝까지 살아남으면 10억 달러의 상금이 주어지는 서바이벌 게임 ‘더 러닝 맨’.
하지만 잔혹한 전문 헌터들이 참가자를 쫓고 시청자들은 실시간 제보를 이어가며,
이 모든 과정은 전 세계에 생중계된다.

지금껏 그 누구도 성공하지 못한 게임에 목숨을 걸고 뛰어든 ‘벤 리처즈’는
단숨에 전 세계 시청자들의 주목을 받게 된다.
하지만, 프로그램이 계속될수록 그 이면에 감춰진 진실을 알게 된 ‘벤 리처즈’.
보란듯이 판을 뒤집고, 자신만의 방식으로 게임을 이끌어가기 시작한다.

전 세계가 노리는 단 하나의 사냥감
목숨 걸린 서바이벌, 생존은 쇼가 된다!",7.7점,더 러닝 맨,예매율 0%,개봉일 2025.12.10,181
125위,https://img.megabox.co.kr/SharedImg/2025/11/26/u9bZYf9HmWWGDyrV5uy574zIskdDd1H5_420.jpg,바늘을 든 소녀,0,0,0,1,"1919년 코펜하겐, 남편은 실종되고
카롤리네는 원치 않는 아이를 품게 된다.

모든 것이 무너져 내린 그 순간,
낯선 여인이 조용히 손을 내밀었다.
“아이가 태어나면, 저에게 오세요.”

그곳엔 포근한 침대와 따뜻한 음식,
그리고 다시 꿈꿀 수 있는 삶이 기다리는 듯했다.

하지만 희망에는 무거운 대가가 따르는 법.
들어선 문 너머엔, 아무도 말하지 않은 이야기가 있었다.",0점,바늘을 든 소녀,예매율 0%,개봉일 2025.12.10,41
126위,https://img.megabox.co.kr/SharedImg/2025/11/20/GPy1SZoDVRKmfj6LYZ0f3aYoEtxS3iKm_420.jpg,여행과 나날,0,0,0,1,"“이렇게 즐거웠던 건 오랜만이에요”

슬럼프에 빠진 각본가 ‘이’는
어쩌면 끝이라는 생각으로 말로부터 도망치듯
설국의 작은 마을로 떠난다

지도에도 없는 깊은 산 속 여관을 찾은 ‘이’는
수상할 만큼 무심한 주인 ‘벤조’와 머물게 되고
이윽고 폭설이 쏟아지는 밤,
어쩌다 ‘벤조’를 따라 나선 ‘이’에게 긴 꿈같은 이야기가 펼쳐진다

평범한 여행이 특별한 나날이 되는
<여행과 나날>",0점,여행과 나날,예매율 0%,개봉일 2025.12.10,64
127위,https://img.megabox.co.kr/SharedImg/2025/11/26/yQpv0sR3i0GwqWeKl0T5AVwpaYiiuw0q_420.jpg,홍어의 역습,0,0,0,1,"이주할 행성을 찾아 지구로 온 외계 홍어들!
하필이면 홍어 맛집 욕쟁이 할머니의 장독대에 갇힌다.

한편, 공연을 위해 찾아온 평범한(?) 밴드팀이
홍어와 마주치며 기상천외한 전쟁을 시작한다.

홍어 VS 밴드 팀!
지구에서 가장 냄새나는 대결,
故 김수미의 마지막 코미디가 온다!",0점,홍어의 역습,예매율 0%,개봉일 2025.12.10,7
128위,https://img.megabox.co.kr/SharedImg/2025/11/20/8NFfK7qpRp1c96TMTpQF5RWbLpMvwkAx_420.jpg,뽀로로 극장판 스위트캐슬 대모험,0,0,0,1,"""이번 크리스마스가 위험해!""

마녀 '버니'의 마법으로 인형이 되어버린 산타 할아버지!
올해의 크리스마스 디저트를 완성할 마법 재료 ‘산타의 토핑’이
디저트 왕국에 전해지지 못하면, 크리스마스는 사라지고 만다.

산타를 대신해 디저트 왕국으로 떠난 뽀로로와 친구들!
하지만 모험 속에서 '포비'와 '패티'마저 인형으로 변하고,
악당 ‘닥터 초콜레오’로 인해 왕국은 온통 초콜릿에 뒤덮이고 마는데...

과연 뽀로로와 친구들은 모두가 기다리는 크리스마스를 지켜낼 수 있을까?
올겨울, 상상보다 더 달콤하고 짜릿한 디저트 어드벤처가 펼쳐진다!",0점,뽀로로 극장판 스위트캐슬 대모험,예매율 0%,개봉일 2025.12.11,22
129위,https://img.megabox.co.kr/SharedImg/2025/11/24/CumwwGp3dexhFBTf8Wg6TN45lZuiy42u_420.jpg,아이돌리쉬 세븐 퍼스트 비트! 극장총집편 후편,0,0,0,1,"『아이돌리쉬 세븐』 은 여기에서 시작되었다!

타카나시 사무소에 모인 일곱 명의 소년들!
이즈미 이오리, 니카이도 야마토, 이즈미 미츠키, 요츠바 타마키,
오오사카 소고, 로쿠야 나기, 나나세 리쿠는
‘IDOLiSH7’이라는 그룹명으로 연예계에 첫발을 내디딘다.

아이돌로서 무한한 가능성을 안고
기숙사 생활과 함께 본격적인 활동을 시작하지만,
서로 다른 꿈과 목표의 차이는 곧 갈등과 균열을 불러온다.

그러나 열정과 음악으로 다시 하나 되어 울려 퍼진 그들의 첫 비트!

아이돌리쉬 세븐의 운명적인 시작을 스크린에서 확인하라!",0점,아이돌리쉬 세븐 퍼스트 비트! 극장총집편 후편,예매율 0%,개봉일 2025.12.12,21
130위,https://img.megabox.co.kr/SharedImg/2025/11/25/id1qDPWaGEjhc8x2NxUklTKYyG17Zk7V_420.jpg,고백하지마,0,0,0,1,"장편 영화 ‘하나, 둘, 셋, 러브’의 촬영이 끝나고 뒤풀이 다음 날,
주연배우 충길은 같이 연기 한 배우 현경에게 자연스럽게 고백한다.
현경은 그런 충길의 고백이 불편하다.
어색한 두 사람의 관계 속에 의외의 사건이 벌어지고...
3개월 뒤, 현경과 충길은 각자 다른 이유로 부산을 찾게 되고, 우연히 만나게 된다.
충길에게 또 한 번 고백의 기회가 생겼다.",0점,고백하지마,예매율 0%,개봉일 2025.12.17,10
131위,https://img.megabox.co.kr/SharedImg/2025/11/13/YPTEripIjtCqbBNhijZYDxM6yzU126pn_420.jpg,망내인: 얼굴 없는 살인자들,0,0,0,1,"“나는 살인자일까?” 

성추행 사건의 피해자였던 고등학생 ‘지은'. 
왜곡된 글과 악성 댓글은 그녀를 하루아침에 가해자로 몰아넣고 
결국 극단적 선택으로 이어진다. 

남겨진 언니 '소은'은 인터넷상의 루머와 괴롭힘이 
동생을 죽음으로 몰았다고 확신하며 이를 추적하기 위해 
괴짜 탐정 '준경'에게 사건을 의뢰한다. 

네트워크 속 거짓말과 익명의 계정을 쫓는 추적은 
곧 단순한 루머를 넘어선 거대한 진실을 마주하게 되는데..",0점,망내인: 얼굴 없는 살인자들,예매율 0%,개봉일 2025.12.17,13
132위,https://img.megabox.co.kr/SharedImg/2025/11/24/XWNcwsPyjtVmFZZWP55lY1I5WKqEllTt_420.jpg,사운드 오브 폴링,0,0,0,1,"같은 집에서 각기 다른 시대를 살아가는 네 명의 소녀
‘알마’, ‘에리카’, ‘앙겔리카’, 그리고 ‘렌카’.

말할 수 없었던 상처를 안고 있던 이들의 삶은
100년의 세월을 초월해 하나의 기억으로 연결되고,
어두운 그림자 아래 침묵을 지키던 목소리가 깨어나기 시작한다.",0점,사운드 오브 폴링,예매율 0%,개봉일 2025.12.17,67
133위,https://img.megabox.co.kr/SharedImg/2025/11/14/RupCcJ65IrfUzVhdtuijMecETt74b8qB_420.jpg,아바타: 불과 재,0,0,0,1,"월드 와이드 흥행 불멸의 1위 <아바타> 시리즈의 세 번째 이야기!
판도라를 위협하는 재의 부족, 더 이상 인간만이 적이 아니다!
12월, 모두의 운명을 뒤흔들 거대한 전투가 시작된다!

인간들과의 전쟁으로 첫째 아들 ‘네테이얌’을 잃은 후,
‘제이크’와 ‘네이티리’는 깊은 슬픔에 빠진다.

상실에 빠진 이들 앞에 '바랑'이 이끄는 재의 부족이 등장하면서,
판도라는 더욱 큰 위험에 빠지게 되고, ‘설리’ 가족은 선택의 기로에 서게 되는데…

역대급 스케일과 액션, 오직 <아바타>만이 선사할
압도적 시네마틱 경험을 반드시 극장에서 확인하라!",0점,아바타: 불과 재,예매율 0%,개봉일 2025.12.17,505
134위,https://img.megabox.co.kr/SharedImg/2025/11/14/EHFxPwRvQm8wIOdQGGsK2sd4lLXgYI3a_420.jpg,"파리, 밤의 여행자들",0,0,0,1,"이혼 후 두 자녀와 함께
파리에서의 새 출발을
꿈꾸는 ‘엘리자베트’

즐겨 듣던 심야 라디오의
전화 교환원으로 일하게 된 그는
사연을 통해 만난 소녀 ‘탈룰라’를
집으로 초대한다

자유로운 영혼의 ‘탈룰라’는
가족에게 새로운 바람을 불러오고
아들 ‘마티아스’와는
묘한 감정을 나누며 가까워진다

서로의 온기를 채워가던 어느 날,
‘탈룰라’는 아무런 말도 없이 사라지는데…",0점,"파리, 밤의 여행자들",예매율 0%,개봉일 2025.12.17,33
135위,https://img.megabox.co.kr/SharedImg/2025/11/21/F9e5Cp9DXT2YHis00dM3OD8DNgsBMtih_420.jpg,극장판 짱구는 못말려: 초화려! 작열하는 떡잎마을 댄서즈,0,0,0,1,"떡잎마을 어린이 엔터 페스티벌에서 우승한 떡잎마을 방범대 짱구, 맹구, 철수, 유리, 훈이는
우승 상품으로 인도 엔터 페스티벌 무대에 초청받아, 여행을 만끽한다.
짱구와 맹구는 수상한 잡화점에서 코 모양처럼 생긴 배낭을 발견하고,
맹구는 배낭의 콧구멍에 꽂혀 있는 휴지(?)를 홀린 듯이 자신의 코에 꽂아버린다.
그 순간, 알 수 없는 힘이 맹구에게서 뿜어져 나오는데…!

겉보기에는 평범한 휴지 같은 이 종이의 비밀은 바로,
종이를 코에 꽂는 사람에게 욕망을 불러일으켜 무자비하고 제멋대로인 폭군으로 만들어 버리는 것.

“나에 대해 다 아는 척하지 마”
순둥이 맹구, 흑화해서 폭군으로 대변신! 폭주를 시작한다!",0점,극장판 짱구는 못말려: 초화려! 작열하는 떡잎마을 댄서즈,예매율 0%,개봉일 2025.12.24,203
136위,https://img.megabox.co.kr/SharedImg/2025/11/17/8h9wcpduCUfQSzSLV459VJJDyvkYydHB_420.jpg,슈퍼 해피 포에버,0,0,0,1,"“저도 사노예요, 사노 나기”
5년 전, 아내 나기와 사랑에 빠졌던 휴양지를 다시 찾은 사노
아내가 잃어버린 빨간 모자를 찾아 헤매지만,
이미 너무 많은 시간이 흘러버렸다

모든 걸 포기하고 돌아가려던 순간,
누군가 바비 다린의 ‘Beyond the Sea’를 흥얼거리자
영원하길 바랐던 그 여름이 다시 피어나기 시작한다",0점,슈퍼 해피 포에버,예매율 0%,개봉일 2025.12.24,33
137위,https://img.megabox.co.kr/SharedImg/2025/11/27/FNqdjFxA1XeAxKw2oO0lvZVBq0O5djKd_420.jpg,이사벨라 두크로트 언리미티드,0,0,0,1,"이사벨라 두크로트가 55세의 나이에 시각예술가가 되기로 결심했을 때, 지금 94세인 그녀 자신조차도 자신이 현재 세계적인 갤러리들의 구애를 받고 있는 예술가가 되리라고는 상상조차 못했을 것이다.
이 다큐멘터리는 예술가로서의 그녀의 성공과 개인적인 삶을 지켜보고 카메라에 담고 있으며 독학으로 예술을 득하고 아웃사이더임에도 불구하고 정상에 오른 한 예술가의 초상 그 이상이다.
20세기를 온전히 관통한 후 <진정 행복한 삶은 예순부터 시작된다!>고 밝히며 여전히 우리와 동시대를 살고 있는 한 여성의 삶을 깊이 살펴보는 작품이기도 하다. 우리는 그녀의 말과 행동에 경탄할 수 밖에 없으며 그녀의 말을 믿을 수 밖에 없다.

2024 베네스국제영화제 공식 상영작",0점,이사벨라 두크로트 언리미티드,예매율 0%,개봉일 2025.12.24,1
138위,https://img.megabox.co.kr/SharedImg/2025/11/24/fNCb6KUQtuVqy37SyiQBO0LzUqrV1JYt_420.jpg,대한민국은 국민이 합니다,0,0,0,1,,0점,대한민국은 국민이 합니다,예매율 0%,개봉일 2025.12,20
139위,https://img.megabox.co.kr/SharedImg/2025/11/26/77JqYZuehnyS83fg7QTm1xL16LT7ZwRA_420.jpg,마이 선샤인,0,0,0,1,"홋카이도 작은 시골 마을의 아이스링크.
아이스하키에 집중하지 못하는 소년 ‘타쿠야’는
빙판 위에서 춤추는 소녀 ‘사쿠라’의 스케이팅에 시선을 빼앗긴다.
혼자 어설프게 동작을 따라 해보던 그에게 뜻밖의 기회가 찾아오는데…
“아이스 댄스를 해보자”
첫눈과 함께 처음으로 잘하고 싶은 게 생겼다!",0점,마이 선샤인,예매율 0%,개봉일 2025.12.31,24
140위,https://img.megabox.co.kr/SharedImg/2025/11/18/cxEBRYK1N1HGnW1ayHEbfoXjdF3uZApp_420.jpg,만약에 우리,0,0,0,1,"“그때, 우리 왜 헤어졌지?”

고향 가는 고속버스에 올라탄 은호(구교환)와
휴학 후 어디론가 떠날 결심을 한 정원(문가영),
나란히 앉게 된 두 사람은 뜻밖의 인연을 맺는다.

서로의 꿈을 응원하며 의지하던 두 사람은
어느새 일상 깊숙이 스며들어 연인으로 발전한다.

웃고, 싸우고, 화해하며 세상을 다 가진 듯 뜨겁게 사랑하지만,
현실의 벽 앞에 두 사람은 결국 다른 길을 선택하게 된다.

그렇게 10년이 지난 후, 다시 마주한 순간
은호는 정원에게 오랫동안 묻어두었던 한마디를 꺼낸다.

“만약에 우리...”",0점,만약에 우리,예매율 0%,개봉일 2025.12.31,40
141위,https://img.megabox.co.kr/SharedImg/2025/11/25/v344HrDrKIU3iFAbZWMwLssegzKFKdZ7_420.jpg,신의악단,0,0,0,1,"대북제재로 돈줄이 막힌 북한.
국제사회의 2억 달러 지원을 얻기 위한 마지막 방법은 단 하나!
보위부는 당의 명령을 받고, 북한 최초의 가짜 찬양단을 만드는 임무를 맡는다.",0점,신의악단,예매율 0%,개봉일 2025.12.31,21
142위,https://img.megabox.co.kr/SharedImg/2025/11/18/rwx6GZnCpeEN7Hl6FdawHgIF1yAr33D4_420.jpg,용서를 위한 여행,0,0,0,1,"서로 사랑하라. 
가장 가깝고도 가장 먼 나라, 미움과 증오, 그리고 애증의 감정이 교차하는 그 땅에도 
오늘도 1,500여 명의 한국 선교사들이 땀과 눈물로 섬기고 있다.

우리보다 개신교 역사는 30년 먼저 시작되었지만,
천황제와 신사 문화 속 우상숭배에 눌려 
복음화율 0.4%에 머물러 있는 나라.

그 어둠 속 1억 3천만 영혼에게 
빛을 전하고자 하는 마음으로,
12명의 라이더가 34일 동안 2,300km를 자전거로 달린다.

상처의 역사를 지나, 
미움을 넘어 사랑으로 나아가기 위한 여정 
그 길의 끝에서 우리는 무엇을 보게 될까.",0점,용서를 위한 여행,예매율 0%,개봉일 2025.12,1
143위,https://img.megabox.co.kr/SharedImg/2025/11/07/uPf8T7s9E7NL0rC0PMF5NUAAYSUMUU99_420.jpg,잊혀진 대통령: 김영삼의 개혁시대,0,0,0,1,,0점,잊혀진 대통령: 김영삼의 개혁시대,예매율 0%,개봉일 2025.12,5
144위,https://img.megabox.co.kr/SharedImg/2025/10/31/zMQCtLtO2ZxkZ1GsrgzVa0YvKzHNN93H_420.jpg,척의 일생,0,0,0,1,"인터넷은 끊기고, 도로 곳곳은 구멍이 뚫려 마비된 세상.
마치 지구의 마지막 날이 다가오는 것만 같은 나날들의 연속이다.

교사 '마티'는 온 세상이 언제 어둠에 갇혀도 이상할리 없는 지금,
이혼했지만 사랑이 남은 ‘펠리샤’를 만나기 위해 길을 나선다.

그런데 이 절박한 시간에도 거리에서, TV에서, 라디오에서 끊임없이 나오는 누군가를 위한 광고.

""39년 동안의 근사했던 시간, 고마웠어요 척!""

하지만 주변의 그 누구도 알거나 본 적이 없다는 이 '척'이라는 남자는 마티에게 커다란 궁금증을 남긴다.

그는 누구일까?
세상은 정말 사라져만 가는 것일까?",0점,척의 일생,예매율 0%,개봉일 2025.12,48
145위,https://img.megabox.co.kr/SharedImg/2025/11/20/I1FeIimWl3sgpQ3miyQjb4gLpvgl9R6J_420.jpg,프리즘 오브 그레이 락,0,0,0,1,"‘돌처럼 굳어 있던 마음, 그 틈에 스며든 빛을 마주할 용기를 향해서’

이혼 후 딸과 떨어져 지내는 학교 상담교사 ‘도아’.
그녀는 상처받지 않기 위해 감정을 닫고, 무감각한 회색 바위처럼 스스로를 지켜왔다.
하지만 그 단단한 껍질 안에는 어린 시절의 깊은 트라우마가 숨쉬고 있다.

표현예술치료를 통해 자신을 ‘회색 바위’라 말하는 도아는
오랫동안 외면해온 내면의 상처와 마주하기 시작하는데,,,",0점,프리즘 오브 그레이 락,예매율 0%,개봉일 2025.12,3
146위,https://img.megabox.co.kr/SharedImg/2025/11/17/ikV8kqThVai8G897Sk7mnO4LDV9YI1Yj_420.jpg,하나 그리고 둘,0,0,0,1,"타이베이를 살아가는 한 가족의 이야기이자,
삶의 가장 중요한 지점을 지나고 있는 당신의 이야기.

궁금한 것이 많은 양양은 아빠 NJ에게 카메라를 선물 받는다.
할머니의 사고에 대한 죄책감과 동시에 친구의 남자친구를 사랑하기 시작한 누나 팅팅.
할머니가 쓰러지고 가정과 일에 치여 삶에 무력감을 느끼는 엄마 민민.
그리고 사업과 가족의 위기 속에 30년 전 첫사랑을 다시 만나게 된 아빠 NJ.

보이는 것을 좇아 사진을 찍던 양양은 사람들의 뒷모습을 촬영하기 시작한다",0점,하나 그리고 둘,예매율 0%,개봉일 2025.12.31,44
147위,https://img.megabox.co.kr/SharedImg/2025/11/25/QEEnc86gcQ06S9JLSIquCLvVorbxxwrq_420.jpg,화양연화 특별판,0,0,0,1,"25년 마지막을 장식할 25주년 기념
완벽한 화양연화를 만나다

1962년, 같은 날 같은 아파트로 이사 온 ‘첸 부인’과 ‘차우’.
이사 첫날부터 자주 마주치던 두 사람은
‘차우’의 넥타이와 ‘첸 부인’의 가방이
각자 배우자의 것과 똑같음을 깨닫고 그들의 관계를 눈치챈다.

그 관계의 시작이 궁금해진 두 사람은
비밀스러운 만남을 이어가다, 점점 빠져들고 만다.
안타까운 마음에도 불구하고 사랑하지 않겠다는 약속을 지키기 위해
그들은 결국 이별을 선택하게 된다.

그리고 2001년, 다른 모습으로 재회하게 된 두 사람은
다시 한번 서로를 마주보게 된다.",0점,화양연화 특별판,예매율 0%,개봉일 2025.12.31,122
148위,https://img.megabox.co.kr/SharedImg/2025/11/17/e751A2PMhJlCTr5uekUIoZ9AJlF5twq6_420.jpg,스폰지밥 무비: 네모바지를 찾아서,0,0,0,1,"비키니시티에 사는 스폰지밥은 무시무시한 롤러코스터를 탈 수 있는 용감한 ‘빅 가이’가 꿈이다.

그러던 어느 날, 미지의 세계 ‘언더월드’에 사는 유령선장을 만나 ‘용감무쌍짱 증명서’를 받으면
진정한 ‘빅 가이’가 될 수 있다는 말을 들은 스폰지밥은 절친 뚱이와 함께 해적선을 찾아 위험천만한 모험을 떠난다.

그 사실을 안 집게사장과 징징이, 핑핑이는 스폰지밥을 구하기 위해 따라나서는데…",0점,스폰지밥 무비: 네모바지를 찾아서,예매율 0%,개봉일 2026.01.01,185
149위,https://img.megabox.co.kr/SharedImg/2025/11/20/QrLgK75zTzO9bZehTlQLDRViW115sr1i_420.jpg,톰과 제리: 황금나침반 대소동,0,0,0,1,"세기의 콤비 톰과 제리, 최초 3D 탄생!
마법의 나침반을 깨운 톰과 제리의 차원이동이 시작된다!

박물관 경비원으로 일하는 톰은 몰래 들어온 제리를 쫓다
우연히 마법의 황금나침반을 깨우게 되고, 신비로운 빛에 휩싸여 동양의 한 고대도시에 불시착한다
뜻밖의 차원이동을 하게 된 톰과 제리는
300년 동안 고대도시를 지켜온 봉황사부와 그의 친구들을 만나 기상천외한 모험을 시작하는데…!

황금나침반을 이용해 천계로 돌아가야 하는 봉황사부와
톰과 제리의 시공을 초월한 모험이 펼쳐진다!",0점,톰과 제리: 황금나침반 대소동,예매율 0%,개봉일 2026.01.01,79
150위,https://img.megabox.co.kr/SharedImg/2025/11/12/ShuWZyCXgL7z3qcO6BYWDfHCG8dtcCA1_420.jpg,피렌체,0,0,0,1,"마음을 두드리는 여행의 시작

권고사직과 무기력에 시달리며 삶의 방향을 잃은 석인은 젊은 시절 자신의 열정이 숨쉬던 이탈리아 피렌체로 떠난다. 그곳에서 오랜 인연의 유정과 재회하고, 과거 자신이 버리고 떠난 기억과 감정을 마주한다. 도시의 빛과 그림자 속에서 피렌체의 시간은 다시 삶을 살아 볼 수 있게 하는, 작은 용기를 조용히 건넨다.",0점,피렌체,예매율 0%,개봉일 2026.01.07,41
151위,https://img.megabox.co.kr/SharedImg/2025/11/25/7CyMvCJxeDK45e0YYHAY7JlenQKrRtis_420.jpg,튜즈데이,0,0,0,1,"불치병으로 죽음이 다가오는 것을 직감한 10대 소녀 ‘튜즈데이’.
사랑하는 딸과 헤어질 준비를 하지 못한 채 현실을 부정하며 살아가는 엄마 ‘조라’.
어느 날, ‘튜즈데이’ 앞에 모든 죽어가는 존재의
마지막 순간을 배웅하는 앵무새 ‘죽음’이 나타나지만,
엄마 ‘조라’의 강력한 거부로 예상치 못한 일이 벌어지는데…

A24 X BBC FILM이 선사하는 독특한 휴먼 감동 판타지",0점,튜즈데이,예매율 0%,개봉일 2026.01.14,5
152위,https://img.megabox.co.kr/SharedImg/2025/11/10/oloWUUYy9rbJwRkUthMqO5JdOejmIC5U_420.jpg,1026: 새로운 세상을 위한,0,0,0,1,"이 영화는 10.26 당시의 언론 보도와 전두환 합동수사본부의 거짓 발표 장면으로 시작해 박정희와 김재규의 성장 배경 등을 비교해보고, 두 사람이 얽힌 33년간의 인연을 추적해간다. 

1969년 김재규가 보안사령관 시절 국회의원 장준하와 처음 만나 나누는 이야기를 통해 김재규와 박정희가 처음 만났던 조선경비대 시절부터, 

이승만 정부 계엄 아래의 비극들, 6.25 및 5.16 당시의 두 사람 이력 등을 역사적 팩트와 더불어 교차 순행시킨다. 

이후 김재규는 박정희가 대통령을 한 번만 더하고 물러나겠다는 약속을 믿고 그를 계속 보좌하지만, 1972년 박정희의 10월 유신과 종신 집권 야욕을 알게 되자 큰 배신감을 느끼며 분개한다. 

그럼에도 박정희와 인연을 끊을 수 없던 김재규는 중정차장, 건설부 장관 등을 역임하면서 육영수, 장준하의 죽음, 긴급조치 9호까지 치닫는 정국 악화에 안타까워한다. 

그러다 1979년 김영삼 총재 당선부터 김영삼 제명, 부마 민주항쟁까지 이르는 극도의 정치적 혼란 상황 속에서 시민들에게 발포 명령까지 내리겠다는 박정희를 보고 몸서리를 치는데....",0점,1026: 새로운 세상을 위한,예매율 0%,개봉일 2026.01,3
153위,https://img.megabox.co.kr/SharedImg/2025/11/20/DFo8BpIXpSnt9Fen7epbxIGR4iXbnYoP_420.jpg,리틀 아멜리,0,0,0,1,"일본의 작은 산마을에서
태어난 소녀 ‘아멜리’

스스로를 세상의 중심이라 여기는
‘아멜리’는 유모 ‘니시오’와 함께
사계절을 보내며 새로운 세계를 만난다

‘니시오’와의 행복한 우정을 나누던
‘아멜리’는 세 번째 생일날
예기치 못한 변화를 마주하는데…

자신을 ‘신’이라 믿는
엉뚱 발랄 세 살 소녀의
오색찬란 성장 판타지!",0점,리틀 아멜리,예매율 0%,개봉일 2026.01,17
154위,https://img.megabox.co.kr/SharedImg/2025/11/26/6tAiMzbHCFRIda2pnPZxeJh7lzX2AaIB_420.jpg,부흥,0,0,0,1,"세계대전을 뒤집는 탱크전 실화.

부흥은 하나님이 생명을 살리시는 방법이며, 기독교 신앙은 곧 부흥의 역사이다.
한반도의 1903년 원산과 1907년 평양, 미국 LA 아주사 거리, 영국 웨일즈 탄광, 인도 국경의 카시랜드와 펀잡에서
120년 전, 20세기를 뒤흔든 세계적 부흥은 그렇게 시작되었다.

영화 〈부흥〉은 이 역사의 흐름을 따라 2년 7개월 동안 5개 대륙 70개 도시를 기록한 초대형 다큐멘터리다.
카메라는 과거의 부흥을 넘어서 21세기 지금 이 순간 벌어지고 있는 살아 있는 부흥의 현장을 직접 포착한다.
네팔의 산지에서, 북한의 지하교회에서, 브라질의 거리에서, 인도 델리의 시장 한복판에서…
예수 그리스도는 지금도 살아계시고, 부흥은 멈추지 않았다.

그리고 하나님은 오늘도 한 사람을 찾고 계신다.
ONE SOUL. 부흥을 일으킬 단 한 사람. 바로 당신이다.",0점,부흥,예매율 0%,개봉일 2026.01,1
155위,https://img.megabox.co.kr/SharedImg/2025/11/18/KZt09dcotLHaM0Nocg76j1RQ0WBiiyEB_420.jpg,시라트,0,0,0,1,"광활한 사막 한가운데에서 펼쳐지는 레이브 파티
그곳에서 루이스는 아들 에스테반과 함께 실종된 딸을 찾아 헤맨다
하지만 곧 그 길은 신의 심판대로 이어지는데...

전례 없는 충격의 논쟁작
이 영화를 감당할 수 있는가",0점,시라트,예매율 0%,개봉일 2026.01,24
156위,https://img.megabox.co.kr/SharedImg/2025/10/27/DTiGJQmWOSwtdi219VWYz5WdY4AxjQWD_420.jpg,프라이메이트,0,0,0,1,,0점,프라이메이트,예매율 0%,개봉일 2026.01,24
157위,https://img.megabox.co.kr/SharedImg/2025/09/17/KS1VpU37hV92MiYyT4T9U24ydRAR26eY_420.jpg,폭풍의 언덕,0,0,0,1,,0점,폭풍의 언덕,예매율 0%,개봉일 2026.02.13,246
158위,https://img.megabox.co.kr/SharedImg/2025/11/13/3MY1ZQGR8ScCUD8ghQtdazZ4zaV536Sh_420.jpg,"초혼, 우리들의 노래",0,0,0,1,"다시, 뜨겁게
초혼, 우리들의 노래
1992년, 대학 민중가요 노래패 '들꽃소리’ 동아리 부원인 민영은 사상연구동아리 ‘깃발’과 연합해
6개월째 임금을 받지 못한 삼형공업 노동자들의 생존권이 걸린 파업 시위에 동참하게 된다.

파업 당일, 급습한 경찰들의 폭력 진압으로 노동자들과 노래패 동아리 부원들이 크게 다치고 끌려간다.
학우들을 구출하러 온 학생들이 대오를 결성해 저지선을 뚫고,
급기야 이 과정이 뉴스에 중계되어 몰려든 시민들과 경찰들이 대치한 대충돌의 상황!
무언가에 이끌린 듯 무대 위로 올라간 민영이 소리친다.

""우리는 폭도가 아니에요""
마침내, 하나되어 외치는 뜨거운 함성이 온 세상에 울려 퍼진다.

산 자여 따르라, 그날은 온다!",0점,"초혼, 우리들의 노래",예매율 0%,개봉일 2026.02,2
159위,https://img.megabox.co.kr/SharedImg/2025/11/11/Tu5oaNP4TnJYnMTVimNeuHySdHRg3mJo_420.jpg,내 곁에 온 걸 환영해,0,0,0,1,"실연 후 당한 불의의 사고로 매일 노란 오리가 보이는 
환영에 시달리는 평범한 마케터 ‘천샤오저우‘.

머리부터 발끝까지 세상 완벽한 외모로
많은 사랑을 받고 있는 인기 미식 크리에이터 ‘펑자난‘.

촬영장에서 우연히 부딪친 
두 사람의 첫 만남은 엉망진창이었지만,
점차 서로의 세상에 다가가면서
말할 수 없는 감정을 느끼기 시작하는데…

‘예측 불가, 설렘 가득’ 컬러 로맨스가 시작된다!",0점,내 곁에 온 걸 환영해,예매율 0%,개봉일 2026.03,21
160위,/static/pc/images/common/bg/bg-noimage-notmain.png,슈퍼 마리오 갤럭시,0,0,0,1,뉴욕의 평범한 배관공에서 ‘슈퍼 마리오’로 레벨업한 ‘마리오’와 그의 동생 ‘루이지’가 더욱 거대해진 미션을 해결하기 위해 우주를 비롯한 다채로운 세계로 떠나는 어드벤처,0점,슈퍼 마리오 갤럭시,예매율 0%,개봉일 2026.04.29,84
161위,https://img.megabox.co.kr/SharedImg/2025/11/17/wWhHUKLJEe6GY1D0E3uQ4M9EF1soAxWY_420.jpg,마이클,0,0,0,1,,0점,마이클,예매율 0%,개봉일 2026.05.13,93
